label,t_ms,ax,ay,az
dysfunction,5650075,0.003540,0.008789,1.004028
dysfunction,5650095,0.000122,0.010376,1.000854
dysfunction,5650115,-0.004517,0.014526,1.004517
dysfunction,5650135,-0.001587,0.014160,1.001221
dysfunction,5650155,0.000122,0.013306,1.002075
dysfunction,5650175,0.000732,0.011108,1.000977
dysfunction,5650195,-0.000122,0.012451,1.002319
dysfunction,5650215,-0.001831,0.014038,1.001831
dysfunction,5650235,-0.000244,0.013062,1.001709
dysfunction,5650255,0.001587,0.011841,1.001221
dysfunction,5650275,0.000488,0.010742,1.001953
dysfunction,5650295,-0.000732,0.012817,1.002441
dysfunction,5650315,-0.000977,0.013550,1.002808
dysfunction,5650335,-0.000488,0.012939,1.003052
dysfunction,5650355,0.000854,0.011597,1.000488
dysfunction,5650375,0.000610,0.011841,1.001221
dysfunction,5650395,0.001099,0.015747,1.000610
dysfunction,5650415,-0.002441,0.015747,1.002686
dysfunction,5650435,-0.002197,0.012085,1.002808
dysfunction,5650455,0.000244,0.010620,1.001099
dysfunction,5650475,0.001343,0.012817,1.001465
dysfunction,5650495,-0.000366,0.014038,1.000977
dysfunction,5650515,-0.001587,0.016846,1.001831
dysfunction,5650535,-0.008301,0.010132,0.985352
dysfunction,5650555,0.004272,-0.048096,1.377441
dysfunction,5650575,0.088501,0.021484,1.024170
dysfunction,5650595,0.006226,0.017334,0.810913
dysfunction,5650615,-0.096924,-0.036621,0.853638
dysfunction,5650635,0.012451,0.065674,1.054077
dysfunction,5650655,0.017944,0.066895,1.017212
dysfunction,5650675,0.093872,0.019897,1.140747
dysfunction,5650695,-0.100830,-0.069458,0.918091
dysfunction,5650715,-0.079102,-0.064941,0.922607
dysfunction,5650735,0.137207,0.137329,0.684570
dysfunction,5650755,-0.050293,0.113403,0.732422
dysfunction,5650775,-0.115112,-0.025879,1.270752
dysfunction,5650795,-0.023560,0.021240,1.261475
dysfunction,5650815,0.022339,-0.049561,1.034912
dysfunction,5650835,0.018921,-0.043701,1.038330
dysfunction,5650855,-0.070923,0.043335,0.811646
dysfunction,5650875,0.081055,0.058960,1.138794
dysfunction,5650895,0.073975,0.063232,1.101563
dysfunction,5650915,0.014648,-0.036011,1.088623
dysfunction,5650935,-0.157227,-0.125732,0.539429
dysfunction,5650955,-0.185547,-0.370728,0.749756
dysfunction,5650975,-0.144531,-0.047363,1.267944
dysfunction,5650995,0.017944,0.006104,0.976685
dysfunction,5651015,-0.058472,0.026245,0.950195
dysfunction,5651035,-0.023437,0.012939,0.992432
dysfunction,5651055,-0.005737,0.003784,1.074097
dysfunction,5651075,0.014282,0.051147,1.035034
dysfunction,5651095,0.047974,-0.024170,1.058105
dysfunction,5651115,0.018921,-0.027832,1.085815
dysfunction,5651135,-0.167236,-0.017456,0.589111
dysfunction,5651155,-0.018188,0.143677,0.390503
dysfunction,5651175,-0.097168,0.034180,1.299438
dysfunction,5651195,0.080566,-0.002563,1.117798
dysfunction,5651215,0.127197,0.052246,1.060181
dysfunction,5651235,-0.107422,-0.039185,0.892822
dysfunction,5651255,-0.101563,-0.050293,0.901245
dysfunction,5651275,0.019653,0.082031,0.970337
dysfunction,5651295,0.003906,0.078247,0.956055
dysfunction,5651315,0.085205,0.025024,1.151245
dysfunction,5651335,-0.145386,0.107544,2.025146
dysfunction,5651355,0.017578,0.130249,0.721558
dysfunction,5651375,-0.168579,-0.038818,1.188721
dysfunction,5651395,-0.055420,0.041016,1.031372
dysfunction,5651415,0.149292,0.104370,1.091431
dysfunction,5651435,0.084961,0.067261,1.069946
dysfunction,5651455,-0.037231,-0.053955,1.003906
dysfunction,5651475,-0.031738,-0.068604,1.062256
dysfunction,5651495,-0.067871,0.015015,0.872925
dysfunction,5651515,0.174072,0.160278,1.404053
dysfunction,5651535,0.145386,0.245728,0.708740
dysfunction,5651555,-0.077271,-0.044922,1.430542
dysfunction,5651575,0.002930,-0.004272,1.156128
dysfunction,5651595,0.071655,0.039917,0.890625
dysfunction,5651615,0.023315,0.016846,0.936646
dysfunction,5651635,-0.019775,0.029175,0.986450
dysfunction,5651655,-0.026245,0.012207,1.047241
dysfunction,5651675,0.002563,0.006348,1.035278
dysfunction,5651695,0.006226,0.001099,1.032593
dysfunction,5651715,0.374634,0.304443,1.178101
dysfunction,5651735,0.170776,0.180420,0.509155
dysfunction,5651755,-0.049438,0.022461,0.888306
dysfunction,5651775,0.045898,0.005737,1.106567
dysfunction,5651795,0.008789,-0.005493,1.099243
dysfunction,5651815,-0.016602,0.001099,0.969238
dysfunction,5651835,0.000366,0.019531,0.946655
dysfunction,5651855,-0.020508,0.009644,1.065918
dysfunction,5651875,0.007813,0.014282,1.007690
dysfunction,5651895,0.022095,0.010498,1.000610
dysfunction,5651915,-0.064575,-0.005493,0.732300
dysfunction,5651935,0.090942,0.192017,0.628784
dysfunction,5651955,-0.114136,-0.018188,1.354736
dysfunction,5651975,0.016724,-0.014771,1.164551
dysfunction,5651995,0.066895,0.047485,0.869263
dysfunction,5652015,0.014404,0.028931,0.942505
dysfunction,5652035,-0.033081,0.020142,0.998291
dysfunction,5652055,0.008789,0.008911,1.057617
dysfunction,5652075,0.003174,0.001465,1.031738
dysfunction,5652095,0.007324,0.016602,0.970703
dysfunction,5652115,0.003296,0.021729,0.970947
dysfunction,5652135,-0.016113,0.012939,1.013794
dysfunction,5652155,0.016357,-0.154053,0.942017
dysfunction,5652175,0.075928,0.037842,0.999634
dysfunction,5652195,0.027954,0.001831,0.969482
dysfunction,5652215,-0.053467,0.033325,0.921387
dysfunction,5652235,-0.013916,-0.001465,1.106567
dysfunction,5652255,-0.009888,-0.003418,1.073486
dysfunction,5652275,0.004639,0.014404,0.963745
dysfunction,5652295,0.017456,0.017944,0.944946
dysfunction,5652315,-0.002319,0.019531,1.002808
dysfunction,5652335,-0.010010,0.014160,1.017090
dysfunction,5652355,-0.095459,-0.008301,0.592529
dysfunction,5652375,0.042480,0.169922,0.695435
dysfunction,5652395,-0.167114,-0.069580,1.342163
dysfunction,5652415,0.026489,0.005615,0.984741
dysfunction,5652435,0.067627,0.030762,0.928345
dysfunction,5652455,-0.021729,0.015503,0.981079
dysfunction,5652475,-0.017212,0.025757,0.965942
dysfunction,5652495,0.007324,0.008423,1.037354
dysfunction,5652515,-0.001709,-0.000366,1.031372
dysfunction,5652535,0.007324,0.012085,0.983887
dysfunction,5652555,0.004639,0.018799,0.979492
dysfunction,5652575,0.251343,0.178833,1.204224
dysfunction,5652595,0.087524,0.169312,0.626953
dysfunction,5652615,-0.026855,0.032104,0.873291
dysfunction,5652635,0.021729,-0.003906,1.152222
dysfunction,5652655,0.003296,-0.001831,1.098755
dysfunction,5652675,0.004272,0.016968,0.945679
dysfunction,5652695,0.005737,0.018311,0.946655
dysfunction,5652715,-0.023437,0.006714,1.054199
dysfunction,5652735,-0.006836,0.012695,1.007324
dysfunction,5652755,0.010010,0.007446,1.013428
dysfunction,5652775,-0.018799,0.054077,0.723633
dysfunction,5652795,-0.018433,0.005981,0.824707
dysfunction,5652815,-0.102051,-0.035034,1.225220
dysfunction,5652835,-0.006836,-0.008667,1.118652
dysfunction,5652855,0.026733,0.039917,0.952026
dysfunction,5652875,0.034180,0.021973,0.976807
dysfunction,5652895,-0.003174,0.032471,0.952271
dysfunction,5652915,-0.001831,0.010620,0.995483
dysfunction,5652935,-0.003296,0.008301,1.040283
dysfunction,5652955,0.023071,0.004395,1.022705
dysfunction,5652975,0.053223,0.005371,1.091553
dysfunction,5652995,-0.104004,-0.035645,0.886108
dysfunction,5653015,-0.123657,-0.055786,0.768799
dysfunction,5653035,-0.085205,-0.143066,1.310791
dysfunction,5653055,-0.010498,0.051147,1.168579
dysfunction,5653075,0.137573,0.094727,1.051880
dysfunction,5653095,-0.114014,-0.102173,1.025757
dysfunction,5653115,-0.086304,-0.080566,0.989136
dysfunction,5653135,-0.001587,0.068970,0.936401
dysfunction,5653155,-0.021973,0.062622,0.906372
dysfunction,5653175,0.076538,0.063965,1.096069
dysfunction,5653195,0.077271,0.060669,1.085815
dysfunction,5653215,-0.022217,-0.068115,1.061890
dysfunction,5653235,-0.246948,-0.245117,1.379150
dysfunction,5653255,-0.083374,0.053467,0.716919
dysfunction,5653275,-0.019653,0.027344,1.030151
dysfunction,5653295,0.014771,0.035156,1.113403
dysfunction,5653315,0.068604,-0.035156,1.172485
dysfunction,5653335,0.076904,-0.016357,1.170532
dysfunction,5653355,-0.097778,0.012817,0.780762
dysfunction,5653375,-0.101929,-0.020508,0.822266
dysfunction,5653395,0.032593,0.065430,1.014893
dysfunction,5653415,0.007813,0.065308,0.997070
dysfunction,5653435,0.085815,0.014893,1.160034
dysfunction,5653455,-0.092529,-0.046143,0.889160
dysfunction,5653475,-0.143066,-0.110229,1.423462
dysfunction,5653495,-0.045898,0.097778,0.720825
dysfunction,5653515,0.039917,0.094360,0.690430
dysfunction,5653535,-0.006836,0.005615,1.272705
dysfunction,5653555,0.060303,0.023437,1.220215
dysfunction,5653575,-0.006714,-0.048462,0.991333
dysfunction,5653595,-0.031128,-0.053467,0.986694
dysfunction,5653615,-0.073730,0.036011,0.846558
dysfunction,5653635,0.082397,0.055298,1.139648
dysfunction,5653655,-0.030396,0.012573,0.859375
dysfunction,5653675,-0.094360,-0.007446,1.092407
dysfunction,5653695,-0.066528,-0.027222,1.244507
dysfunction,5653715,0.044067,0.016235,0.958252
dysfunction,5653735,0.042847,0.079590,0.895874
dysfunction,5653755,0.013550,-0.004272,1.084106
dysfunction,5653775,0.059082,-0.007324,1.119019
dysfunction,5653795,-0.080566,-0.036255,0.913818
dysfunction,5653815,0.025269,0.074829,0.949219
dysfunction,5653835,-0.012451,0.078125,0.956787
dysfunction,5653855,0.061401,0.026733,1.169189
dysfunction,5653875,-0.123169,-0.180298,1.608276
dysfunction,5653895,-0.112793,0.000244,0.765381
dysfunction,5653915,0.029663,-0.005371,0.789795
dysfunction,5653935,-0.048706,0.015991,0.964966
dysfunction,5653955,0.119751,0.026855,0.945190
dysfunction,5653975,0.101074,0.073120,1.164185
dysfunction,5653995,-0.032715,-0.053467,0.948975
dysfunction,5654015,-0.023071,-0.053345,1.003662
dysfunction,5654035,-0.057129,0.023682,0.887695
dysfunction,5654055,-0.078369,0.008545,0.879150
dysfunction,5654075,0.068604,0.071167,1.042480
dysfunction,5654095,-0.013916,0.065674,0.853149
dysfunction,5654115,0.088745,-0.002319,1.214844
dysfunction,5654135,-0.066528,0.026123,1.159058
dysfunction,5654155,-0.089844,-0.008911,0.744873
dysfunction,5654175,0.009277,0.051270,1.098877
dysfunction,5654195,0.030640,0.051880,1.039551
dysfunction,5654215,0.077515,0.008911,1.147705
dysfunction,5654235,0.088501,0.006592,1.144165
dysfunction,5654255,-0.066040,-0.061890,0.907471
dysfunction,5654275,-0.088135,-0.055664,0.906006
dysfunction,5654295,-0.018433,0.075317,0.937622
dysfunction,5654315,0.118896,0.035034,1.118652
dysfunction,5654335,0.098145,0.057739,1.071533
dysfunction,5654355,-0.058716,-0.064331,0.993042
dysfunction,5654375,-0.006226,0.004883,1.006226
dysfunction,5654395,0.000244,0.006592,1.035156
dysfunction,5654415,-0.000977,0.003906,1.024902
dysfunction,5654435,0.004272,0.036255,0.984619
dysfunction,5654455,0.003540,0.082886,0.959717
dysfunction,5654475,0.052734,-0.028931,1.144531
dysfunction,5654495,-0.079712,-0.016479,0.890381
dysfunction,5654515,0.037109,0.039429,1.102417
dysfunction,5654535,0.006470,0.138672,0.726929
dysfunction,5654555,-0.035278,0.058594,0.836060
dysfunction,5654575,0.095215,-0.026001,1.308105
dysfunction,5654595,0.108765,-0.002075,1.247559
dysfunction,5654615,-0.064087,-0.036011,0.906738
dysfunction,5654635,-0.079712,-0.050415,0.896973
dysfunction,5654655,-0.039795,0.051270,0.914551
dysfunction,5654675,0.097290,0.033691,1.184814
dysfunction,5654695,0.064819,0.029663,0.985107
dysfunction,5654715,-0.112549,-0.121460,1.072388
dysfunction,5654735,-0.081177,-0.113037,1.195190
dysfunction,5654755,-0.014526,0.070557,0.829468
dysfunction,5654775,-0.029419,0.057007,0.793335
dysfunction,5654795,0.041626,0.065552,1.055786
dysfunction,5654815,0.011475,0.072266,1.038330
dysfunction,5654835,0.022583,-0.044434,1.128052
dysfunction,5654855,-0.081665,0.009766,0.830078
dysfunction,5654875,-0.086792,-0.004272,0.831055
dysfunction,5654895,0.025513,0.061768,0.981445
dysfunction,5654915,0.005615,0.073975,0.733643
dysfunction,5654935,0.133667,-0.003540,1.294312
dysfunction,5654955,0.118652,-0.010010,1.252441
dysfunction,5654975,-0.114014,-0.023315,0.762695
dysfunction,5654995,0.005005,-0.043091,0.833862
dysfunction,5655015,-0.006836,0.052612,0.999512
dysfunction,5655035,0.101318,0.039307,1.162842
dysfunction,5655055,0.099487,0.043701,1.158081
dysfunction,5655075,-0.065796,-0.064575,0.919800
dysfunction,5655095,-0.093018,-0.079224,0.852783
dysfunction,5655115,-0.191772,-0.168701,1.407104
dysfunction,5655135,-0.017822,0.054932,1.093628
dysfunction,5655155,0.148804,0.139282,0.951538
dysfunction,5655175,-0.070190,-0.101440,1.084839
dysfunction,5655195,-0.032959,-0.074707,1.098511
dysfunction,5655215,-0.030640,0.038574,0.884521
dysfunction,5655235,0.020508,-0.015991,1.007324
dysfunction,5655255,-0.008423,0.013550,0.961182
dysfunction,5655275,0.003296,0.018433,0.971069
dysfunction,5655295,-0.064575,-0.010742,0.853760
dysfunction,5655315,0.068237,0.151855,0.677124
dysfunction,5655335,-0.016357,-0.024048,1.314087
dysfunction,5655355,0.048828,0.020874,0.905762
dysfunction,5655375,0.050781,0.035645,0.864258
dysfunction,5655395,-0.023560,0.022949,1.006470
dysfunction,5655415,-0.030151,0.026489,1.004395
dysfunction,5655435,0.012817,0.014282,1.026855
dysfunction,5655455,0.006226,0.002686,1.026855
dysfunction,5655475,0.007568,0.017212,0.975342
dysfunction,5655495,0.140747,0.141724,0.923706
dysfunction,5655515,0.042725,0.115112,0.717285
dysfunction,5655535,0.048340,-0.019165,1.221069
dysfunction,5655555,0.022583,-0.010742,1.132813
dysfunction,5655575,0.016602,0.031372,0.847656
dysfunction,5655595,-0.002808,0.044312,0.912720
dysfunction,5655615,-0.011230,0.006714,1.110107
dysfunction,5655635,0.077759,-0.017090,1.223511
dysfunction,5655655,-0.061157,-0.040649,0.917114
dysfunction,5655675,-0.134155,-0.067383,0.702881
dysfunction,5655695,-0.062378,-0.228882,1.201782
dysfunction,5655715,0.156860,0.044189,1.119873
dysfunction,5655735,0.150391,0.108887,1.074707
dysfunction,5655755,-0.101807,-0.089844,0.939819
dysfunction,5655775,-0.067749,-0.071777,1.015625
dysfunction,5655795,-0.014282,0.052856,0.926025
dysfunction,5655815,-0.038330,0.037842,0.897949
dysfunction,5655835,0.073608,0.071289,1.074219
dysfunction,5655855,-0.010986,0.065918,1.072510
dysfunction,5655875,-0.005737,-0.054687,1.086792
dysfunction,5655895,0.205933,0.097656,1.501831
dysfunction,5655915,0.078125,0.058716,0.921631
dysfunction,5655935,-0.004517,0.043945,0.776611
dysfunction,5655955,-0.060791,0.023315,0.965210
dysfunction,5655975,-0.005859,0.010864,1.135864
dysfunction,5655995,0.025269,0.052612,1.091309
dysfunction,5656015,0.005249,-0.037231,1.026123
dysfunction,5656035,-0.099243,0.001587,1.044678
dysfunction,5656055,-0.080322,-0.002808,0.855225
dysfunction,5656075,0.208496,0.184570,1.177002
dysfunction,5656095,0.082153,0.109985,0.924194
dysfunction,5656115,0.011475,-0.054443,1.022339
dysfunction,5656135,0.012207,-0.052734,1.131348
dysfunction,5656155,-0.058594,-0.024292,0.954956
dysfunction,5656175,-0.060913,-0.034546,0.923706
dysfunction,5656195,0.005005,0.025391,0.934570
dysfunction,5656215,-0.009888,0.017944,1.038086
dysfunction,5656235,-0.005249,0.011597,1.015503
dysfunction,5656255,0.006226,0.004761,1.029541
dysfunction,5656275,0.255981,0.220093,1.095215
dysfunction,5656295,0.091553,0.178223,0.595581
dysfunction,5656315,0.068848,0.009033,1.019531
dysfunction,5656335,0.020752,-0.056763,1.216797
dysfunction,5656355,0.044067,-0.043213,1.147217
dysfunction,5656375,-0.099609,0.015259,0.797241
dysfunction,5656395,0.035278,0.058716,1.079712
dysfunction,5656415,0.047974,0.062622,1.086914
dysfunction,5656435,0.053833,-0.017456,1.140381
dysfunction,5656455,0.067261,-0.009033,1.155884
dysfunction,5656475,-0.093872,-0.023804,0.851807
dysfunction,5656495,-0.189575,-0.224976,1.507690
dysfunction,5656515,-0.026733,0.008667,0.894287
dysfunction,5656535,0.062744,0.041992,0.850464
dysfunction,5656555,-0.057617,-0.000244,1.070923
dysfunction,5656575,0.015503,0.010376,1.075562
dysfunction,5656595,0.037354,0.072266,1.008057
dysfunction,5656615,0.052734,-0.010254,1.084961
dysfunction,5656635,0.033936,-0.017334,1.110229
dysfunction,5656655,-0.088623,-0.029053,0.877319
dysfunction,5656675,-0.151001,-0.046387,0.649780
dysfunction,5656695,0.000122,-0.184448,1.093872
dysfunction,5656715,-0.086060,0.030884,1.309082
dysfunction,5656735,0.138672,0.052368,1.107422
dysfunction,5656755,-0.121216,-0.077759,0.859985
dysfunction,5656775,-0.102539,-0.068726,0.923218
dysfunction,5656795,0.008545,0.071655,0.969971
dysfunction,5656815,-0.001221,0.064331,0.942383
dysfunction,5656835,0.092285,0.053345,1.124146
dysfunction,5656855,0.086304,0.054932,1.129761
dysfunction,5656875,0.250366,0.141846,1.385010
dysfunction,5656895,-0.001099,-0.028076,0.947754
dysfunction,5656915,-0.088379,0.004028,0.755371
dysfunction,5656935,0.094238,0.043213,1.264648
dysfunction,5656955,0.103027,0.064087,1.194092
dysfunction,5656975,0.007813,0.046509,0.966919
dysfunction,5656995,0.015259,0.030151,0.959229
dysfunction,5657015,-0.022949,0.008179,1.031616
dysfunction,5657035,-0.007446,0.016113,1.002686
dysfunction,5657055,-0.043457,-0.013306,0.883301
dysfunction,5657075,-0.179321,-0.294434,0.567627
dysfunction,5657095,-0.015259,-0.006226,1.244873
dysfunction,5657115,0.055298,0.012695,0.904297
dysfunction,5657135,0.051147,0.035767,0.867798
dysfunction,5657155,-0.015991,0.026001,1.001221
dysfunction,5657175,-0.027710,0.027832,1.001221
dysfunction,5657195,0.010620,0.014893,1.021606
dysfunction,5657215,0.001343,0.002441,1.024536
dysfunction,5657235,0.001709,0.016479,0.982422
dysfunction,5657255,-0.011353,0.010132,1.022095
dysfunction,5657275,-0.004395,0.017334,1.020508
dysfunction,5657295,0.000122,0.016357,1.008545
dysfunction,5657315,0.004272,0.012939,1.005493
dysfunction,5657335,0.001099,0.013672,0.988037
dysfunction,5657355,0.000977,0.015259,0.989624
dysfunction,5657375,-0.002930,0.014038,1.003296
dysfunction,5657395,0.001221,0.017334,0.998169
dysfunction,5657415,-0.000610,0.012939,1.010254
dysfunction,5657435,0.000244,0.013306,1.001831
dysfunction,5657455,-0.028442,0.033081,0.992432
dysfunction,5657475,-0.003174,0.029419,0.981201
dysfunction,5657495,0.000732,0.063110,0.985718
dysfunction,5657515,-0.001099,-0.005249,1.005371
dysfunction,5657535,-0.000977,-0.010742,1.011963
dysfunction,5657555,-0.004517,0.003052,1.005615
dysfunction,5657575,0.025269,0.053101,0.956665
dysfunction,5657595,0.016235,0.022095,0.999634
dysfunction,5657615,0.216187,0.158447,0.827759
dysfunction,5657635,-0.055908,-0.054443,0.994629
dysfunction,5657655,-0.040405,0.005005,0.992432
dysfunction,5657675,-0.014160,0.025635,1.002808
dysfunction,5657695,-0.013428,0.027954,0.992065
dysfunction,5657715,-0.024658,-0.031372,0.994873
dysfunction,5657735,-0.018188,0.001709,1.004272
dysfunction,5657755,-0.015015,0.002075,1.002441
dysfunction,5657775,-0.012329,0.005493,1.000488
dysfunction,5657795,-0.014160,0.002197,1.004028
dysfunction,5657815,-0.013062,0.005127,1.000732
dysfunction,5657835,-0.001953,0.025269,0.985474
dysfunction,5657855,0.031250,0.068115,0.939087
dysfunction,5657875,-0.063477,0.016357,1.055420
dysfunction,5657895,-0.064819,0.042480,1.029419
dysfunction,5657915,-0.054687,-0.110962,1.097656
dysfunction,5657935,0.058105,0.066895,1.111328
dysfunction,5657955,0.059326,0.047485,0.916016
dysfunction,5657975,-0.043823,0.094238,0.961914
dysfunction,5657995,-0.034546,0.113770,0.939575
dysfunction,5658015,-0.070923,-0.120728,1.134033
dysfunction,5658035,-0.070923,-0.111572,1.133911
dysfunction,5658055,0.043457,-0.033325,0.983765
dysfunction,5658075,0.039307,-0.051392,1.005127
dysfunction,5658095,-0.001831,0.152344,0.878418
dysfunction,5658115,-0.074097,-0.062134,1.105957
dysfunction,5658135,-0.005371,-0.001465,1.011597
dysfunction,5658155,-0.011230,0.002930,1.003418
dysfunction,5658175,-0.014038,0.001221,1.001343
dysfunction,5658195,-0.014526,-0.000854,1.002197
dysfunction,5658215,-0.034546,-0.055786,1.043579
dysfunction,5658235,0.042969,-0.001587,0.980347
dysfunction,5658255,0.048340,-0.052612,1.007446
dysfunction,5658275,-0.010986,0.147217,0.891846
dysfunction,5658295,-0.075195,-0.070923,1.097534
dysfunction,5658315,-0.077881,-0.053711,1.084473
dysfunction,5658335,0.035767,-0.104736,1.055176
dysfunction,5658355,0.029175,-0.116089,1.068359
dysfunction,5658375,0.022095,0.139526,0.875488
dysfunction,5658395,0.036621,0.137573,0.870728
dysfunction,5658415,-0.089233,0.002319,1.041382
dysfunction,5658435,-0.088379,0.018066,1.027954
dysfunction,5658455,-0.007813,-0.139893,1.097534
dysfunction,5658475,0.047729,0.094971,0.892944
dysfunction,5658495,0.047729,0.080688,0.896729
dysfunction,5658515,-0.061890,0.085937,0.973999
dysfunction,5658535,-0.057129,0.102905,0.957031
dysfunction,5658555,-0.036133,-0.149658,1.136597
dysfunction,5658575,-0.044434,-0.143188,1.136597
dysfunction,5658595,0.055786,0.007568,0.954224
dysfunction,5658615,-0.008057,0.005859,0.997803
dysfunction,5658635,-0.010864,0.001953,1.000732
dysfunction,5658655,-0.013306,-0.001221,1.000610
dysfunction,5658675,-0.010498,0.000488,1.002319
dysfunction,5658695,-0.011475,0.000244,1.001709
dysfunction,5658715,-0.010376,0.000000,1.001343
dysfunction,5658735,-0.011108,0.000610,1.002686
dysfunction,5658755,-0.011841,0.000366,1.001587
dysfunction,5658775,-0.011230,-0.000488,1.002197
dysfunction,5658795,-0.011230,0.030273,1.000732
dysfunction,5658815,-0.011963,0.000610,1.002197
dysfunction,5658835,-0.010864,0.000610,1.001709
dysfunction,5658855,-0.009888,0.000366,1.002441
dysfunction,5658875,-0.010132,-0.000244,1.001343
dysfunction,5658895,-0.009399,0.000610,1.001343
dysfunction,5658915,-0.009766,0.000488,1.002808
dysfunction,5658935,-0.009399,-0.000366,1.001831
dysfunction,5658955,-0.009155,-0.000488,1.003174
dysfunction,5658975,-0.007202,-0.000366,1.000732
dysfunction,5658995,-0.009644,-0.000244,1.003418
dysfunction,5659015,-0.008911,0.000977,1.001465
dysfunction,5659035,-0.009644,-0.000366,1.003052
dysfunction,5659055,-0.010132,-0.000366,1.001831
dysfunction,5659075,-0.009766,-0.000488,1.002075
dysfunction,5659095,-0.009888,-0.000122,1.001709
dysfunction,5659115,-0.010132,0.000000,1.003052
dysfunction,5659135,-0.008423,0.000977,1.001465
dysfunction,5659155,-0.010376,-0.000610,1.002197
dysfunction,5659175,-0.010132,-0.000122,1.001953
dysfunction,5659195,-0.010620,-0.000366,1.002686
dysfunction,5659215,-0.009399,0.000610,1.001221
dysfunction,5659235,-0.009766,-0.000366,1.002808
dysfunction,5659255,-0.010376,-0.000610,1.002319
dysfunction,5659275,-0.009644,-0.000366,1.002686
dysfunction,5659295,-0.008423,0.000122,1.001221
dysfunction,5659315,-0.001343,0.001587,1.000366
dysfunction,5659335,-0.012207,-0.001831,1.005737
dysfunction,5659355,-0.009033,-0.000366,1.002808
dysfunction,5659375,-0.007935,0.000000,1.001831
dysfunction,5659395,-0.009888,-0.000244,1.003540
dysfunction,5659415,-0.009644,-0.000610,1.000854
dysfunction,5659435,-0.004761,0.004395,0.999878
dysfunction,5659455,-0.038086,0.036743,0.998047
dysfunction,5659475,-0.066895,0.110840,0.965698
dysfunction,5659495,-0.065063,-0.109619,1.138306
dysfunction,5659515,0.098999,-0.049561,0.959229
dysfunction,5659535,0.097778,-0.059937,0.972778
dysfunction,5659555,-0.037964,0.148804,0.893188
dysfunction,5659575,-0.022217,0.150635,0.881470
dysfunction,5659595,-0.106812,-0.048218,1.128296
dysfunction,5659615,-0.115845,-0.025635,1.115723
dysfunction,5659635,0.076416,-0.126221,1.041138
dysfunction,5659655,0.081787,-0.139893,1.055664
dysfunction,5659675,0.031982,0.125244,0.857300
dysfunction,5659695,-0.125977,0.025146,1.080322
dysfunction,5659715,-0.123291,0.046875,1.059692
dysfunction,5659735,0.029053,-0.156128,1.103149
dysfunction,5659755,0.015869,-0.159668,1.118286
dysfunction,5659775,0.091675,0.070923,0.864502
dysfunction,5659795,0.087646,0.061279,0.872559
dysfunction,5659815,-0.101563,0.106201,0.994019
dysfunction,5659835,-0.021606,-0.159546,0.969360
dysfunction,5659855,0.001709,0.007202,1.016602
dysfunction,5659875,-0.005127,0.005127,1.001709
dysfunction,5659895,-0.003784,-0.002197,1.001709
dysfunction,5659915,-0.006592,-0.000122,1.002686
dysfunction,5659935,-0.008423,-0.000610,1.001953
dysfunction,5659955,-0.009644,-0.000610,1.003174
dysfunction,5659975,-0.010010,-0.000244,1.002441
dysfunction,5659995,-0.009277,-0.000610,1.001831
dysfunction,5660015,-0.009888,-0.000488,1.002319
dysfunction,5660035,-0.007935,0.002441,1.001465
dysfunction,5660055,-0.008423,0.001343,1.002075
dysfunction,5660075,-0.010132,-0.000732,1.003296
dysfunction,5660095,-0.011719,-0.002563,1.002319
dysfunction,5660115,-0.009399,0.000122,1.001221
dysfunction,5660135,-0.011475,-0.000122,1.003174
dysfunction,5660155,-0.011719,-0.000366,1.001831
dysfunction,5660175,-0.012817,-0.001465,1.004272
dysfunction,5660195,-0.009644,-0.000732,1.000610
dysfunction,5660215,-0.011475,-0.001099,1.002197
dysfunction,5660235,-0.012451,-0.001221,1.002808
dysfunction,5660255,-0.012817,-0.001465,1.001587
dysfunction,5660275,-0.012451,-0.000732,1.001465
dysfunction,5660295,-0.011353,-0.000122,1.002075
dysfunction,5660315,-0.011475,0.000244,1.001709
dysfunction,5660335,-0.011597,0.000610,1.002075
dysfunction,5660355,-0.013672,-0.000732,1.002808
dysfunction,5660375,-0.011719,-0.000977,1.003052
dysfunction,5660395,-0.011475,-0.000854,1.001831
dysfunction,5660415,-0.010986,0.000122,1.002197
dysfunction,5660435,-0.011719,-0.000610,1.004150
dysfunction,5660455,-0.010620,-0.000488,1.002686
dysfunction,5660475,-0.011353,-0.000977,1.002319
dysfunction,5660495,-0.011108,-0.002808,1.004028
dysfunction,5660515,-0.010376,-0.002075,1.003296
dysfunction,5660535,-0.009888,-0.001221,1.002686
dysfunction,5660555,-0.009155,0.000244,1.002197
dysfunction,5660575,-0.006836,0.000122,1.002808
dysfunction,5660595,-0.007080,0.001343,1.001831
dysfunction,5660615,-0.004272,0.001465,1.002075
dysfunction,5660635,-0.007935,-0.000122,1.002197
dysfunction,5660655,-0.008545,-0.000122,1.002441
dysfunction,5660675,-0.008057,0.000000,1.002197
dysfunction,5660695,-0.009521,-0.001099,1.003174
dysfunction,5660715,-0.009766,-0.001099,1.003784
dysfunction,5660735,-0.009155,-0.000854,1.001709
dysfunction,5660755,-0.008545,-0.000732,1.002930
dysfunction,5660775,-0.007446,-0.000122,1.002808
dysfunction,5660795,-0.008179,-0.001343,1.003540
dysfunction,5660815,-0.008179,-0.000366,1.002441
dysfunction,5660835,-0.008911,0.000122,1.003418
dysfunction,5660855,-0.007080,-0.000732,1.001831
dysfunction,5660875,-0.008667,-0.000244,1.002441
dysfunction,5660895,-0.008057,-0.000366,1.002075
dysfunction,5660915,-0.008789,-0.000854,1.002563
dysfunction,5660935,-0.008179,-0.000610,1.002808
dysfunction,5660955,-0.008789,-0.002197,1.002686
dysfunction,5660975,-0.007446,-0.002075,1.002075
dysfunction,5660995,-0.009766,-0.001953,1.003906
dysfunction,5661015,-0.005981,-0.003540,1.002563
dysfunction,5661035,-0.001221,-0.005615,1.002563
dysfunction,5661055,-0.004395,-0.000366,1.001709
dysfunction,5661075,-0.001587,-0.000488,1.001099
dysfunction,5661095,-0.008301,0.001953,1.003662
dysfunction,5661115,-0.010132,0.002441,1.001953
dysfunction,5661135,-0.011108,-0.000244,1.003174
dysfunction,5661155,-0.008667,0.002197,1.000610
dysfunction,5661175,-0.008789,0.000000,1.002319
dysfunction,5661195,0.021729,0.040283,0.964233
dysfunction,5661215,-0.103760,0.023071,1.036865
dysfunction,5661235,-0.009155,-0.133545,1.103760
dysfunction,5661255,-0.032715,-0.132080,1.130859
dysfunction,5661275,0.121216,0.043945,0.880737
dysfunction,5661295,0.128174,0.031494,0.885986
dysfunction,5661315,-0.088989,0.107788,0.970093
dysfunction,5661335,-0.078613,0.117920,0.954468
dysfunction,5661355,-0.090820,-0.111572,1.160278
dysfunction,5661375,-0.101807,-0.103882,1.161255
dysfunction,5661395,0.125610,-0.036743,0.935669
dysfunction,5661415,-0.031128,0.134399,0.906128
dysfunction,5661435,-0.015503,0.137695,0.890259
dysfunction,5661455,-0.141846,-0.063232,1.160522
dysfunction,5661475,-0.145630,-0.048828,1.152954
dysfunction,5661495,0.095459,-0.094971,1.006348
dysfunction,5661515,0.078491,-0.106567,1.031372
dysfunction,5661535,0.057251,0.121094,0.852417
dysfunction,5661555,0.067627,0.110718,0.855225
dysfunction,5661575,-0.147949,0.018921,1.088989
dysfunction,5661595,0.030518,-0.133545,1.083130
dysfunction,5661615,0.009033,-0.137329,1.103882
dysfunction,5661635,0.108765,0.079224,0.855835
dysfunction,5661655,0.112915,0.059937,0.867310
dysfunction,5661675,-0.119751,0.083984,1.015747
dysfunction,5661695,-0.106812,0.095459,0.998169
dysfunction,5661715,-0.060425,-0.132568,1.147095
dysfunction,5661735,0.134766,-0.140259,1.152344
dysfunction,5661755,0.132568,-0.005005,0.906372
dysfunction,5661775,-0.065308,0.124634,0.943237
dysfunction,5661795,-0.049316,0.132935,0.926636
dysfunction,5661815,-0.117554,-0.090698,1.155396
dysfunction,5661835,-0.122681,-0.079834,1.153442
dysfunction,5661855,0.112915,-0.072632,0.974487
dysfunction,5661875,0.095825,-0.093628,0.999756
dysfunction,5661895,-0.019531,-0.010742,0.997070
dysfunction,5661915,-0.010498,-0.005859,1.008423
dysfunction,5661935,-0.009155,0.001099,1.000977
dysfunction,5661955,-0.008545,-0.000610,1.001221
dysfunction,5661975,0.007935,0.029297,0.981079
dysfunction,5661995,-0.066528,0.016357,1.024780
dysfunction,5662015,-0.101685,0.074707,1.015503
dysfunction,5662035,-0.032227,-0.143433,1.122559
dysfunction,5662055,-0.043335,-0.139526,1.133667
dysfunction,5662075,0.107056,0.026733,0.904297
dysfunction,5662095,-0.073242,0.117432,0.960571
dysfunction,5662115,-0.069458,0.126343,0.949707
dysfunction,5662135,-0.087891,-0.121094,1.152710
dysfunction,5662155,-0.095581,-0.118408,1.152954
dysfunction,5662175,0.094360,-0.036133,0.958862
dysfunction,5662195,0.076294,-0.057251,0.980713
dysfunction,5662215,-0.002808,0.152344,0.885010
dysfunction,5662235,0.008423,0.148804,0.879517
dysfunction,5662255,-0.124756,-0.050293,1.132202
dysfunction,5662275,0.087891,-0.097412,1.001831
dysfunction,5662295,0.076538,-0.101318,1.008179
dysfunction,5662315,0.010254,0.106812,0.894409
dysfunction,5662335,-0.032837,0.052124,0.901123
dysfunction,5662355,-0.055176,0.022949,1.194336
dysfunction,5662375,-0.080688,-0.164429,1.079956
dysfunction,5662395,-0.035156,0.025146,0.884033
dysfunction,5662415,-0.055420,0.028809,0.875366
dysfunction,5662435,0.061646,0.067139,1.069336
dysfunction,5662455,-0.001709,-0.055176,1.075073
dysfunction,5662475,0.016968,-0.051514,1.084961
dysfunction,5662495,-0.074951,-0.004028,0.881592
dysfunction,5662515,-0.078979,-0.015503,0.883179
dysfunction,5662535,0.023315,0.081421,1.019043
dysfunction,5662555,0.017212,0.080688,1.008301
dysfunction,5662575,0.054810,-0.015259,1.121704
dysfunction,5662595,-0.029663,0.011108,1.009399
dysfunction,5662615,-0.003296,0.010864,1.006470
dysfunction,5662635,0.000610,0.007568,1.001343
dysfunction,5662655,-0.000854,0.005371,1.002075
dysfunction,5662675,-0.007813,0.003174,1.007813
dysfunction,5662695,0.104858,-0.010010,0.961792
dysfunction,5662715,0.001343,-0.007568,0.986084
dysfunction,5662735,-0.114136,-0.027588,0.927856
dysfunction,5662755,0.015015,0.045654,0.831665
dysfunction,5662775,0.088623,-0.039795,0.868408
dysfunction,5662795,0.069824,0.005005,1.203369
dysfunction,5662815,-0.062622,-0.063477,0.931152
dysfunction,5662835,-0.038574,-0.060303,0.958374
dysfunction,5662855,-0.029541,0.046387,0.893188
dysfunction,5662875,0.131836,0.111328,1.620728
dysfunction,5662895,0.002686,0.300659,0.697876
dysfunction,5662915,0.099976,0.038452,0.851685
dysfunction,5662935,-0.001221,-0.090332,1.178833
dysfunction,5662955,-0.012207,0.064087,0.810913
dysfunction,5662975,-0.067627,0.015137,0.831909
dysfunction,5662995,0.055908,0.062378,1.002197
dysfunction,5663015,0.049805,0.056641,1.043823
dysfunction,5663035,0.033081,-0.049927,1.131958
dysfunction,5663055,0.032227,-0.038696,1.116943
dysfunction,5663075,-0.062988,-0.012207,1.626221
dysfunction,5663095,0.038452,0.017822,1.052002
dysfunction,5663115,0.062500,0.077148,0.786011
dysfunction,5663135,-0.027100,-0.019897,1.131104
dysfunction,5663155,-0.015869,-0.005859,1.080566
dysfunction,5663175,0.035522,0.021118,0.980835
dysfunction,5663195,-0.000610,0.065186,0.968262
dysfunction,5663215,0.046387,-0.043823,1.091064
dysfunction,5663235,0.047119,-0.027954,1.108032
dysfunction,5663255,-0.084961,-0.034180,0.908936
dysfunction,5663275,-0.140259,-0.329346,0.680298
dysfunction,5663295,0.117676,-0.000244,1.193726
dysfunction,5663315,0.086182,0.060425,0.988037
dysfunction,5663335,0.060547,-0.012451,1.015625
dysfunction,5663355,-0.078979,-0.083862,1.030762
dysfunction,5663375,-0.084106,-0.060791,1.003418
dysfunction,5663395,-0.009155,0.079224,0.895020
dysfunction,5663415,-0.006104,0.067383,0.870483
dysfunction,5663435,0.077271,0.039795,1.105591
dysfunction,5663455,-0.075195,-0.060303,0.554199
dysfunction,5663475,-0.118896,-0.350098,0.700562
dysfunction,5663495,-0.023315,0.016479,0.971680
dysfunction,5663515,-0.046387,0.061157,0.820801
dysfunction,5663535,0.082153,0.023437,0.958740
dysfunction,5663555,0.073242,0.062744,1.019531
dysfunction,5663575,-0.019287,-0.064575,1.118774
dysfunction,5663595,0.024170,-0.037476,1.132324
dysfunction,5663615,-0.059204,0.003662,0.843994
dysfunction,5663635,0.046265,-0.019897,0.878296
dysfunction,5663655,0.000366,0.051147,0.922607
dysfunction,5663675,-0.284058,-0.247070,1.477539
dysfunction,5663695,0.029053,-0.029419,1.414551
dysfunction,5663715,0.006470,0.019043,0.823853
dysfunction,5663735,-0.017822,-0.002197,0.812378
dysfunction,5663755,-0.056152,0.065796,0.969604
dysfunction,5663775,-0.052124,-0.013062,1.045532
dysfunction,5663795,0.012085,0.014893,1.017944
dysfunction,5663815,0.006470,0.015381,1.020752
dysfunction,5663835,-0.080322,-0.020874,0.789062
dysfunction,5663855,-0.274902,-0.326904,1.308350
dysfunction,5663875,-0.001831,-0.036743,1.254028
dysfunction,5663895,0.048462,-0.013184,0.942017
dysfunction,5663915,0.041016,0.029663,0.882568
dysfunction,5663935,-0.013184,0.019775,1.002441
dysfunction,5663955,-0.029175,0.020020,1.004517
dysfunction,5663975,0.005981,0.007813,1.013794
dysfunction,5663995,0.007935,0.009888,0.953491
dysfunction,5664015,-0.003052,0.010620,0.993652
dysfunction,5664035,-0.013062,0.006592,1.020264
dysfunction,5664055,-0.002930,0.006348,1.021729
dysfunction,5664075,0.000488,0.009521,0.999268
dysfunction,5664095,0.005005,0.007935,0.999512
dysfunction,5664115,-0.000732,0.008423,0.995239
dysfunction,5664135,0.001099,0.014893,0.989868
dysfunction,5664155,-0.003418,0.009644,1.010498
dysfunction,5664175,0.002441,0.008179,1.007080
dysfunction,5664195,-0.000488,0.007324,1.010498
dysfunction,5664215,0.000977,0.010132,0.999268
dysfunction,5664235,0.000000,0.008423,1.002075
dysfunction,5664255,0.000488,0.011719,0.998291
dysfunction,5664275,0.000366,0.010132,1.000610
dysfunction,5664295,0.000000,0.009033,1.000732
dysfunction,5664315,-0.000977,0.010254,1.002319
dysfunction,5664335,-0.000244,0.010864,1.000488
dysfunction,5664355,0.082764,0.058838,0.952393
dysfunction,5664375,0.000488,0.016113,0.999146
dysfunction,5664395,-0.000122,0.046631,0.995483
dysfunction,5664415,0.019287,0.060425,1.020996
dysfunction,5664435,0.076782,0.258545,0.996216
dysfunction,5664455,0.043213,0.147339,1.006470
dysfunction,5664475,0.025146,0.053345,1.000854
dysfunction,5664495,0.012695,-0.018066,0.988647
dysfunction,5664515,0.013184,0.036987,0.988159
dysfunction,5664535,-0.004761,0.093262,1.000244
dysfunction,5664555,-0.003906,0.095337,1.027466
dysfunction,5664575,0.003906,0.037842,1.010254
dysfunction,5664595,0.015503,-0.004395,0.994507
dysfunction,5664615,0.025635,-0.006226,1.003662
dysfunction,5664635,-0.001465,-0.007324,1.001587
dysfunction,5664655,-0.035400,-0.076904,1.017578
dysfunction,5664675,0.008179,-0.072510,1.005371
dysfunction,5664695,0.013550,-0.078735,1.003418
dysfunction,5664715,0.032227,-0.089111,1.001953
dysfunction,5664735,0.067749,-0.093262,1.006348
dysfunction,5664755,0.023682,-0.045288,1.006836
dysfunction,5664775,0.013428,0.047852,0.995850
dysfunction,5664795,-0.057983,-0.027588,1.005371
dysfunction,5664815,0.015503,-0.094238,1.003662
dysfunction,5664835,0.011108,-0.076294,1.005249
dysfunction,5664855,0.000000,-0.063599,0.970581
dysfunction,5664875,0.046509,-0.057129,0.873291
dysfunction,5664895,-0.036133,0.050659,0.987915
dysfunction,5664915,0.052734,0.106689,0.924194
dysfunction,5664935,-0.196655,-0.050781,1.243286
dysfunction,5664955,-0.199707,-0.036621,1.241333
dysfunction,5664975,0.063965,-0.090820,0.940796
dysfunction,5664995,0.042358,-0.100830,0.972046
dysfunction,5665015,0.141602,0.100098,0.800049
dysfunction,5665035,-0.185181,0.008911,1.211548
dysfunction,5665055,-0.175049,0.024170,1.187866
dysfunction,5665075,-0.030884,-0.121826,1.068848
dysfunction,5665095,-0.055542,-0.126953,1.096069
dysfunction,5665115,0.177124,0.064819,0.770020
dysfunction,5665135,0.176636,0.053833,0.771484
dysfunction,5665155,-0.095947,0.092041,1.077515
dysfunction,5665175,-0.076050,0.103882,1.054810
dysfunction,5665195,-0.136597,-0.146606,1.190552
dysfunction,5665215,0.178223,0.027466,0.772461
dysfunction,5665235,0.153076,-0.003296,0.804932
dysfunction,5665255,-0.000488,0.135986,0.954590
dysfunction,5665275,0.025391,0.138916,0.916992
dysfunction,5665295,-0.179077,-0.085205,1.238525
dysfunction,5665315,-0.185913,-0.065308,1.233521
dysfunction,5665335,0.083008,-0.090210,0.917480
dysfunction,5665355,0.062866,-0.107666,0.945923
dysfunction,5665375,0.106445,0.149292,0.819214
dysfunction,5665395,-0.169922,-0.024536,1.215088
dysfunction,5665415,-0.156372,-0.007202,1.203247
dysfunction,5665435,-0.020142,-0.165894,1.022095
dysfunction,5665455,0.002197,0.019653,0.988892
dysfunction,5665475,-0.016235,-0.004150,0.995239
dysfunction,5665495,-0.010986,-0.000854,1.004150
dysfunction,5665515,-0.008057,0.000610,1.001343
dysfunction,5665535,-0.042114,0.036865,0.977173
dysfunction,5665555,-0.120605,-0.073120,1.134399
dysfunction,5665575,0.069458,-0.091309,0.931396
dysfunction,5665595,0.028442,-0.124023,0.964844
dysfunction,5665615,0.095093,0.166504,0.819702
dysfunction,5665635,0.105103,0.159790,0.805176
dysfunction,5665655,-0.135010,0.004761,1.178223
dysfunction,5665675,-0.131836,0.027832,1.168457
dysfunction,5665695,-0.040161,-0.184692,1.087402
dysfunction,5665715,0.140015,0.126221,1.111694
dysfunction,5665735,0.144165,0.109863,0.771729
dysfunction,5665755,-0.086914,0.096191,1.083130
dysfunction,5665775,-0.076172,0.106812,1.056885
dysfunction,5665795,-0.113403,-0.183472,1.192017
dysfunction,5665815,-0.120117,-0.172241,1.204590
dysfunction,5665835,0.137695,0.019531,0.810913
dysfunction,5665855,0.124512,-0.006470,0.833618
dysfunction,5665875,-0.007813,0.162476,0.937256
dysfunction,5665895,-0.157104,-0.148926,1.249023
dysfunction,5665915,-0.162354,-0.132080,1.251709
dysfunction,5665935,0.090576,-0.059814,0.883911
dysfunction,5665955,0.072388,-0.081543,0.908203
dysfunction,5665975,0.062866,0.182617,0.845825
dysfunction,5665995,0.080688,0.180054,0.821533
dysfunction,5666015,-0.165161,-0.047729,1.230835
dysfunction,5666035,-0.161987,-0.022583,1.217285
dysfunction,5666055,-0.061523,-0.033936,1.056885
dysfunction,5666075,-0.020630,-0.021973,0.995361
dysfunction,5666095,-0.009399,0.000244,1.001831
dysfunction,5666115,-0.011108,0.000244,1.003418
dysfunction,5666135,-0.023071,-0.037109,1.025391
dysfunction,5666155,0.060425,0.036255,0.914673
dysfunction,5666175,0.089722,-0.148315,0.834961
dysfunction,5666195,-0.029663,0.073730,1.171143
dysfunction,5666215,-0.054321,0.043091,1.288330
dysfunction,5666235,0.002563,-0.058838,0.885498
dysfunction,5666255,-0.025391,0.031128,0.924438
dysfunction,5666275,-0.027222,0.031616,0.914185
dysfunction,5666295,0.037354,0.049194,1.226929
dysfunction,5666315,0.019165,0.061646,1.229004
dysfunction,5666335,0.009888,-0.066528,0.946411
dysfunction,5666355,0.016113,-0.058228,0.976318
dysfunction,5666375,-0.033813,0.018921,0.828125
dysfunction,5666395,-0.053711,0.008911,0.805176
dysfunction,5666415,0.002930,0.057373,1.188354
dysfunction,5666435,0.026978,-0.039551,1.047241
dysfunction,5666455,0.029785,-0.026978,1.080078
dysfunction,5666475,-0.041870,-0.011597,0.780273
dysfunction,5666495,-0.043945,-0.022461,0.781128
dysfunction,5666515,-0.007202,0.044678,1.094604
dysfunction,5666535,-0.036377,-0.058594,1.286255
dysfunction,5666555,0.075073,0.043457,0.967896
dysfunction,5666575,-0.049561,0.043091,1.077393
dysfunction,5666595,-0.022705,-0.062378,0.846313
dysfunction,5666615,-0.007202,0.045654,1.055542
dysfunction,5666635,-0.013672,0.035278,1.006226
dysfunction,5666655,0.046021,0.042358,1.170166
dysfunction,5666675,0.050781,0.045898,1.188110
dysfunction,5666695,-0.000732,-0.076172,0.893433
dysfunction,5666715,0.037598,0.260986,1.636841
dysfunction,5666735,-0.020752,0.213745,0.696045
dysfunction,5666755,-0.008423,-0.065430,0.793335
dysfunction,5666775,0.018433,-0.024536,1.154907
dysfunction,5666795,-0.002808,0.031982,0.901367
dysfunction,5666815,-0.003784,0.002197,0.950317
dysfunction,5666835,-0.002808,0.008789,0.977905
dysfunction,5666855,-0.004272,0.003174,1.026978
dysfunction,5666875,0.004517,0.000610,1.027710
dysfunction,5666895,-0.050537,-0.076294,0.783936
dysfunction,5666915,-0.060913,-0.194214,1.037842
dysfunction,5666935,-0.001953,0.042847,0.912964
dysfunction,5666955,-0.022827,-0.004639,0.970337
dysfunction,5666975,-0.000977,0.012817,0.947388
dysfunction,5666995,-0.001953,0.009888,0.986572
dysfunction,5667015,-0.003174,-0.004395,1.073730
dysfunction,5667035,-0.004639,0.006470,1.039307
dysfunction,5667055,-0.000977,0.017578,0.956787
dysfunction,5667075,0.005371,0.007568,0.977173
dysfunction,5667095,-0.036377,-0.040283,0.906250
dysfunction,5667115,-0.051270,-0.371094,1.524048
dysfunction,5667135,-0.024048,-0.044312,1.358398
dysfunction,5667155,-0.027222,0.020630,0.907471
dysfunction,5667175,0.005737,0.044556,0.845947
dysfunction,5667195,-0.001831,0.009277,1.008423
dysfunction,5667215,-0.010742,0.009644,1.005493
dysfunction,5667235,-0.008667,0.005615,1.013306
dysfunction,5667255,0.000854,-0.002075,1.021851
dysfunction,5667275,-0.003540,0.001831,0.984863
dysfunction,5667295,-0.004028,0.000732,1.023193
dysfunction,5667315,-0.135986,-0.366333,1.959961
dysfunction,5667335,-0.067139,0.034546,0.941162
dysfunction,5667355,-0.010864,0.014648,0.951172
dysfunction,5667375,0.012695,-0.016357,1.096436
dysfunction,5667395,-0.007568,0.011719,1.011719
dysfunction,5667415,-0.000366,0.019775,1.012939
dysfunction,5667435,-0.004395,0.004517,0.995239
dysfunction,5667455,-0.004395,0.005127,0.964966
dysfunction,5667475,0.004517,0.004272,1.015625
dysfunction,5667495,-0.007080,-0.000977,1.032471
dysfunction,5667515,0.190186,0.485474,1.525269
dysfunction,5667535,0.024536,0.032471,0.886841
dysfunction,5667555,0.009033,0.046265,0.807129
dysfunction,5667575,-0.005737,0.022461,0.949829
dysfunction,5667595,0.001831,0.006592,1.085938
dysfunction,5667615,0.004150,0.010010,1.121948
dysfunction,5667635,-0.019653,0.000610,0.801025
dysfunction,5667655,-0.010986,0.028198,1.177124
dysfunction,5667675,-0.003418,0.037720,1.105957
dysfunction,5667695,0.063477,0.001221,1.159668
dysfunction,5667715,-0.056030,-0.072266,0.243652
dysfunction,5667735,0.048584,-0.140625,0.304199
dysfunction,5667755,-0.026001,-0.115479,0.801025
dysfunction,5667775,0.001587,0.038208,1.030640
dysfunction,5667795,0.096680,0.030762,0.986328
dysfunction,5667815,0.031250,0.022339,1.237061
dysfunction,5667835,-0.011230,-0.054321,0.912354
dysfunction,5667855,-0.007324,-0.059448,0.925659
dysfunction,5667875,-0.038574,0.037231,0.879272
dysfunction,5667895,-0.042847,0.030151,0.864746
dysfunction,5667915,0.048462,0.048584,1.234619
dysfunction,5667935,0.416138,0.529541,1.383057
dysfunction,5667955,-0.037231,0.030518,0.406250
dysfunction,5667975,-0.037598,0.002197,1.154907
dysfunction,5667995,-0.036255,0.006592,0.919189
dysfunction,5668015,0.052368,0.125610,1.042358
dysfunction,5668035,-0.006836,0.052368,1.132813
dysfunction,5668055,0.059204,-0.033325,1.083008
dysfunction,5668075,0.058838,-0.030640,1.159058
dysfunction,5668095,-0.020752,-0.037476,1.049316
dysfunction,5668115,-0.002075,0.005615,1.011353
dysfunction,5668135,-0.014526,-0.008423,0.952759
dysfunction,5668155,-0.075073,-0.213623,2.083862
dysfunction,5668175,-0.025146,0.075806,1.115845
dysfunction,5668195,0.057861,0.055420,0.824707
dysfunction,5668215,-0.031982,0.057007,0.870361
dysfunction,5668235,0.097656,-0.020264,1.191406
dysfunction,5668255,0.031616,-0.003906,1.255859
dysfunction,5668275,-0.060791,-0.032227,0.769653
dysfunction,5668295,-0.060303,-0.030518,0.776855
dysfunction,5668315,-0.030396,0.026367,0.957764
dysfunction,5668335,0.068848,0.018555,1.282349
dysfunction,5668355,0.070190,-0.280762,1.243408
dysfunction,5668375,0.014648,-0.013794,0.796631
dysfunction,5668395,-0.058105,-0.008667,0.833618
dysfunction,5668415,-0.066284,0.003296,0.850708
dysfunction,5668435,-0.055786,0.010376,0.844360
dysfunction,5668455,0.022339,0.048096,1.305298
dysfunction,5668475,-0.002197,0.091431,1.254517
dysfunction,5668495,0.020630,-0.037964,0.935913
dysfunction,5668515,-0.076172,0.007446,0.806030
dysfunction,5668535,-0.076782,-0.001831,0.803589
dysfunction,5668555,-0.008667,0.035522,1.075439
dysfunction,5668575,0.140991,0.166992,0.573730
dysfunction,5668595,-0.062012,0.014526,1.526611
dysfunction,5668615,0.094971,-0.000122,1.276489
dysfunction,5668635,-0.077148,0.009766,0.642334
dysfunction,5668655,-0.012207,0.033325,0.771729
dysfunction,5668675,-0.030884,0.028564,1.055176
dysfunction,5668695,0.081299,0.014282,1.205200
dysfunction,5668715,0.080200,0.024048,1.235596
dysfunction,5668735,-0.058105,-0.040771,0.792236
dysfunction,5668755,0.126221,0.309326,0.922974
dysfunction,5668775,0.125366,0.100464,0.623169
dysfunction,5668795,-0.004517,0.017944,0.942993
dysfunction,5668815,0.011230,0.007690,1.113525
dysfunction,5668835,-0.000610,0.039917,0.841064
dysfunction,5668855,0.001465,0.016846,0.944214
dysfunction,5668875,-0.005737,0.009888,1.024780
dysfunction,5668895,0.005371,0.000977,1.054688
dysfunction,5668915,-0.001831,0.000732,1.017090
dysfunction,5668935,0.001709,0.007324,1.005249
dysfunction,5668955,0.132812,0.292358,1.262573
dysfunction,5668975,0.014893,0.039307,0.837402
dysfunction,5668995,-0.009766,0.024536,0.840210
dysfunction,5669015,0.007568,-0.004639,1.149902
dysfunction,5669035,0.004395,-0.003906,1.112915
dysfunction,5669055,-0.006714,0.008911,0.937500
dysfunction,5669075,-0.007080,0.010498,0.954590
dysfunction,5669095,0.002930,0.001831,1.028564
dysfunction,5669115,-0.000732,0.005615,1.002319
dysfunction,5669135,0.001587,0.001587,1.021851
dysfunction,5669155,0.012329,0.156128,1.771973
dysfunction,5669175,-0.101074,0.097534,0.859253
dysfunction,5669195,0.000244,-0.107910,1.267822
dysfunction,5669215,0.015381,-0.026001,1.177734
dysfunction,5669235,-0.002808,0.024658,0.949585
dysfunction,5669255,0.003174,0.027222,0.942505
dysfunction,5669275,-0.000977,0.017334,0.967285
dysfunction,5669295,0.001831,-0.001099,1.020996
dysfunction,5669315,-0.001343,-0.003174,1.037598
dysfunction,5669335,-0.004028,0.004639,1.036621
dysfunction,5669355,0.094727,0.224854,0.841064
dysfunction,5669375,0.084961,0.079590,0.688110
dysfunction,5669395,-0.001831,0.008789,0.973877
dysfunction,5669415,0.008179,-0.002563,1.115479
dysfunction,5669435,0.000488,-0.006958,1.086670
dysfunction,5669455,-0.006592,0.023560,0.921265
dysfunction,5669475,-0.004028,0.018555,0.934082
dysfunction,5669495,0.003784,-0.002808,1.063721
dysfunction,5669515,0.000122,-0.030273,1.032227
dysfunction,5669535,0.000000,0.002319,1.001099
dysfunction,5669555,-0.033569,0.016479,0.500977
dysfunction,5669575,-0.112915,-0.009888,0.876099
dysfunction,5669595,0.002686,-0.026489,1.141235
dysfunction,5669615,0.005249,-0.034058,1.147949
dysfunction,5669635,0.001099,-0.001709,0.983398
dysfunction,5669655,-0.001465,-0.008789,0.861206
dysfunction,5669675,-0.021973,0.056152,0.943237
dysfunction,5669695,0.084473,0.010742,1.285034
dysfunction,5669715,0.092529,0.012085,1.257446
dysfunction,5669735,-0.058472,-0.035889,0.785400
dysfunction,5669755,-0.152954,-0.079224,0.480713
dysfunction,5669775,-0.038818,-0.213379,0.839478
dysfunction,5669795,-0.089844,-0.035767,1.171753
dysfunction,5669815,-0.007935,0.075562,1.248047
dysfunction,5669835,0.042114,0.123535,1.157104
dysfunction,5669855,0.012573,-0.035278,0.940918
dysfunction,5669875,-0.043945,0.028442,0.900024
dysfunction,5669895,-0.061890,0.012817,0.862793
dysfunction,5669915,0.064209,0.063354,1.145874
dysfunction,5669935,0.031738,0.064087,1.161255
dysfunction,5669955,0.048462,-0.038818,1.066406
dysfunction,5669975,0.002563,-0.333740,1.273804
dysfunction,5669995,-0.159302,-0.000488,0.706299
dysfunction,5670015,-0.089111,0.021362,0.720581
dysfunction,5670035,-0.012695,0.018066,1.095215
dysfunction,5670055,0.079468,-0.010864,1.267822
dysfunction,5670075,0.042725,0.020020,1.252319
dysfunction,5670095,-0.056274,-0.010010,0.772339
dysfunction,5670115,-0.090454,-0.039795,0.743042
dysfunction,5670135,-0.008423,-0.025513,1.054565
dysfunction,5670155,-0.004150,-0.004761,1.017212
dysfunction,5670175,0.222290,0.327637,0.890015
dysfunction,5670195,-0.067139,0.014893,0.921997
dysfunction,5670215,-0.001343,0.019775,0.941162
dysfunction,5670235,0.010986,0.005127,1.110840
dysfunction,5670255,0.001343,-0.015259,1.106445
dysfunction,5670275,-0.006470,0.005127,0.952637
dysfunction,5670295,-0.002808,0.018311,0.942505
dysfunction,5670315,0.005615,0.000244,1.066284
dysfunction,5670335,-0.000366,0.001221,1.019531
dysfunction,5670355,0.000366,0.000977,1.007446
dysfunction,5670375,0.000000,-0.021851,0.958374
dysfunction,5670395,-0.071289,-0.213013,2.036499
dysfunction,5670415,-0.169434,-0.002686,0.943115
dysfunction,5670435,0.052124,0.054077,0.819214
dysfunction,5670455,-0.001465,-0.025635,1.120972
dysfunction,5670475,-0.005249,-0.000488,1.034790
dysfunction,5670495,0.007446,0.020386,0.991577
dysfunction,5670515,-0.006836,0.003540,0.989502
dysfunction,5670535,-0.000488,0.005371,0.977661
dysfunction,5670555,0.002808,0.008667,0.988403
dysfunction,5670575,-0.000854,0.004150,1.034302
dysfunction,5670595,0.202393,0.417480,1.159058
dysfunction,5670615,-0.020752,0.019897,0.885620
dysfunction,5670635,-0.027832,0.007202,0.863403
dysfunction,5670655,-0.004272,0.002563,1.017700
dysfunction,5670675,0.000488,-0.000977,1.103271
dysfunction,5670695,-0.003784,0.007080,1.053955
dysfunction,5670715,-0.004272,0.015625,0.943726
dysfunction,5670735,0.002563,-0.007568,1.057251
dysfunction,5670755,-0.002197,0.000366,1.011963
dysfunction,5670775,0.000854,0.001465,1.010742
dysfunction,5670795,-0.028198,-0.010986,0.958252
dysfunction,5670815,-0.185913,-0.245117,1.973999
dysfunction,5670835,0.048950,0.045166,1.177124
dysfunction,5670855,0.034180,0.059692,0.828613
dysfunction,5670875,0.001221,0.051392,0.826660
dysfunction,5670895,-0.001465,0.007690,1.028442
dysfunction,5670915,0.004761,0.019775,1.003540
dysfunction,5670935,-0.006226,0.008545,0.997070
dysfunction,5670955,0.000854,0.013794,0.975586
dysfunction,5670975,-0.007813,0.021973,1.025146
dysfunction,5670995,0.017334,-0.001343,1.176025
dysfunction,5671015,-0.258179,0.345703,2.781616
dysfunction,5671035,0.072388,0.239136,0.641479
dysfunction,5671055,-0.003662,-0.003540,0.682983
dysfunction,5671075,-0.021851,0.011963,1.130249
dysfunction,5671095,0.011475,0.062134,1.298340
dysfunction,5671115,0.138916,0.021362,1.156250
dysfunction,5671135,-0.021729,-0.031128,0.872437
dysfunction,5671155,-0.032715,-0.061035,0.882935
dysfunction,5671175,-0.056885,0.012817,0.901611
dysfunction,5671195,-0.058472,0.022705,0.872681
dysfunction,5671215,0.035522,-0.082764,0.826782
dysfunction,5671235,0.256348,0.247803,0.604370
dysfunction,5671255,-0.128784,-0.057617,1.444458
dysfunction,5671275,-0.107544,0.025024,0.785645
dysfunction,5671295,-0.054443,0.051880,0.696167
dysfunction,5671315,0.009033,0.051514,1.130371
dysfunction,5671335,-0.012451,0.046143,1.075195
dysfunction,5671355,0.055542,-0.000977,1.151733
dysfunction,5671375,0.071411,-0.015991,1.162231
dysfunction,5671395,-0.084229,-0.015015,0.731323
dysfunction,5671415,-0.007935,-0.001465,0.744995
dysfunction,5671435,0.233887,0.105835,0.697876
dysfunction,5671455,0.073242,0.038330,0.577148
dysfunction,5671475,-0.001709,-0.001709,1.044067
dysfunction,5671495,0.017700,0.010010,1.076294
dysfunction,5671515,-0.001831,-0.004028,1.057495
dysfunction,5671535,0.002441,0.031128,0.980835
dysfunction,5671555,-0.008057,0.056152,0.969604
dysfunction,5671575,0.067871,0.002930,1.245361
dysfunction,5671595,-0.087036,-0.026855,1.226685
dysfunction,5671615,-0.068848,-0.027222,0.782837
dysfunction,5671635,-0.025146,-0.068359,0.492676
dysfunction,5671655,-0.039185,0.169800,0.755493
dysfunction,5671675,-0.013306,-0.090210,1.531616
dysfunction,5671695,0.085693,-0.016968,1.429077
dysfunction,5671715,-0.015015,-0.019775,0.862061
dysfunction,5671735,-0.001099,-0.034058,0.892578
dysfunction,5671755,0.032959,-0.001709,0.996460
dysfunction,5671775,0.018921,0.018311,1.065308
dysfunction,5671795,-0.000854,-0.003906,1.033813
dysfunction,5671815,-0.000854,0.011230,0.987305
dysfunction,5671835,-0.012939,0.003052,1.020996
dysfunction,5671855,0.315063,0.485229,1.245728
dysfunction,5671875,-0.177490,0.007813,0.758911
dysfunction,5671895,0.053223,0.022217,0.838745
dysfunction,5671915,-0.022217,0.005371,1.094482
dysfunction,5671935,0.094849,-0.005859,1.275513
dysfunction,5671955,-0.050659,-0.016846,0.781494
dysfunction,5671975,-0.042480,-0.020630,0.796753
dysfunction,5671995,-0.017700,0.012817,1.060059
dysfunction,5672015,-0.032715,0.016846,0.963989
dysfunction,5672035,0.088989,0.031738,1.257324
dysfunction,5672055,-0.062134,-0.144287,0.479370
dysfunction,5672075,-0.038696,-0.273804,0.609985
dysfunction,5672095,-0.021484,-0.123047,1.101807
dysfunction,5672115,-0.096069,0.029541,0.837646
dysfunction,5672135,0.110962,0.029419,1.068604
dysfunction,5672155,-0.009155,0.041748,1.215820
dysfunction,5672175,0.008667,-0.026001,1.089355
dysfunction,5672195,0.046875,-0.018921,1.095703
dysfunction,5672215,-0.083618,0.014893,0.746338
dysfunction,5672235,-0.089966,-0.002563,0.747192
dysfunction,5672255,0.011719,0.033325,1.178833
dysfunction,5672275,-0.156128,0.540283,2.271851
dysfunction,5672295,0.241211,0.297607,0.657715
dysfunction,5672315,-0.088501,-0.113525,1.251953
dysfunction,5672335,0.006226,-0.032715,1.187744
dysfunction,5672355,-0.014282,0.025269,1.073364
dysfunction,5672375,0.009399,0.020752,1.044800
dysfunction,5672395,0.091675,-0.012695,1.056641
dysfunction,5672415,0.062012,-0.039551,1.095581
dysfunction,5672435,-0.089111,-0.005371,0.786865
dysfunction,5672455,0.018433,0.049194,0.774536
dysfunction,5672475,-0.039063,-0.055542,0.181396
dysfunction,5672495,0.003784,-0.495117,0.316162
dysfunction,5672515,-0.071777,-0.141357,1.029907
dysfunction,5672535,-0.150391,-0.069214,0.831543
dysfunction,5672555,-0.027832,0.002197,0.888428
dysfunction,5672575,-0.042969,0.023682,0.970215
dysfunction,5672595,-0.019287,0.042847,0.939819
dysfunction,5672615,0.073242,0.020142,1.303589
dysfunction,5672635,-0.036987,-0.036377,0.815674
dysfunction,5672655,-0.031250,-0.039551,0.857910
dysfunction,5672675,-0.056152,0.019775,0.892578
dysfunction,5672695,-0.283813,0.255371,2.547119
dysfunction,5672715,0.458374,0.479370,0.968506
dysfunction,5672735,0.132935,0.119995,1.023804
dysfunction,5672755,-0.035156,-0.036865,1.164063
dysfunction,5672775,-0.035889,0.018921,0.983887
dysfunction,5672795,0.013428,0.036865,0.973389
dysfunction,5672815,0.002563,0.010010,0.998291
dysfunction,5672835,0.002319,-0.000366,1.001831
dysfunction,5672855,-0.001587,-0.003174,1.043579
dysfunction,5672875,0.009155,-0.002441,1.119751
dysfunction,5672895,0.081543,0.532593,1.872925
dysfunction,5672915,-0.106323,0.014771,0.800903
dysfunction,5672935,0.073242,0.044067,0.738281
dysfunction,5672955,-0.004150,0.010498,0.909424
dysfunction,5672975,0.120117,0.002075,1.297852
dysfunction,5672995,-0.062012,-0.036255,0.789795
dysfunction,5673015,-0.012817,-0.019531,0.851074
dysfunction,5673035,-0.045654,0.018311,0.921021
dysfunction,5673055,-0.053589,0.005859,0.882812
dysfunction,5673075,0.076660,0.031616,1.269775
dysfunction,5673095,-0.066040,-0.135498,0.407227
dysfunction,5673115,-0.155151,-0.619751,0.624756
dysfunction,5673135,-0.108521,-0.121094,1.054199
dysfunction,5673155,-0.163940,-0.044312,0.844727
dysfunction,5673175,0.092407,0.012817,0.990723
dysfunction,5673195,-0.011475,0.006470,1.218262
dysfunction,5673215,0.009644,-0.038696,1.113770
dysfunction,5673235,0.056396,0.013672,1.156494
dysfunction,5673255,-0.078125,0.007080,0.754395
dysfunction,5673275,-0.095215,-0.021118,0.741089
dysfunction,5673295,-0.005615,0.029541,1.116211
dysfunction,5673315,0.072632,0.052368,1.087036
dysfunction,5673335,0.070923,0.024780,1.215332
dysfunction,5673355,-0.047729,-0.014282,0.797241
dysfunction,5673375,-0.060547,-0.038696,0.800903
dysfunction,5673395,-0.026978,0.019165,0.990967
dysfunction,5673415,-0.040405,0.017578,0.947144
dysfunction,5673435,0.085693,0.029663,1.260132
dysfunction,5673455,0.068237,0.032837,1.242676
dysfunction,5673475,0.001343,-0.033081,0.924561
dysfunction,5673495,-0.051270,0.025146,0.895752
dysfunction,5673515,-0.066895,0.012085,0.841187
dysfunction,5673535,0.062500,0.045166,1.242554
dysfunction,5673555,0.051514,0.046631,1.223755
dysfunction,5673575,0.038086,-0.031738,1.020874
dysfunction,5673595,0.041992,-0.024292,1.053101
dysfunction,5673615,-0.103271,0.002930,0.780640
dysfunction,5673635,-0.096191,0.022583,0.760742
dysfunction,5673655,-0.012085,-0.011475,1.141113
dysfunction,5673675,0.008423,-0.009766,1.019897
dysfunction,5673695,-0.030640,-0.093262,1.011597
dysfunction,5673715,-0.041138,-0.196899,1.025879
dysfunction,5673735,0.002075,-0.157837,0.999756
dysfunction,5673755,-0.003418,-0.005127,0.990723
dysfunction,5673775,-0.050659,-0.071899,1.065063
dysfunction,5673795,0.007202,-0.071289,1.006348
dysfunction,5673815,0.007324,-0.006714,1.000854
dysfunction,5673835,0.007446,-0.027344,0.988403
dysfunction,5673855,0.005249,-0.047729,0.997437
dysfunction,5673875,0.004272,0.018433,1.002319
dysfunction,5673895,0.022705,0.113037,0.993286
dysfunction,5673915,0.041870,0.183350,0.995117
dysfunction,5673935,0.027466,0.186401,1.013672
dysfunction,5673955,0.008301,0.139404,0.996094
dysfunction,5673975,0.028931,0.140991,0.995239
dysfunction,5673995,0.030518,0.071411,0.988892
dysfunction,5674015,0.024170,0.045532,1.000488
dysfunction,5674035,0.016479,0.034424,0.999878
dysfunction,5674055,-0.004883,-0.000122,1.008057
dysfunction,5674075,-0.007202,0.003906,1.004517
dysfunction,5674095,0.001709,0.004639,1.001221
dysfunction,5674115,0.001221,0.002930,1.002686
dysfunction,5674135,0.001831,0.006592,1.002319
dysfunction,5674155,0.004028,0.004883,1.000854
dysfunction,5674175,0.003662,0.010132,1.002197
dysfunction,5674195,0.002563,0.011475,1.000732
dysfunction,5674215,0.001709,0.008057,1.000610
dysfunction,5674235,0.003418,0.009888,1.001221
dysfunction,5674255,0.002808,0.008911,1.000854
dysfunction,5674275,-0.000854,0.005737,1.001343
dysfunction,5674295,-0.005127,0.004150,1.002075
dysfunction,5674315,0.006348,0.007324,1.000610
dysfunction,5674335,0.003540,0.008667,1.000854
dysfunction,5674355,-0.000122,0.010376,1.000977
dysfunction,5674375,-0.002075,0.010498,1.001465
dysfunction,5674395,0.000122,0.007935,1.001099
dysfunction,5674415,0.006958,0.005981,1.000977
dysfunction,5674435,0.000732,0.005371,1.002441
dysfunction,5674455,0.013428,0.000122,1.000977
dysfunction,5674475,0.021729,-0.014771,1.002441
dysfunction,5674495,0.001343,-0.024048,1.001831
dysfunction,5674515,0.014648,-0.070801,1.004761
dysfunction,5674535,0.022705,-0.056274,1.000610
dysfunction,5674555,0.037720,-0.072388,1.001099
dysfunction,5674575,0.024048,-0.074341,1.002441
dysfunction,5674595,-0.056152,-0.063232,1.026978
dysfunction,5674615,-0.022949,-0.045044,1.002319
dysfunction,5674635,0.011475,0.017944,0.994751
dysfunction,5674655,0.012817,0.030762,1.008911
dysfunction,5674675,-0.012939,0.086914,1.002441
dysfunction,5674695,-0.014771,0.035156,1.016968
dysfunction,5674715,0.004272,0.075928,0.992310
dysfunction,5674735,0.038452,0.067139,0.992798
dysfunction,5674755,0.035400,0.162354,1.000610
dysfunction,5674775,0.053711,0.364258,0.883911
dysfunction,5674795,0.013672,-0.197998,1.058350
dysfunction,5674815,0.009766,0.040771,1.000854
dysfunction,5674835,0.001221,0.017334,1.000610
dysfunction,5674855,0.004761,0.021240,1.002197
dysfunction,5674875,0.003784,0.014893,1.000854
dysfunction,5674895,0.005859,0.018188,1.001709
dysfunction,5674915,0.006592,0.012085,1.003052
dysfunction,5674935,0.000122,0.003662,1.016602
dysfunction,5674955,0.001221,-0.020020,1.052612
dysfunction,5674975,-0.049194,0.006470,0.925415
dysfunction,5674995,-0.046509,-0.000977,0.932739
dysfunction,5675015,0.031494,0.069946,0.982422
dysfunction,5675035,0.019775,0.068359,0.967163
dysfunction,5675055,0.045410,-0.011841,1.097778
dysfunction,5675075,-0.047241,-0.017944,0.957764
dysfunction,5675095,-0.035400,0.038940,0.971558
dysfunction,5675115,-0.015381,0.010376,0.917114
dysfunction,5675135,-0.006348,0.085571,0.905396
dysfunction,5675155,0.061890,0.002930,1.099976
dysfunction,5675175,0.063232,0.031860,1.086548
dysfunction,5675195,-0.027222,-0.046265,1.016235
dysfunction,5675215,-0.026001,-0.032837,1.027710
dysfunction,5675235,-0.031494,0.043823,0.901733
dysfunction,5675255,0.062378,0.042114,1.061279
dysfunction,5675275,0.060547,0.043213,1.051636
dysfunction,5675295,0.001465,-0.039185,1.063721
dysfunction,5675315,0.007568,-0.036743,1.072632
dysfunction,5675335,-0.046143,0.026123,0.909424
dysfunction,5675355,-0.049316,0.019165,0.915771
dysfunction,5675375,0.045288,0.062866,1.004639
dysfunction,5675395,0.031250,-0.029663,0.989746
dysfunction,5675415,0.036865,-0.024902,1.099976
dysfunction,5675435,-0.053589,0.000732,0.934326
dysfunction,5675455,-0.051758,-0.007568,0.946045
dysfunction,5675475,0.018799,0.069214,0.954834
dysfunction,5675495,0.009644,0.067383,0.941528
dysfunction,5675515,0.057739,-0.004883,1.103638
dysfunction,5675535,0.061401,0.002930,1.101563
dysfunction,5675555,-0.039917,-0.027588,0.990356
dysfunction,5675575,-0.010986,0.062012,0.915771
dysfunction,5675595,-0.018433,0.056519,0.908447
dysfunction,5675615,0.011108,-0.008667,1.036133
dysfunction,5675635,0.004150,0.013062,1.002197
dysfunction,5675655,0.005005,0.015015,1.000977
dysfunction,5675675,0.005249,0.014771,1.002319
dysfunction,5675695,-0.006714,-0.012817,1.000122
dysfunction,5675715,-0.025635,-0.034790,1.006104
dysfunction,5675735,-0.028564,0.049927,0.906372
dysfunction,5675755,0.064941,0.038940,1.056763
dysfunction,5675775,0.062866,0.044800,1.045898
dysfunction,5675795,0.001709,-0.040527,1.066895
dysfunction,5675815,0.011353,-0.038452,1.079712
dysfunction,5675835,-0.051147,0.025757,0.907471
dysfunction,5675855,-0.053101,0.017578,0.916382
dysfunction,5675875,0.044800,0.064331,0.995728
dysfunction,5675895,0.037476,0.065918,0.978516
dysfunction,5675915,0.133057,-0.002197,1.174316
dysfunction,5675935,-0.014526,-0.064453,0.752808
dysfunction,5675955,-0.070679,-0.029541,0.878052
dysfunction,5675975,0.002686,0.087280,1.061401
dysfunction,5675995,0.002319,0.088013,1.009888
dysfunction,5676015,0.074829,-0.013184,1.057007
dysfunction,5676035,0.070923,0.002075,1.054077
dysfunction,5676055,-0.051270,-0.023071,1.000977
dysfunction,5676075,-0.048584,-0.037842,0.997681
dysfunction,5676095,-0.022583,0.058838,0.936523
dysfunction,5676115,0.078979,0.022461,1.061035
dysfunction,5676135,0.078857,0.031738,0.843628
dysfunction,5676155,-0.123535,-0.094971,1.059692
dysfunction,5676175,-0.053589,0.021118,1.211060
dysfunction,5676195,-0.027588,0.023804,0.920532
dysfunction,5676215,-0.010254,0.032959,0.866333
dysfunction,5676235,0.082764,0.055176,0.960571
dysfunction,5676255,0.000610,0.044678,0.962158
dysfunction,5676275,0.007813,-0.020508,1.156250
dysfunction,5676295,-0.042236,-0.002075,0.891113
dysfunction,5676315,-0.017700,0.016602,0.933594
dysfunction,5676335,0.002686,0.004883,0.983643
dysfunction,5676355,0.004517,0.011841,0.992065
dysfunction,5676375,0.000366,0.012451,1.033203
dysfunction,5676395,0.012817,-0.008789,1.052124
dysfunction,5676415,-0.036133,0.011719,0.940674
dysfunction,5676435,0.043213,0.064697,0.943604
dysfunction,5676455,0.029297,0.066895,0.946777
dysfunction,5676475,0.050293,-0.016846,1.109131
dysfunction,5676495,0.056519,-0.013550,1.106445
dysfunction,5676515,-0.051392,-0.017578,0.976807
dysfunction,5676535,-0.049072,-0.021484,0.988525
dysfunction,5676555,-0.007202,0.062988,0.911865
dysfunction,5676575,-0.013794,0.060913,0.905762
dysfunction,5676595,0.069580,0.014893,1.088623
dysfunction,5676615,-0.030273,-0.036499,1.025513
dysfunction,5676635,-0.024170,-0.038574,1.036865
dysfunction,5676655,-0.034302,0.049805,0.895020
dysfunction,5676675,-0.038818,0.045044,0.895630
dysfunction,5676695,0.068115,0.041870,1.049072
dysfunction,5676715,0.063843,0.048706,1.034790
dysfunction,5676735,0.009155,-0.041138,1.079590
dysfunction,5676755,0.018188,-0.038208,1.089600
dysfunction,5676775,-0.052002,0.023193,0.912476
dysfunction,5676795,0.050171,0.061401,0.999268
dysfunction,5676815,0.041260,0.066040,0.984741
dysfunction,5676835,0.005737,0.037476,0.990234
dysfunction,5676855,0.000610,0.014648,1.015137
dysfunction,5676875,0.004272,0.012817,0.998169
dysfunction,5676895,0.006836,0.013794,1.000732
dysfunction,5676915,-0.002075,-0.017944,1.006958
dysfunction,5676935,-0.016113,-0.041016,1.025269
dysfunction,5676955,-0.040649,0.043213,0.904785
dysfunction,5676975,0.060059,0.039673,1.029175
dysfunction,5676995,0.056763,0.052002,1.027344
dysfunction,5677015,0.014160,-0.048340,1.080078
dysfunction,5677035,0.037720,-0.024658,1.089355
dysfunction,5677055,-0.129639,-0.059814,0.930908
dysfunction,5677075,-0.086182,-0.107666,0.973877
dysfunction,5677095,-0.020386,-0.010254,0.987793
dysfunction,5677115,0.042969,0.085815,0.954590
dysfunction,5677135,-0.040649,0.100098,1.001587
dysfunction,5677155,-0.143066,0.064209,1.012085
dysfunction,5677175,0.003662,0.008057,0.890747
dysfunction,5677195,0.168335,0.111694,0.986938
dysfunction,5677215,0.081543,0.032715,1.009399
dysfunction,5677235,0.131836,0.085205,1.018677
dysfunction,5677255,0.090454,-0.006348,0.998535
dysfunction,5677275,0.068481,-0.054810,1.021362
dysfunction,5677295,0.111816,-0.046753,0.992798
dysfunction,5677315,0.110840,-0.056274,0.997070
dysfunction,5677335,0.121948,-0.068237,0.986816
dysfunction,5677355,0.159668,-0.041138,1.009277
dysfunction,5677375,0.113403,-0.087646,0.952026
dysfunction,5677395,0.054687,-0.056641,0.980469
dysfunction,5677415,-0.054565,-0.132690,0.965088
dysfunction,5677435,-0.077148,-0.127319,0.952026
dysfunction,5677455,0.030151,0.024780,1.047485
dysfunction,5677475,0.043213,0.122681,1.090088
dysfunction,5677495,-0.016724,0.002563,0.983521
dysfunction,5677515,-0.070923,-0.112061,0.962158
dysfunction,5677535,-0.072388,-0.160889,0.947876
dysfunction,5677555,0.376953,-0.202393,0.873657
dysfunction,5677575,0.084229,-0.086792,1.007568
dysfunction,5677595,0.142944,0.186768,1.082397
dysfunction,5677615,0.211548,0.146118,1.086548
dysfunction,5677635,0.060791,-0.006104,0.958130
dysfunction,5677655,0.224365,-0.033691,0.958008
dysfunction,5677675,0.175781,-0.014160,0.991943
dysfunction,5677695,0.151245,0.072632,0.994629
dysfunction,5677715,0.168213,0.102539,0.940186
dysfunction,5677735,-0.103516,-0.029785,1.063965
dysfunction,5677755,-0.102173,-0.056152,1.047241
dysfunction,5677775,-0.276611,-0.264038,0.935059
dysfunction,5677795,-0.112549,-0.065552,1.138916
dysfunction,5677815,0.130493,0.078369,0.661987
dysfunction,5677835,-0.046997,0.011963,1.100708
dysfunction,5677855,-0.017456,0.010864,0.997803
dysfunction,5677875,-0.015747,0.008423,0.994019
dysfunction,5677895,-0.015869,0.003052,0.992920
dysfunction,5677915,-0.008057,0.035645,0.996948
dysfunction,5677935,-0.015503,0.010742,0.994263
dysfunction,5677955,-0.017822,-0.001709,0.995850
dysfunction,5677975,-0.013062,0.013672,0.994385
dysfunction,5677995,-0.018555,0.010742,0.998535
dysfunction,5678015,-0.020264,0.007568,0.995361
dysfunction,5678035,-0.020508,0.007690,0.995117
dysfunction,5678055,-0.021973,0.003418,0.995483
dysfunction,5678075,-0.039551,-0.032227,1.039307
dysfunction,5678095,-0.039185,-0.021729,1.002075
dysfunction,5678115,-0.083984,-0.054199,1.066284
dysfunction,5678135,0.105591,0.207031,0.712036
dysfunction,5678155,-0.087036,0.222656,0.692139
dysfunction,5678175,-0.047485,-0.052612,1.088135
dysfunction,5678195,-0.181885,-0.180420,1.267212
dysfunction,5678215,-0.185547,-0.237549,1.308960
dysfunction,5678235,-0.045898,0.161377,0.842773
dysfunction,5678255,-0.081055,0.127441,0.945923
dysfunction,5678275,0.098877,0.106689,0.750000
dysfunction,5678295,0.027832,0.077881,0.742187
dysfunction,5678315,0.053589,-0.180664,1.097168
dysfunction,5678335,-0.096558,-0.128296,1.034058
dysfunction,5678355,-0.084473,-0.164185,1.213745
dysfunction,5678375,-0.055786,0.246460,0.759155
dysfunction,5678395,-0.064331,0.243530,0.772461
dysfunction,5678415,0.078247,-0.035767,0.975708
dysfunction,5678435,0.078247,-0.003418,0.947388
dysfunction,5678455,-0.054443,-0.241821,1.259399
dysfunction,5678475,-0.043823,-0.248657,1.261963
dysfunction,5678495,-0.086914,0.154175,0.884155
dysfunction,5678515,0.051636,0.115112,0.831421
dysfunction,5678535,0.052979,0.140991,0.809082
dysfunction,5678555,-0.010254,-0.257813,1.237549
dysfunction,5678575,0.002930,-0.247437,1.223999
dysfunction,5678595,-0.106689,0.028198,1.027832
dysfunction,5678615,-0.087646,-0.024902,1.076904
dysfunction,5678635,-0.012085,0.217529,0.770386
dysfunction,5678655,-0.025391,0.221313,0.769653
dysfunction,5678675,0.044189,-0.130615,1.084717
dysfunction,5678695,-0.078247,-0.120361,1.163330
dysfunction,5678715,-0.071411,-0.136597,1.179810
dysfunction,5678735,-0.051758,0.218872,0.771362
dysfunction,5678755,-0.058716,0.213623,0.788208
dysfunction,5678775,-0.023315,-0.022705,0.970459
dysfunction,5678795,-0.021484,0.001587,0.984741
dysfunction,5678815,-0.019897,-0.003906,0.998901
dysfunction,5678835,-0.020142,-0.004272,0.999390
dysfunction,5678855,-0.020386,-0.000244,0.993408
dysfunction,5678875,-0.020874,-0.001831,0.995605
dysfunction,5678895,-0.021118,-0.001831,0.995361
dysfunction,5678915,-0.020508,-0.000854,0.995117
dysfunction,5678935,-0.020752,-0.000854,0.996216
dysfunction,5678955,-0.020996,-0.002319,0.996216
dysfunction,5678975,-0.020264,-0.001221,0.995728
dysfunction,5678995,-0.020142,-0.003174,0.996338
dysfunction,5679015,-0.018799,-0.003174,0.996216
dysfunction,5679035,-0.019775,0.000244,0.996826
dysfunction,5679055,-0.020752,-0.003174,0.995239
dysfunction,5679075,-0.038086,-0.005371,1.012817
dysfunction,5679095,-0.017578,0.133057,0.869385
dysfunction,5679115,-0.018188,0.242554,0.757690
dysfunction,5679135,0.053589,-0.134155,1.073608
dysfunction,5679155,0.054687,-0.116211,1.057007
dysfunction,5679175,-0.089600,-0.147095,1.192749
dysfunction,5679195,-0.040527,-0.157837,1.219971
dysfunction,5679215,-0.053711,0.240479,0.768677
dysfunction,5679235,0.060791,-0.033325,0.972290
dysfunction,5679255,0.061035,0.004272,0.935791
dysfunction,5679275,-0.046875,-0.233398,1.251587
dysfunction,5679295,-0.031494,-0.246216,1.250610
dysfunction,5679315,-0.092529,0.153809,0.890747
dysfunction,5679335,-0.093384,0.125366,0.929443
dysfunction,5679355,0.022583,0.135620,0.809448
dysfunction,5679375,0.004761,-0.240723,1.216309
dysfunction,5679395,0.017578,-0.229980,1.194458
dysfunction,5679415,-0.098877,0.018799,1.043213
dysfunction,5679435,-0.097534,-0.015991,1.071167
dysfunction,5679455,0.001953,0.220947,0.753784
dysfunction,5679475,0.005371,0.235229,0.746094
dysfunction,5679495,0.046753,-0.179565,1.137207
dysfunction,5679515,0.040405,-0.161987,1.115967
dysfunction,5679535,-0.086670,-0.101807,1.169434
dysfunction,5679555,-0.024414,0.231567,0.751221
dysfunction,5679575,-0.036133,0.225586,0.778198
dysfunction,5679595,0.045776,-0.069702,0.998169
dysfunction,5679615,0.047485,-0.042725,0.968506
dysfunction,5679635,-0.055664,-0.192749,1.237427
dysfunction,5679655,-0.044922,-0.208740,1.238281
dysfunction,5679675,-0.078857,0.162109,0.867798
dysfunction,5679695,-0.022705,-0.000732,0.988892
dysfunction,5679715,-0.019409,-0.000977,0.996216
dysfunction,5679735,-0.020386,0.000122,0.999390
dysfunction,5679755,-0.019531,-0.005249,1.001221
dysfunction,5679775,-0.031738,0.046021,0.970825
dysfunction,5679795,-0.064209,0.112549,0.932617
dysfunction,5679815,0.032349,0.093750,0.843140
dysfunction,5679835,0.020874,0.131714,0.809692
dysfunction,5679855,0.005981,-0.218262,1.205322
dysfunction,5679875,0.018066,-0.210327,1.190674
dysfunction,5679895,-0.091675,0.019897,1.053101
dysfunction,5679915,-0.001953,0.191528,0.761108
dysfunction,5679935,-0.013184,0.207275,0.753906
dysfunction,5679955,0.041504,-0.169312,1.131958
dysfunction,5679975,0.048706,-0.147827,1.111328
dysfunction,5679995,-0.077515,-0.092896,1.153931
dysfunction,5680015,-0.073486,-0.114624,1.170776
dysfunction,5680035,-0.056885,0.210937,0.767212
dysfunction,5680055,0.056519,0.212402,0.786377
dysfunction,5680075,0.054810,-0.054443,1.000732
dysfunction,5680095,0.006348,-0.017700,1.066162
dysfunction,5680115,-0.020142,-0.005249,1.013306
dysfunction,5680135,-0.022339,0.000122,0.990234
dysfunction,5680155,-0.021362,-0.001221,0.999390
dysfunction,5680175,-0.013916,0.015625,0.984619
dysfunction,5680195,-0.008423,0.090088,0.889893
dysfunction,5680215,0.031128,-0.164673,1.154785
dysfunction,5680235,-0.093750,-0.030640,1.155029
dysfunction,5680255,-0.086670,-0.062012,1.118530
dysfunction,5680275,-0.032959,0.194092,0.754272
dysfunction,5680295,-0.047119,0.203491,0.753052
dysfunction,5680315,0.063354,-0.109375,1.082764
dysfunction,5680335,0.053589,-0.093994,1.041504
dysfunction,5680355,-0.059692,-0.163208,1.202515
dysfunction,5680375,-0.054932,-0.178711,1.206787
dysfunction,5680395,-0.058594,0.213135,0.829346
dysfunction,5680415,0.037231,-0.020386,0.946411
dysfunction,5680435,0.032349,0.020142,0.908325
dysfunction,5680455,-0.048340,-0.232422,1.213501
dysfunction,5680475,-0.037109,-0.239990,1.212524
dysfunction,5680495,-0.046265,0.176270,0.937378
dysfunction,5680515,-0.043091,0.139526,0.966797
dysfunction,5680535,0.017700,0.148560,0.815552
dysfunction,5680555,0.013672,0.166626,0.796753
dysfunction,5680575,-0.005005,-0.245972,1.188843
dysfunction,5680595,-0.067993,0.036133,1.045776
dysfunction,5680615,-0.069214,0.007690,1.071045
dysfunction,5680635,0.000366,0.226196,0.774048
dysfunction,5680655,-0.006714,0.236328,0.766846
dysfunction,5680675,0.014526,-0.068970,1.027710
dysfunction,5680695,-0.019287,0.001221,1.003662
dysfunction,5680715,-0.021362,-0.005249,1.003296
dysfunction,5680735,-0.020020,-0.001465,1.000732
dysfunction,5680755,-0.021484,-0.001221,0.999023
dysfunction,5680775,-0.019165,-0.002197,1.001221
dysfunction,5680795,-0.019653,-0.001099,1.001099
dysfunction,5680815,-0.019531,-0.000488,1.000854
dysfunction,5680835,-0.019897,-0.002319,1.000854
dysfunction,5680855,-0.020020,-0.003296,1.000977
dysfunction,5680875,-0.018921,-0.001953,1.000854
dysfunction,5680895,-0.022583,0.003418,0.999146
dysfunction,5680915,-0.039307,0.036743,1.011841
dysfunction,5680935,0.012085,0.174683,0.841309
dysfunction,5680955,-0.017700,-0.261719,1.145508
dysfunction,5680975,-0.023560,-0.251465,1.142700
dysfunction,5680995,-0.056885,0.034180,1.056885
dysfunction,5681015,-0.069336,-0.035156,1.098267
dysfunction,5681035,0.023804,0.275513,0.796143
dysfunction,5681055,-0.023560,0.236084,0.803345
dysfunction,5681075,-0.155884,-0.163696,1.264526
dysfunction,5681095,-0.151489,-0.113037,1.132080
dysfunction,5681115,-0.001953,0.134155,0.937378
dysfunction,5681135,-0.014648,0.002075,0.899902
dysfunction,5681155,-0.006592,0.036621,0.898682
dysfunction,5681175,0.015381,-0.096802,1.150391
dysfunction,5681195,0.015259,-0.092163,1.143921
dysfunction,5681215,-0.015869,0.066406,1.004028
dysfunction,5681235,-0.015503,0.058105,1.015503
dysfunction,5681255,-0.013794,0.067871,0.864014
dysfunction,5681275,0.018311,-0.091675,0.866577
dysfunction,5681295,0.019531,-0.089111,1.105225
dysfunction,5681315,-0.006836,0.024536,1.067017
dysfunction,5681335,-0.004517,0.010010,1.086182
dysfunction,5681355,-0.023071,0.097534,0.851318
dysfunction,5681375,-0.026367,0.103027,0.851562
dysfunction,5681395,0.014038,-0.058105,1.033203
dysfunction,5681415,0.010010,-0.045532,1.013672
dysfunction,5681435,-0.015137,-0.046997,1.022583
dysfunction,5681455,-0.137939,0.092529,1.123901
dysfunction,5681475,-0.035034,0.225586,1.043579
dysfunction,5681495,0.037476,-0.051880,0.849121
dysfunction,5681515,0.038696,-0.020508,0.822144
dysfunction,5681535,0.002197,-0.069946,1.173950
dysfunction,5681555,-0.010498,-0.077026,1.163452
dysfunction,5681575,-0.030762,0.099854,0.985840
dysfunction,5681595,-0.019653,0.082153,0.997803
dysfunction,5681615,0.011108,0.036011,0.838135
dysfunction,5681635,-0.021729,-0.102905,1.065796
dysfunction,5681655,0.135132,-0.165649,0.844238
dysfunction,5681675,-0.118286,0.247925,1.092529
dysfunction,5681695,-0.061279,0.078369,1.177368
dysfunction,5681715,0.002319,0.020874,0.685181
dysfunction,5681735,-0.004883,-0.008789,0.932739
dysfunction,5681755,-0.011841,0.015991,1.046387
dysfunction,5681775,-0.004517,0.018433,1.060791
dysfunction,5681795,-0.004883,0.021729,1.005859
dysfunction,5681815,0.018311,-0.076294,1.034912
dysfunction,5681835,-0.011597,-0.096924,0.655273
dysfunction,5681855,-0.179932,-0.147461,0.983765
dysfunction,5681875,-0.097290,-0.048706,1.318481
dysfunction,5681895,-0.018188,0.117920,0.879028
dysfunction,5681915,0.022705,0.068848,0.839844
dysfunction,5681935,0.038818,-0.015137,0.935059
dysfunction,5681955,0.010864,-0.031006,0.937378
dysfunction,5681975,-0.007690,-0.028076,1.200684
dysfunction,5681995,-0.010498,0.075317,0.857666
dysfunction,5682015,-0.128296,-0.005737,0.211670
dysfunction,5682035,-0.228271,-0.253174,0.637817
dysfunction,5682055,0.025391,0.048462,1.013794
dysfunction,5682075,-0.065674,-0.112549,1.172729
dysfunction,5682095,0.133667,-0.104370,1.129761
dysfunction,5682115,0.017944,0.062134,0.976074
dysfunction,5682135,-0.015625,0.071289,0.995483
dysfunction,5682155,-0.007935,0.098999,0.910645
dysfunction,5682175,0.040283,-0.096558,1.061523
dysfunction,5682195,-0.000854,-0.100220,0.966187
dysfunction,5682215,-0.470215,-0.139282,1.675293
dysfunction,5682235,-0.036621,0.166138,1.319214
dysfunction,5682255,0.032471,0.056030,0.806274
dysfunction,5682275,0.001587,0.022461,0.698364
dysfunction,5682295,0.035278,-0.026367,1.032593
dysfunction,5682315,0.021851,-0.055786,1.175293
dysfunction,5682335,-0.000244,-0.035034,1.157959
dysfunction,5682355,-0.024902,0.088257,0.846924
dysfunction,5682375,-0.013550,0.077515,0.884399
dysfunction,5682395,-0.051147,-0.036011,0.830688
dysfunction,5682415,0.190063,-0.067261,0.064819
dysfunction,5682435,0.142090,0.184204,1.475708
dysfunction,5682455,0.038452,0.056763,1.215332
dysfunction,5682475,0.063721,0.002808,0.850830
dysfunction,5682495,0.032593,0.050903,0.888794
dysfunction,5682515,-0.015503,0.077026,0.895386
dysfunction,5682535,0.003296,0.015137,1.053711
dysfunction,5682555,0.002808,0.007080,1.025513
dysfunction,5682575,0.000977,0.001465,0.990967
dysfunction,5682595,-0.407715,-0.240479,1.035889
dysfunction,5682615,-0.248413,0.139404,1.115601
dysfunction,5682635,0.058838,-0.023315,1.111206
dysfunction,5682655,-0.007690,-0.073975,1.058228
dysfunction,5682675,-0.083740,0.176758,0.946655
dysfunction,5682695,-0.021362,0.173828,0.891602
dysfunction,5682715,0.034912,-0.082642,0.975586
dysfunction,5682735,0.014404,-0.085449,0.929810
dysfunction,5682755,-0.001587,-0.067871,1.143677
dysfunction,5682775,-0.556274,-0.215210,1.812012
dysfunction,5682795,0.110474,0.000732,1.135498
dysfunction,5682815,-0.020752,0.063110,0.942871
dysfunction,5682835,-0.068970,-0.055054,0.955078
dysfunction,5682855,-0.063354,-0.005981,1.181763
dysfunction,5682875,0.012085,-0.031616,1.160522
dysfunction,5682895,-0.016602,0.057129,0.908569
dysfunction,5682915,-0.022583,0.039307,0.947021
dysfunction,5682935,-0.002808,0.031250,0.896240
dysfunction,5682955,-0.386719,-0.179810,0.767700
dysfunction,5682975,0.021362,0.281006,1.136963
dysfunction,5682995,0.047485,0.113647,1.233521
dysfunction,5683015,0.018921,-0.106445,1.033325
dysfunction,5683035,-0.003052,0.151978,1.043579
dysfunction,5683055,0.022583,0.142944,0.953491
dysfunction,5683075,0.090942,-0.014160,1.077759
dysfunction,5683095,0.078369,-0.020752,1.042603
dysfunction,5683115,-0.040649,-0.053711,1.007935
dysfunction,5683135,0.113403,-0.161987,0.390869
dysfunction,5683155,-0.284302,0.276855,0.972778
dysfunction,5683175,0.023437,-0.130005,0.814941
dysfunction,5683195,0.011597,-0.098267,0.777954
dysfunction,5683215,-0.025146,-0.095215,1.156006
dysfunction,5683235,-0.023926,-0.079102,1.130005
dysfunction,5683255,-0.051758,0.142212,0.865967
dysfunction,5683275,-0.049683,0.120728,0.882812
dysfunction,5683295,0.014893,0.018066,0.914917
dysfunction,5683315,0.019043,0.036255,0.916748
dysfunction,5683335,0.020142,-0.067627,1.143555
dysfunction,5683355,-0.001953,0.034180,0.974243
dysfunction,5683375,0.002075,0.027832,0.979370
dysfunction,5683395,-0.002075,0.005615,1.003418
dysfunction,5683415,0.002075,0.007813,1.000977
dysfunction,5683435,-0.022949,-0.000122,0.993896
dysfunction,5683455,-0.026001,-0.005127,1.046387
dysfunction,5683475,-0.013306,0.107300,0.883179
dysfunction,5683495,-0.024048,0.101318,0.887695
dysfunction,5683515,0.034424,-0.026978,1.006958
dysfunction,5683535,-0.007446,-0.055542,1.126709
dysfunction,5683555,-0.001465,-0.062866,1.135376
dysfunction,5683575,-0.028198,0.097046,0.902222
dysfunction,5683595,-0.029907,0.090576,0.914673
dysfunction,5683615,0.033936,0.026489,0.948608
dysfunction,5683635,0.020386,0.036743,0.924316
dysfunction,5683655,0.013550,-0.081421,1.141357
dysfunction,5683675,0.020874,-0.078247,1.138184
dysfunction,5683695,-0.033203,0.054565,0.984131
dysfunction,5683715,0.021118,0.066284,0.892456
dysfunction,5683735,0.009888,0.071533,0.882202
dysfunction,5683755,0.029541,-0.070068,1.116333
dysfunction,5683775,0.033447,-0.072266,1.100342
dysfunction,5683795,-0.027344,0.020020,1.050171
dysfunction,5683815,-0.031250,0.007813,1.057617
dysfunction,5683835,-0.007324,0.100220,0.862549
dysfunction,5683855,-0.017578,0.101563,0.864258
dysfunction,5683875,0.039307,-0.049194,1.036743
dysfunction,5683895,-0.017212,-0.032959,1.107300
dysfunction,5683915,-0.015259,-0.041992,1.109741
dysfunction,5683935,-0.028564,0.105469,0.884399
dysfunction,5683955,-0.034668,0.100952,0.889282
dysfunction,5683975,0.041748,-0.002197,0.980835
dysfunction,5683995,0.041870,0.035034,0.930908
dysfunction,5684015,0.016235,-0.102173,1.146484
dysfunction,5684035,-0.041382,-0.100830,1.144531
dysfunction,5684055,-0.071655,0.041260,0.896362
dysfunction,5684075,0.066528,0.096069,1.004517
dysfunction,5684095,0.060181,0.124512,0.937256
dysfunction,5684115,0.083496,-0.011108,1.054810
dysfunction,5684135,0.105591,-0.082886,1.179199
dysfunction,5684155,0.023071,0.072144,1.082153
dysfunction,5684175,0.136963,0.003418,0.991699
dysfunction,5684195,0.132324,0.036743,0.997681
dysfunction,5684215,0.084839,0.047485,0.973267
dysfunction,5684235,0.008057,-0.003418,1.020020
dysfunction,5684255,0.016357,-0.013428,0.967041
dysfunction,5684275,0.103882,0.043945,0.941895
dysfunction,5684295,0.059692,0.152954,0.850098
dysfunction,5684315,0.023193,0.133179,0.829834
dysfunction,5684335,-0.128662,-0.151611,1.158813
dysfunction,5684355,-0.140747,-0.079468,1.143066
dysfunction,5684375,-0.038086,-0.060669,1.061646
dysfunction,5684395,-0.009155,0.115112,0.750977
dysfunction,5684415,0.077759,0.117310,0.643921
dysfunction,5684435,-0.287476,-0.049316,1.368408
dysfunction,5684455,-0.127197,-0.023560,1.266846
dysfunction,5684475,-0.130981,-0.053101,1.202026
dysfunction,5684495,-0.091187,-0.272461,1.242432
dysfunction,5684515,-0.005249,0.143921,0.803467
dysfunction,5684535,0.046509,0.159790,0.900879
dysfunction,5684555,-0.019897,0.132324,0.940308
dysfunction,5684575,-0.070557,-0.269897,1.114258
dysfunction,5684595,-0.083618,-0.245361,1.108887
dysfunction,5684615,0.007446,0.005493,0.932251
dysfunction,5684635,-0.057373,-0.033081,0.991455
dysfunction,5684655,0.095703,0.232178,0.884277
dysfunction,5684675,0.080078,0.224243,0.888184
dysfunction,5684695,-0.018433,-0.068726,1.156372
dysfunction,5684715,-0.021118,-0.062378,1.184204
dysfunction,5684735,-0.080811,-0.090454,0.999878
dysfunction,5684755,0.039917,0.156494,0.800537
dysfunction,5684775,0.033569,0.179199,0.793701
dysfunction,5684795,0.001221,-0.052612,1.087402
dysfunction,5684815,-0.000977,-0.056885,0.992920
dysfunction,5684835,-0.005371,-0.111938,1.094604
dysfunction,5684855,0.040161,-0.032593,1.108887
dysfunction,5684875,0.026001,0.145874,0.951050
dysfunction,5684895,0.052612,0.152832,0.946777
dysfunction,5684915,0.018311,0.128540,0.973511
dysfunction,5684935,0.015747,-0.020264,1.096191
dysfunction,5684955,0.014282,-0.020142,1.172363
dysfunction,5684975,0.111938,0.076538,0.728027
dysfunction,5684995,0.020264,-0.040405,0.991577
dysfunction,5685015,-0.026733,-0.073486,0.987793
dysfunction,5685035,-0.061401,-0.075806,1.008301
dysfunction,5685055,-0.088989,-0.072754,1.001587
dysfunction,5685075,-0.135864,-0.084106,0.900269
dysfunction,5685095,-0.018066,-0.169434,1.199341
dysfunction,5685115,-0.011963,0.158203,0.944580
dysfunction,5685135,-0.024048,0.094360,0.953491
dysfunction,5685155,-0.013062,0.033569,0.896851
dysfunction,5685175,-0.019043,0.056763,0.884644
dysfunction,5685195,0.009155,-0.083374,1.134888
dysfunction,5685215,0.003906,-0.068726,1.119019
dysfunction,5685235,0.002563,0.016357,1.028320
dysfunction,5685255,-0.018799,0.079102,0.870605
dysfunction,5685275,-0.022339,0.085571,0.860718
dysfunction,5685295,-0.020264,-0.050171,1.088745
dysfunction,5685315,-0.023315,-0.041382,1.074829
dysfunction,5685335,0.020264,-0.035034,1.086182
dysfunction,5685355,0.013672,-0.042236,1.099976
dysfunction,5685375,-0.005737,0.096924,0.867065
dysfunction,5685395,-0.126709,-0.154541,0.996948
dysfunction,5685415,-0.118530,0.296753,0.810791
dysfunction,5685435,-0.003296,-0.256714,1.072144
dysfunction,5685455,0.019897,-0.167114,1.155151
dysfunction,5685475,0.001343,0.170044,0.966309
dysfunction,5685495,-0.044312,0.135620,0.974121
dysfunction,5685515,0.014648,0.005615,0.871704
dysfunction,5685535,-0.027222,0.021484,0.855591
dysfunction,5685555,0.003784,-0.093018,1.149292
dysfunction,5685575,-0.113281,-0.122437,0.759521
dysfunction,5685595,-0.218018,-0.328369,0.984009
dysfunction,5685615,-0.244873,0.129639,0.831543
dysfunction,5685635,0.027222,0.076294,0.865112
dysfunction,5685655,-0.037476,-0.178589,1.027222
dysfunction,5685675,-0.027466,-0.112671,1.055908
dysfunction,5685695,-0.032837,0.060547,1.098267
dysfunction,5685715,-0.026367,0.029175,1.093994
dysfunction,5685735,-0.020630,0.082397,0.814941
dysfunction,5685755,-0.012329,0.086060,0.859375
dysfunction,5685775,0.732666,0.577026,1.974243
dysfunction,5685795,0.059570,-0.148071,0.373535
dysfunction,5685815,-0.078613,-0.145508,0.906250
dysfunction,5685835,0.067993,0.088989,1.110352
dysfunction,5685855,0.017456,0.074219,1.081177
dysfunction,5685875,-0.016724,-0.031250,0.981201
dysfunction,5685895,-0.009766,-0.063599,1.054565
dysfunction,5685915,-0.042358,0.059570,0.974976
dysfunction,5685935,0.036377,0.039795,0.978271
dysfunction,5685955,0.074097,0.063721,0.876831
dysfunction,5685975,0.802734,0.198364,1.306885
dysfunction,5685995,0.073364,-0.054077,1.507080
dysfunction,5686015,-0.039795,-0.106567,0.613037
dysfunction,5686035,-0.066528,-0.038452,1.050049
dysfunction,5686055,-0.112915,0.179443,0.971313
dysfunction,5686075,0.003906,0.167236,0.902100
dysfunction,5686095,0.035645,-0.076538,1.026001
dysfunction,5686115,-0.022339,-0.028809,1.002441
dysfunction,5686135,-0.022705,-0.028931,1.110596
dysfunction,5686155,-0.206543,0.011597,0.432373
dysfunction,5686175,0.200684,0.007202,0.531372
dysfunction,5686195,-0.064209,-0.076782,1.133911
dysfunction,5686215,0.056763,0.003174,1.151001
dysfunction,5686235,0.083008,0.006226,1.142212
dysfunction,5686255,0.002808,-0.063965,1.140503
dysfunction,5686275,-0.039185,0.044800,0.916626
dysfunction,5686295,0.054932,0.056396,0.985718
dysfunction,5686315,0.041992,0.064087,0.949219
dysfunction,5686335,-0.003540,-0.086792,1.138672
dysfunction,5686355,0.007690,-0.089233,1.130981
dysfunction,5686375,-0.035034,0.053223,0.995239
dysfunction,5686395,-0.030396,0.045898,0.998779
dysfunction,5686415,0.014404,0.081909,0.890503
dysfunction,5686435,0.011230,0.082886,0.872803
dysfunction,5686455,0.031372,-0.067017,1.117310
dysfunction,5686475,-0.038940,0.018799,1.047729
dysfunction,5686495,-0.033325,0.008423,1.062622
dysfunction,5686515,-0.009766,0.092163,0.857544
dysfunction,5686535,-0.013184,0.098755,0.856323
dysfunction,5686555,0.034424,-0.047485,1.052979
dysfunction,5686575,0.035156,-0.035767,1.039063
dysfunction,5686595,-0.029297,-0.039795,1.116211
dysfunction,5686615,-0.004150,0.009521,1.002563
dysfunction,5686635,-0.005737,0.012695,1.002930
dysfunction,5686655,-0.003784,0.011841,1.004272
dysfunction,5686675,-0.005005,0.010376,1.002930
dysfunction,5686695,-0.015625,0.004761,0.981079
dysfunction,5686715,-0.033447,0.026611,0.992554
dysfunction,5686735,-0.002197,0.088745,0.874878
dysfunction,5686755,-0.010620,0.100098,0.865479
dysfunction,5686775,0.034668,-0.047729,1.059570
dysfunction,5686795,0.059326,-0.040649,1.048706
dysfunction,5686815,-0.030151,-0.035034,1.100220
dysfunction,5686835,-0.025757,0.100464,0.871216
dysfunction,5686855,-0.042480,0.098389,0.863892
dysfunction,5686875,0.043701,-0.010864,1.007935
dysfunction,5686895,0.045410,0.006714,0.982666
dysfunction,5686915,-0.013062,-0.069336,1.130859
dysfunction,5686935,-0.007080,-0.082642,1.142944
dysfunction,5686955,-0.056763,0.070190,0.896484
dysfunction,5686975,0.023315,0.062500,0.896729
dysfunction,5686995,0.014404,0.040039,0.907227
dysfunction,5687015,0.003418,-0.081421,1.140137
dysfunction,5687035,0.012695,-0.084106,1.139038
dysfunction,5687055,-0.047852,0.041626,0.996948
dysfunction,5687075,-0.051147,0.039917,1.008911
dysfunction,5687095,0.005615,0.082764,0.873047
dysfunction,5687115,0.002319,0.091187,0.867187
dysfunction,5687135,0.035522,-0.067017,1.101807
dysfunction,5687155,-0.045776,0.000732,1.086304
dysfunction,5687175,-0.042969,-0.009888,1.072510
dysfunction,5687195,-0.015259,0.102173,0.863403
dysfunction,5687215,-0.020020,0.099487,0.872437
dysfunction,5687235,0.040405,-0.030762,1.040649
dysfunction,5687255,0.042358,-0.018921,1.023193
dysfunction,5687275,-0.030396,-0.054443,1.120239
dysfunction,5687295,-0.025024,-0.061157,1.127686
dysfunction,5687315,-0.032837,0.090576,0.892944
dysfunction,5687335,0.042603,0.011841,0.976074
dysfunction,5687355,0.040894,0.023071,0.957764
dysfunction,5687375,-0.005981,-0.074707,1.144287
dysfunction,5687395,0.000977,-0.080200,1.147827
dysfunction,5687415,0.000488,0.017700,1.004150
dysfunction,5687435,-0.000610,0.015137,1.004028
dysfunction,5687455,-0.008911,0.008423,1.001831
dysfunction,5687475,-0.271362,0.132202,1.560425
dysfunction,5687495,-0.148071,-0.101563,0.911865
dysfunction,5687515,-0.204346,-0.143433,0.968628
dysfunction,5687535,0.002563,-0.098022,1.126343
dysfunction,5687555,0.034424,0.155762,0.954590
dysfunction,5687575,0.022339,0.106079,0.949463
dysfunction,5687595,0.043701,0.016602,0.962280
dysfunction,5687615,0.038818,0.016846,0.955933
dysfunction,5687635,-0.020142,-0.081787,1.152954
dysfunction,5687655,-0.016235,-0.082642,1.149170
dysfunction,5687675,-0.038086,0.082886,0.954468
dysfunction,5687695,0.034668,0.041870,0.915771
dysfunction,5687715,0.118652,-0.155151,0.485474
dysfunction,5687735,0.089722,0.220581,0.870850
dysfunction,5687755,0.012573,0.008057,1.257080
dysfunction,5687775,-0.059692,0.050171,0.974854
dysfunction,5687795,-0.073608,0.060059,0.947998
dysfunction,5687815,-0.016724,0.045410,0.859619
dysfunction,5687835,0.023804,0.086670,0.880493
dysfunction,5687855,0.029419,-0.062134,1.095215
dysfunction,5687875,0.029785,-0.091064,0.902710
dysfunction,5687895,-0.090454,-0.060181,1.121704
dysfunction,5687915,-0.069824,0.196777,0.766724
dysfunction,5687935,-0.030884,0.166260,0.794678
dysfunction,5687955,0.068970,0.004883,1.080444
dysfunction,5687975,0.040405,-0.014160,1.001099
dysfunction,5687995,-0.031616,-0.036133,1.093628
dysfunction,5688015,-0.028320,0.104614,1.151245
dysfunction,5688035,-0.039063,0.089111,0.909546
dysfunction,5688055,-0.117798,-0.119019,0.653931
dysfunction,5688075,-0.019653,0.042969,0.989136
dysfunction,5688095,-0.042358,-0.179199,1.113159
dysfunction,5688115,0.009033,-0.123657,1.174072
dysfunction,5688135,-0.014160,0.059448,1.018311
dysfunction,5688155,-0.051025,0.060669,0.983154
dysfunction,5688175,0.025146,0.079834,0.877686
dysfunction,5688195,0.011353,-0.084351,1.123169
dysfunction,5688215,0.020508,-0.078613,1.112305
dysfunction,5688235,-0.006348,0.023193,0.994141
dysfunction,5688255,-0.334839,-0.105835,0.707153
dysfunction,5688275,0.033569,0.183228,1.056519
dysfunction,5688295,-0.017090,0.150269,0.983032
dysfunction,5688315,-0.025024,0.015869,0.947144
dysfunction,5688335,-0.042480,0.017212,0.963623
dysfunction,5688355,0.007080,0.037964,0.915649
dysfunction,5688375,0.023926,-0.066284,1.114380
dysfunction,5688395,0.028687,-0.064331,1.105347
dysfunction,5688415,-0.053833,0.016724,1.020508
dysfunction,5688435,-0.096069,-0.227905,1.185181
dysfunction,5688455,0.061035,0.109009,1.055664
dysfunction,5688475,0.053345,0.072266,0.937256
dysfunction,5688495,0.072632,0.060181,1.055542
dysfunction,5688515,0.024658,-0.020020,1.036743
dysfunction,5688535,-0.051636,-0.001465,1.042725
dysfunction,5688555,-0.015991,0.112671,0.894287
dysfunction,5688575,-0.022461,0.087280,0.910522
dysfunction,5688595,0.037598,-0.000366,1.002319
dysfunction,5688615,-0.030762,-0.013306,0.638550
dysfunction,5688635,0.059814,-0.263794,1.098633
dysfunction,5688655,0.000610,-0.188721,1.153687
dysfunction,5688675,-0.022217,0.050537,0.956665
dysfunction,5688695,-0.011230,0.060425,0.996948
dysfunction,5688715,0.027466,0.057983,0.906982
dysfunction,5688735,-0.010864,-0.088135,1.123779
dysfunction,5688755,0.011963,-0.081787,1.133301
dysfunction,5688775,-0.108276,0.072510,1.177246
dysfunction,5688795,0.026489,0.174561,0.965454
dysfunction,5688815,-0.032471,0.071411,0.801147
dysfunction,5688835,-0.036743,0.102051,0.826538
dysfunction,5688855,0.035645,-0.062500,1.090942
dysfunction,5688875,-0.039917,-0.063721,1.062744
dysfunction,5688895,-0.044434,-0.017090,1.084717
dysfunction,5688915,-0.007202,0.105713,0.864136
dysfunction,5688935,-0.010010,0.108643,0.870361
dysfunction,5688955,0.036377,-0.025513,1.027222
dysfunction,5688975,0.037476,-0.013184,1.015381
dysfunction,5688995,-0.033569,-0.058594,1.123169
dysfunction,5689015,-0.023315,-0.066162,1.123047
dysfunction,5689035,-0.027710,0.079956,0.921875
dysfunction,5689055,0.007202,0.013672,1.001465
dysfunction,5689075,-0.006104,0.005981,1.003052
dysfunction,5689095,-0.003052,0.009888,1.004150
dysfunction,5689115,-0.001099,0.004272,1.007935
dysfunction,5689135,-0.029541,0.027832,0.955322
dysfunction,5689155,-0.045410,0.035645,0.974121
dysfunction,5689175,0.007813,0.088257,0.885254
dysfunction,5689195,0.000977,0.097656,0.877441
dysfunction,5689215,0.031738,-0.057617,1.083740
dysfunction,5689235,-0.044800,-0.013794,1.059448
dysfunction,5689255,-0.042480,-0.027954,1.075928
dysfunction,5689275,-0.017456,0.101685,0.872070
dysfunction,5689295,-0.025757,0.099487,0.874756
dysfunction,5689315,0.045654,-0.017700,1.025391
dysfunction,5689335,0.045044,-0.005005,1.010742
dysfunction,5689355,-0.025269,-0.064331,1.115845
dysfunction,5689375,-0.019775,-0.069702,1.124146
dysfunction,5689395,-0.042847,0.085571,0.905884
dysfunction,5689415,0.044434,0.026245,0.962524
dysfunction,5689435,0.041138,0.037964,0.946777
dysfunction,5689455,0.002075,-0.078003,1.135132
dysfunction,5689475,0.007202,-0.080444,1.136353
dysfunction,5689495,-0.055298,0.055542,0.967285
dysfunction,5689515,-0.052124,0.049927,0.978516
dysfunction,5689535,0.020386,0.074829,0.894897
dysfunction,5689555,0.013672,0.083862,0.888428
dysfunction,5689575,0.027100,-0.071655,1.115601
dysfunction,5689595,-0.052734,0.011963,1.032349
dysfunction,5689615,0.063232,-0.059082,1.183350
dysfunction,5689635,0.069092,0.207031,0.886108
dysfunction,5689655,0.027710,0.114502,0.927002
dysfunction,5689675,0.036133,-0.024048,1.054077
dysfunction,5689695,0.047485,-0.023560,1.038818
dysfunction,5689715,-0.034668,-0.056885,1.115479
dysfunction,5689735,-0.055542,-0.062622,1.104370
dysfunction,5689755,-0.024658,0.094604,0.906982
dysfunction,5689775,0.047974,0.006470,1.005615
dysfunction,5689795,0.044189,0.008911,0.978760
dysfunction,5689815,-0.023926,-0.080444,1.128662
dysfunction,5689835,-0.006104,-0.073975,1.134766
dysfunction,5689855,0.003174,0.024902,1.007202
dysfunction,5689875,-0.009277,0.013672,1.007080
dysfunction,5689895,-0.008911,0.003174,1.000854
dysfunction,5689915,-0.005737,0.003540,0.990112
dysfunction,5689935,0.032104,0.002197,1.062622
dysfunction,5689955,-0.022217,-0.047363,1.052734
dysfunction,5689975,-0.017578,-0.062256,1.120117
dysfunction,5689995,-0.049194,0.082275,0.902710
dysfunction,5690015,-0.053589,0.070435,0.917114
dysfunction,5690035,0.039795,0.037354,0.946777
dysfunction,5690055,0.039063,0.053833,0.930908
dysfunction,5690075,0.013916,-0.074951,1.140991
dysfunction,5690095,-0.059082,0.054077,0.960449
dysfunction,5690115,-0.060303,0.043945,0.972290
dysfunction,5690135,0.015747,0.074829,0.892578
dysfunction,5690155,0.009277,0.083252,0.885010
dysfunction,5690175,0.033081,-0.067261,1.117310
dysfunction,5690195,0.041504,-0.054077,1.106079
dysfunction,5690215,-0.053223,-0.000366,1.033813
dysfunction,5690235,-0.051025,-0.016235,1.052368
dysfunction,5690255,-0.015869,0.099854,0.869995
dysfunction,5690275,0.044189,-0.039429,1.068115
dysfunction,5690295,0.052979,-0.023926,1.054321
dysfunction,5690315,-0.040527,-0.044067,1.087524
dysfunction,5690335,-0.036255,-0.054077,1.100586
dysfunction,5690355,-0.036377,0.091919,0.879883
dysfunction,5690375,-0.046509,0.089355,0.891724
dysfunction,5690395,0.051025,0.015747,0.985718
dysfunction,5690415,0.476196,0.427246,1.825317
dysfunction,5690435,0.010620,-0.208740,0.671143
dysfunction,5690455,0.053345,0.109497,1.139526
dysfunction,5690475,0.020874,0.052124,1.138428
dysfunction,5690495,0.046509,0.161255,0.773804
dysfunction,5690515,0.063110,0.077637,0.859863
dysfunction,5690535,-0.024414,-0.122192,1.158447
dysfunction,5690555,0.005737,-0.086548,1.163940
dysfunction,5690575,-0.040161,0.043823,1.004028
dysfunction,5690595,-0.041138,0.017944,1.026611
dysfunction,5690615,0.135864,0.402344,1.360229
dysfunction,5690635,0.087646,-0.163452,0.911011
dysfunction,5690655,-0.016235,-0.228027,0.877686
dysfunction,5690675,-0.024902,-0.071289,1.188599
dysfunction,5690695,-0.017212,-0.020264,1.105347
dysfunction,5690715,0.024170,0.015137,0.926025
dysfunction,5690735,0.009888,0.026978,0.936768
dysfunction,5690755,-0.033813,-0.041138,1.049194
dysfunction,5690775,-0.016724,-0.059937,1.075806
dysfunction,5690795,-0.017456,0.093018,0.918091
dysfunction,5690815,0.313477,0.259644,0.465088
dysfunction,5690835,-0.176514,0.122681,0.102051
dysfunction,5690855,-0.009888,-0.026733,0.281738
dysfunction,5690875,-0.019531,-0.313354,1.347412
dysfunction,5690895,0.050659,0.090454,1.140503
dysfunction,5690915,0.058716,0.068237,1.039063
dysfunction,5690935,0.004028,0.055298,0.832642
dysfunction,5690955,0.019043,-0.100220,0.863647
dysfunction,5690975,0.020874,-0.085327,1.120483
dysfunction,5690995,-0.054932,0.016602,1.034058
dysfunction,5691015,-0.139893,-0.086182,0.181885
dysfunction,5691035,0.079224,-0.390137,0.080078
dysfunction,5691055,-0.023682,0.059814,0.794922
dysfunction,5691075,-0.017944,-0.004272,1.333008
dysfunction,5691095,0.093628,0.079346,1.121216
dysfunction,5691115,-0.088501,-0.027954,1.091187
dysfunction,5691135,-0.054443,0.089844,0.897217
dysfunction,5691155,0.007935,0.093262,0.932983
dysfunction,5691175,0.067627,0.010010,1.001709
dysfunction,5691195,0.034302,-0.000854,0.999023
dysfunction,5691215,-0.021484,-0.068726,1.144165
dysfunction,5691235,-0.098145,-0.573975,1.091187
dysfunction,5691255,-0.080933,0.000244,0.789307
dysfunction,5691275,-0.378052,0.097168,1.057861
dysfunction,5691295,-0.070435,-0.065796,0.808594
dysfunction,5691315,-0.057251,-0.118042,1.178223
dysfunction,5691335,0.003662,-0.072510,1.151245
dysfunction,5691355,-0.066772,0.086548,0.911499
dysfunction,5691375,-0.048096,0.043823,0.955566
dysfunction,5691395,0.009766,0.074463,0.865234
dysfunction,5691415,-0.004639,0.083984,0.890503
dysfunction,5691435,-0.115479,-0.138184,0.723145
dysfunction,5691455,0.132935,-0.032959,0.081299
dysfunction,5691475,0.117188,0.169556,1.426147
dysfunction,5691495,-0.083984,-0.062500,1.066040
dysfunction,5691515,0.045654,0.068726,0.919434
dysfunction,5691535,-0.006958,0.016113,1.039185
dysfunction,5691555,0.002808,0.027588,0.995361
dysfunction,5691575,0.044678,-0.015137,1.086548
dysfunction,5691595,0.027710,-0.054932,1.107544
dysfunction,5691615,-0.051270,-0.022583,1.047363
dysfunction,5691635,-0.091309,-0.075806,0.237793
dysfunction,5691655,0.106323,-0.365967,0.107666
dysfunction,5691675,-0.249634,-0.312378,2.194214
dysfunction,5691695,0.067017,-0.012817,1.160522
dysfunction,5691715,-0.058228,-0.109985,1.186646
dysfunction,5691735,-0.015625,-0.089478,1.045898
dysfunction,5691755,0.032471,0.050659,0.932007
dysfunction,5691775,0.067261,0.044189,0.932007
dysfunction,5691795,-0.002319,0.167358,0.890869
dysfunction,5691815,-0.122559,0.156372,0.858643
dysfunction,5691835,-0.135132,-0.156494,1.187500
dysfunction,5691855,0.035400,-0.052612,0.926636
dysfunction,5691875,-0.001831,-0.011963,0.760376
dysfunction,5691895,0.074829,0.211914,1.138306
dysfunction,5691915,0.097656,0.218262,0.964478
dysfunction,5691935,-0.097900,-0.078125,0.965820
dysfunction,5691955,-0.108765,-0.111816,1.034058
dysfunction,5691975,-0.031250,-0.129517,1.142212
dysfunction,5691995,0.111450,0.277588,1.208374
dysfunction,5692015,0.127686,0.277832,0.788330
dysfunction,5692035,-0.134521,0.035645,1.002441
dysfunction,5692055,-0.110474,0.075562,0.974365
dysfunction,5692075,-0.221191,-0.106445,0.179321
dysfunction,5692095,-0.117188,-0.147827,1.018921
dysfunction,5692115,0.126099,0.045288,0.918335
dysfunction,5692135,0.137451,0.076538,0.995850
dysfunction,5692155,-0.017090,0.226074,0.916260
dysfunction,5692175,-0.167114,-0.325439,1.225708
dysfunction,5692195,-0.165161,-0.298950,1.200562
dysfunction,5692215,0.121704,-0.000122,1.000488
dysfunction,5692235,0.093872,-0.040283,0.995117
dysfunction,5692255,0.035278,0.291748,0.800171
dysfunction,5692275,0.053711,0.303711,0.760254
dysfunction,5692295,0.129150,0.125488,2.042603
dysfunction,5692315,0.027710,0.090820,0.916016
dysfunction,5692335,-0.007446,-0.072144,0.905762
dysfunction,5692355,0.002808,-0.002319,1.152466
dysfunction,5692375,-0.020508,0.007568,1.084717
dysfunction,5692395,-0.029419,-0.123413,1.044189
dysfunction,5692415,-0.056763,-0.255493,1.123779
dysfunction,5692435,0.155640,0.234253,0.834473
dysfunction,5692455,0.150513,0.218628,0.820679
dysfunction,5692475,-0.077148,0.092896,0.996094
dysfunction,5692495,-0.056152,0.130371,0.934448
dysfunction,5692515,-0.418335,-0.090332,0.316284
dysfunction,5692535,0.049927,0.154297,0.169312
dysfunction,5692555,0.089111,-0.088745,1.177490
dysfunction,5692575,0.011719,0.263794,0.798218
dysfunction,5692595,0.045654,0.271484,0.894653
dysfunction,5692615,-0.200562,-0.287964,1.247681
dysfunction,5692635,-0.181274,-0.267700,1.231079
dysfunction,5692655,0.081299,-0.084595,1.056885
dysfunction,5692675,0.058594,-0.098877,1.058228
dysfunction,5692695,0.077026,0.311890,0.757812
dysfunction,5692715,-0.160034,-0.176025,1.218140
dysfunction,5692735,-0.148193,-0.158325,1.203735
dysfunction,5692755,-0.004395,-0.227417,1.980835
dysfunction,5692775,-0.120728,-0.338257,1.503418
dysfunction,5692795,0.117188,0.291626,0.915283
dysfunction,5692815,0.126099,0.277466,0.557739
dysfunction,5692835,-0.121582,0.002686,1.009644
dysfunction,5692855,-0.034668,-0.256226,1.024414
dysfunction,5692875,-0.064819,-0.275391,1.190308
dysfunction,5692895,0.139038,0.195068,0.803345
dysfunction,5692915,0.150635,0.174683,0.823242
dysfunction,5692935,-0.070557,0.132324,0.975220
dysfunction,5692955,-0.044800,0.153320,0.948730
dysfunction,5692975,-0.392700,-0.130493,0.433350
dysfunction,5692995,-0.136230,0.038940,1.004517
dysfunction,5693015,0.074585,-0.106201,1.244263
dysfunction,5693035,0.028198,0.281616,0.855957
dysfunction,5693055,0.050781,0.285645,0.819214
dysfunction,5693075,-0.181885,-0.266724,1.251221
dysfunction,5693095,-0.171997,-0.230957,1.220825
dysfunction,5693115,0.015747,-0.020264,1.066162
dysfunction,5693135,-0.006104,0.013306,1.021973
dysfunction,5693155,-0.014526,-0.001587,0.992310
dysfunction,5693175,-0.014038,-0.000977,0.987427
dysfunction,5693195,-0.018066,0.012939,1.018677
dysfunction,5693215,-0.127930,-0.237183,2.033325
dysfunction,5693235,-0.179077,-0.266357,1.374512
dysfunction,5693255,0.125000,0.092651,0.898315
dysfunction,5693275,0.088623,-0.007935,0.799316
dysfunction,5693295,0.009399,0.273560,0.854248
dysfunction,5693315,0.014282,0.294678,0.810303
dysfunction,5693335,-0.165405,-0.207397,1.196777
dysfunction,5693355,-0.164062,-0.175537,1.157349
dysfunction,5693375,0.053711,-0.150024,1.088745
dysfunction,5693395,0.077393,0.305786,0.787476
dysfunction,5693415,0.079468,0.273804,0.778320
dysfunction,5693435,-0.250122,0.098511,2.916016
dysfunction,5693455,-0.092773,0.078003,1.264893
dysfunction,5693475,0.061157,-0.093262,0.942383
dysfunction,5693495,-0.027222,-0.116821,1.057739
dysfunction,5693515,0.071045,0.168335,0.874878
dysfunction,5693535,0.072021,0.160400,0.911621
dysfunction,5693555,-0.042847,0.005249,0.940308
dysfunction,5693575,-0.081177,-0.182861,1.214233
dysfunction,5693595,-0.089844,-0.186646,1.181396
dysfunction,5693615,0.078979,0.122681,0.933594
dysfunction,5693635,0.072998,0.124390,0.930298
dysfunction,5693655,0.343872,0.634033,2.246948
dysfunction,5693675,0.109619,0.235718,0.742187
dysfunction,5693695,-0.057129,-0.212402,0.992065
dysfunction,5693715,0.037720,-0.175171,1.160645
dysfunction,5693735,-0.016602,0.152832,0.973022
dysfunction,5693755,-0.015991,0.000977,0.859497
dysfunction,5693775,-0.008911,0.074463,0.833130
dysfunction,5693795,0.004150,-0.102539,1.184570
dysfunction,5693815,0.022461,-0.077759,1.123779
dysfunction,5693835,-0.024292,0.028687,1.054932
dysfunction,5693855,-0.025146,0.027710,1.062378
dysfunction,5693875,-0.005859,0.081665,0.833008
dysfunction,5693895,-0.133911,-0.101807,2.185913
dysfunction,5693915,-0.029419,-0.075684,0.272461
dysfunction,5693935,0.262695,0.208618,1.194702
dysfunction,5693955,0.031128,0.080811,1.161987
dysfunction,5693975,0.021240,-0.015747,0.972290
dysfunction,5693995,-0.015259,-0.017090,0.963379
dysfunction,5694015,-0.004639,0.049805,0.938721
dysfunction,5694035,-0.039429,0.078125,0.948364
dysfunction,5694055,0.017944,0.014648,0.968628
dysfunction,5694075,-0.008789,-0.074829,1.138062
dysfunction,5694095,-0.019531,-0.079224,1.152954
dysfunction,5694115,-0.040161,0.249390,1.832275
dysfunction,5694135,-0.135986,0.189941,0.967529
dysfunction,5694155,-0.054077,-0.146729,0.668091
dysfunction,5694175,-0.075317,-0.037598,0.715210
dysfunction,5694195,0.015381,-0.017944,1.152710
dysfunction,5694215,0.017700,-0.056885,1.162964
dysfunction,5694235,-0.029785,0.028564,1.049561
dysfunction,5694255,-0.019409,0.074097,0.851318
dysfunction,5694275,0.001465,0.092773,0.837158
dysfunction,5694295,0.035156,-0.055054,1.097290
dysfunction,5694315,-0.102295,-0.111328,0.545166
dysfunction,5694335,-0.006470,-0.318726,0.846558
dysfunction,5694355,-0.062744,0.035645,1.228638
dysfunction,5694375,-0.009399,0.104004,0.880981
dysfunction,5694395,-0.002075,0.086670,0.869263
dysfunction,5694415,-0.031250,-0.086426,0.929443
dysfunction,5694435,-0.023437,-0.000122,1.152710
dysfunction,5694455,0.000732,-0.026855,1.177368
dysfunction,5694475,-0.030640,0.079346,0.893555
dysfunction,5694495,-0.044312,0.076904,0.927734
dysfunction,5694515,0.008057,0.011963,0.906250
dysfunction,5694535,0.014038,0.031860,0.895020
dysfunction,5694555,-0.262695,0.063965,1.991943
dysfunction,5694575,0.128662,0.286743,1.151001
dysfunction,5694595,-0.038208,-0.094849,0.780640
dysfunction,5694615,0.081909,0.087402,1.031860
dysfunction,5694635,0.059082,0.134033,0.973389
dysfunction,5694655,0.044556,-0.046753,1.138550
dysfunction,5694675,0.040894,-0.039673,1.105225
dysfunction,5694695,-0.038574,-0.028564,1.104858
dysfunction,5694715,-0.026367,-0.028320,1.099487
dysfunction,5694735,0.000488,0.105347,0.902832
dysfunction,5694755,0.002686,0.017822,1.015991
dysfunction,5694775,0.813965,0.605957,1.945679
dysfunction,5694795,0.054077,-0.101074,0.173340
dysfunction,5694815,-0.083862,-0.096680,0.904541
dysfunction,5694835,0.084595,0.109131,1.170898
dysfunction,5694855,0.048706,0.054565,1.144409
dysfunction,5694875,-0.061157,-0.082397,1.109253
dysfunction,5694895,-0.023193,-0.086182,1.132690
dysfunction,5694915,-0.003418,0.102661,0.932739
dysfunction,5694935,0.062134,0.037964,1.025269
dysfunction,5694955,0.048828,0.026245,0.998779
dysfunction,5694975,-0.013794,-0.078735,1.153076
dysfunction,5694995,0.027832,-0.081055,1.072876
dysfunction,5695015,0.027466,0.048096,0.982300
dysfunction,5695035,0.059814,0.067627,0.993896
dysfunction,5695055,-0.034180,0.049316,0.937866
dysfunction,5695075,-0.039551,0.105713,0.937622
dysfunction,5695095,-0.036255,-0.066284,1.083984
dysfunction,5695115,0.062012,-0.009644,0.988403
dysfunction,5695135,0.059692,-0.073853,1.104248
dysfunction,5695155,0.056885,0.193359,0.856934
dysfunction,5695175,0.061646,0.154785,0.880249
dysfunction,5695195,-0.121704,-0.033447,1.036133
dysfunction,5695215,-0.037476,0.029663,1.140259
dysfunction,5695235,-0.175415,-0.214478,1.115845
dysfunction,5695255,-0.235474,-0.182739,1.100220
dysfunction,5695275,0.103394,-0.050415,0.827393
dysfunction,5695295,0.105469,0.294312,1.089844
dysfunction,5695315,0.080078,0.270142,1.114502
dysfunction,5695335,-0.244507,-0.196045,1.075806
dysfunction,5695355,-0.159546,-0.066406,1.059448
dysfunction,5695375,-0.132324,-0.205933,0.650757
dysfunction,5695395,-0.240845,-0.035522,0.759155
dysfunction,5695415,0.009399,-0.077637,1.315308
dysfunction,5695435,0.144043,-0.211548,1.052002
dysfunction,5695455,-0.074829,0.188232,1.006836
dysfunction,5695475,-0.191040,-0.325806,0.877441
dysfunction,5695495,-0.205322,-0.228271,0.903320
dysfunction,5695515,0.227295,0.066406,0.965942
dysfunction,5695535,0.217773,0.069946,0.911865
dysfunction,5695555,-0.006958,-0.019653,0.990967
dysfunction,5695575,-0.036133,-0.016846,0.963623
dysfunction,5695595,-0.023926,-0.018188,1.010132
dysfunction,5695615,0.022949,0.071289,0.972290
dysfunction,5695635,0.047485,-0.179321,0.987061
dysfunction,5695655,-0.022095,0.215576,0.867798
dysfunction,5695675,-0.032593,0.137329,1.038086
dysfunction,5695695,-0.177612,-0.291504,0.972046
dysfunction,5695715,-0.211670,-0.214844,1.012329
dysfunction,5695735,0.237671,0.095093,1.014404
dysfunction,5695755,0.159180,0.031738,0.969360
dysfunction,5695775,0.076904,0.133545,1.078125
dysfunction,5695795,-0.294189,-0.254150,1.070801
dysfunction,5695815,-0.276001,-0.229004,0.929077
dysfunction,5695835,0.100220,-0.013916,0.987061
dysfunction,5695855,-0.258179,0.160278,0.638550
dysfunction,5695875,0.224609,0.168701,1.187622
dysfunction,5695895,0.130859,-0.154541,0.987793
dysfunction,5695915,-0.112671,-0.030029,0.973999
dysfunction,5695935,-0.067505,-0.024902,1.038696
dysfunction,5695955,-0.197021,-0.088501,0.968506
dysfunction,5695975,0.027344,-0.019775,1.002075
dysfunction,5695995,0.098267,0.130371,1.053711
dysfunction,5696015,-0.044556,-0.006592,0.975586
dysfunction,5696035,-0.011353,0.124756,1.035645
dysfunction,5696055,-0.179810,-0.231323,0.925537
dysfunction,5696075,0.127197,-0.469482,1.374634
dysfunction,5696095,-0.013306,0.406006,0.613281
dysfunction,5696115,0.136841,0.351807,1.008301
dysfunction,5696135,0.059937,-0.218140,1.020630
dysfunction,5696155,-0.198730,-0.281128,0.756714
dysfunction,5696175,-0.191162,-0.373779,0.784180
dysfunction,5696195,-0.121582,-0.125122,0.974976
dysfunction,5696215,0.000977,-0.141357,1.070068
dysfunction,5696235,0.134766,0.317139,1.096802
dysfunction,5696255,0.135376,0.237305,1.107300
dysfunction,5696275,-0.113403,-0.019287,0.923584
dysfunction,5696295,0.035156,0.196167,1.441772
dysfunction,5696315,0.058838,-0.241699,0.894531
dysfunction,5696335,0.175659,0.529297,1.080322
dysfunction,5696355,0.136597,0.341431,1.051392
dysfunction,5696375,-0.079956,-0.167358,0.985962
dysfunction,5696395,-0.025269,0.035889,1.034790
dysfunction,5696415,-0.011230,-0.030273,0.976685
dysfunction,5696435,-0.020996,-0.007690,0.990112
dysfunction,5696455,-0.020508,-0.009033,1.009521
dysfunction,5696475,0.142090,0.138550,1.135010
dysfunction,5696495,-0.034058,0.040649,0.973755
dysfunction,5696515,0.158813,-0.459351,1.393677
dysfunction,5696535,-0.040649,-0.364380,0.782227
dysfunction,5696555,-0.119141,0.166382,0.923584
dysfunction,5696575,-0.153687,0.015259,1.038818
dysfunction,5696595,-0.058960,0.012939,1.007935
dysfunction,5696615,0.069702,0.260864,1.124512
dysfunction,5696635,-0.106567,-0.242310,0.897217
dysfunction,5696655,0.197998,-0.082886,0.932007
dysfunction,5696675,-0.025146,-0.138306,1.003296
dysfunction,5696695,0.057373,0.035034,1.007935
dysfunction,5696715,0.075562,0.142944,1.056519
dysfunction,5696735,-0.198486,-0.251831,0.719604
dysfunction,5696755,-0.145752,-0.003540,0.843018
dysfunction,5696775,0.172241,-0.114746,1.268921
dysfunction,5696795,0.153687,-0.121948,1.150024
dysfunction,5696815,0.146362,0.111328,1.030884
dysfunction,5696835,-0.032227,0.262695,1.104126
dysfunction,5696855,-0.061890,0.111694,1.029053
dysfunction,5696875,-0.180420,-0.094849,0.958252
dysfunction,5696895,-0.221924,-0.265381,0.860229
dysfunction,5696915,0.103760,0.135254,1.081787
dysfunction,5696935,0.215088,0.205200,1.188232
dysfunction,5696955,-0.014771,0.257568,0.943115
dysfunction,5696975,-0.154541,-0.017090,0.790161
dysfunction,5696995,-0.295776,-0.379761,1.092529
dysfunction,5697015,0.151611,-0.110718,0.993530
dysfunction,5697035,0.169800,-0.017822,0.992798
dysfunction,5697055,0.076050,0.162476,1.072754
dysfunction,5697075,0.046387,0.095337,1.039917
dysfunction,5697095,-0.190796,-0.246216,0.847778
dysfunction,5697115,-0.172607,-0.304932,0.832886
dysfunction,5697135,0.125610,-0.054810,1.135376
dysfunction,5697155,0.096558,-0.089966,1.093994
dysfunction,5697175,0.086304,0.118286,0.999634
dysfunction,5697195,0.012085,0.218262,1.445557
dysfunction,5697215,-0.032227,-0.342773,1.160400
dysfunction,5697235,-0.017334,-0.252075,0.858398
dysfunction,5697255,0.018555,-0.139282,0.862915
dysfunction,5697275,-0.035034,-0.052246,1.013184
dysfunction,5697295,-0.215210,-0.259277,0.850708
dysfunction,5697315,0.131104,0.012817,1.084839
dysfunction,5697335,0.070312,-0.048584,1.035767
dysfunction,5697355,0.031006,0.111694,1.009888
dysfunction,5697375,-0.190430,-0.201660,0.879517
dysfunction,5697395,0.058594,-0.542358,1.162231
dysfunction,5697415,-0.195435,0.151611,0.638672
dysfunction,5697435,-0.048462,0.067383,1.109009
dysfunction,5697455,0.144897,-0.157104,1.046753
dysfunction,5697475,0.180298,0.059937,1.099731
dysfunction,5697495,-0.144043,-0.200684,0.847778
dysfunction,5697515,-0.174805,-0.240723,0.804077
dysfunction,5697535,-0.167358,-0.354858,0.905273
dysfunction,5697555,0.177612,0.243286,1.132202
dysfunction,5697575,0.215576,0.268677,1.156250
dysfunction,5697595,-0.038818,0.089233,0.999268
dysfunction,5697615,-0.175293,0.090210,0.501343
dysfunction,5697635,-0.311279,0.187744,0.752686
dysfunction,5697655,-0.423706,-0.712402,0.916382
dysfunction,5697675,0.173096,-0.036377,1.085327
dysfunction,5697695,0.001465,0.414673,1.082397
dysfunction,5697715,0.038452,0.275635,1.095215
dysfunction,5697735,-0.099976,0.020996,1.032959
dysfunction,5697755,-0.113892,-0.030518,0.997192
dysfunction,5697775,-0.049927,-0.119385,0.981812
dysfunction,5697795,-0.054687,-0.138306,1.016357
dysfunction,5697815,0.100342,0.287476,1.117554
dysfunction,5697835,0.031616,0.695312,0.686157
dysfunction,5697855,-0.010254,-0.277954,0.979248
dysfunction,5697875,-0.120972,-0.014282,0.932861
dysfunction,5697895,-0.243774,-0.020264,0.854370
dysfunction,5697915,0.071655,0.187866,1.061401
dysfunction,5697935,0.122070,0.235962,1.045532
dysfunction,5697955,-0.064941,-0.236450,0.862915
dysfunction,5697975,-0.135254,-0.154175,0.835327
dysfunction,5697995,0.017334,-0.033325,1.032837
dysfunction,5698015,-0.019775,-0.003418,1.017700
dysfunction,5698035,-0.019043,-0.019287,1.007324
dysfunction,5698055,0.278076,-0.516479,1.654419
dysfunction,5698075,0.031006,-0.350220,0.830322
dysfunction,5698095,-0.042725,0.293091,0.915649
dysfunction,5698115,-0.113403,0.074585,0.982178
dysfunction,5698135,0.037109,0.209717,1.147461
dysfunction,5698155,0.060547,0.221313,1.073364
dysfunction,5698175,-0.072632,-0.248169,0.921997
dysfunction,5698195,-0.191650,-0.247192,0.843628
dysfunction,5698215,0.143555,0.040161,1.127075
dysfunction,5698235,0.046143,0.129395,1.064209
dysfunction,5698255,0.064941,0.114014,1.060059
dysfunction,5698275,-0.320313,-0.046387,0.089233
dysfunction,5698295,-0.121826,-0.396362,0.840698
dysfunction,5698315,-0.071167,-0.069336,1.273682
dysfunction,5698335,-0.067139,-0.388794,1.045654
dysfunction,5698355,0.144287,0.130859,1.135376
dysfunction,5698375,0.164307,0.177979,1.127808
dysfunction,5698395,-0.040771,0.130737,1.031128
dysfunction,5698415,-0.147217,-0.179932,0.949585
dysfunction,5698435,-0.198730,-0.214600,0.920776
dysfunction,5698455,0.138062,0.107056,1.110352
dysfunction,5698475,0.162231,0.147827,1.121216
dysfunction,5698495,0.148193,-0.199951,1.936890
dysfunction,5698515,-0.001831,-0.281006,0.927734
dysfunction,5698535,-0.051880,0.108521,1.024170
dysfunction,5698555,0.049194,-0.028687,0.842285
dysfunction,5698575,0.041138,-0.102905,1.023804
dysfunction,5698595,0.034424,0.087769,1.056641
dysfunction,5698615,0.028931,0.017212,1.030151
dysfunction,5698635,-0.184692,-0.239380,0.872070
dysfunction,5698655,-0.206055,-0.320190,0.801880
dysfunction,5698675,-0.003418,-0.111206,1.085449
dysfunction,5698695,-0.242676,0.173950,0.674683
dysfunction,5698715,0.179443,0.004761,1.203369
dysfunction,5698735,-0.072388,0.225952,1.108887
dysfunction,5698755,-0.139526,0.051514,0.896240
dysfunction,5698775,-0.135132,-0.226807,1.023560
dysfunction,5698795,-0.143311,-0.265381,1.010376
dysfunction,5698815,-0.021484,-0.105835,0.980713
dysfunction,5698835,-0.015747,-0.033691,0.987427
dysfunction,5698855,-0.015137,-0.030029,0.985596
dysfunction,5698875,-0.019775,-0.015137,0.999390
dysfunction,5698895,0.013428,0.011353,1.030273
dysfunction,5698915,-0.065186,-0.069824,0.956421
dysfunction,5698935,-0.028687,0.165649,1.237671
dysfunction,5698955,0.121460,-0.217773,0.974609
dysfunction,5698975,-0.125732,-0.015747,0.881104
dysfunction,5698995,0.114136,0.264038,1.069946
dysfunction,5699015,0.115601,0.197632,1.091064
dysfunction,5699035,-0.131348,-0.230957,0.912109
dysfunction,5699055,-0.101929,-0.125977,0.935547
dysfunction,5699075,-0.068726,-0.206177,0.989014
dysfunction,5699095,0.164307,0.354492,1.051025
dysfunction,5699115,0.177002,0.321533,1.103760
dysfunction,5699135,-0.063843,-0.024048,0.941040
dysfunction,5699155,-0.263062,-0.613892,1.803833
dysfunction,5699175,-0.232422,-0.162354,0.640137
dysfunction,5699195,-0.212280,-0.313965,0.963745
dysfunction,5699215,0.164795,0.177979,1.091919
dysfunction,5699235,0.176270,0.179321,0.998291
dysfunction,5699255,0.044800,0.151855,1.044434
dysfunction,5699275,-0.244019,-0.323120,0.931396
dysfunction,5699295,-0.238403,-0.318115,0.978394
dysfunction,5699315,0.112793,0.083618,0.977173
dysfunction,5699335,0.082031,0.029419,0.984863
dysfunction,5699355,0.091675,0.218750,1.068604
dysfunction,5699375,0.000610,-0.290649,1.673462
dysfunction,5699395,-0.121338,0.034546,0.545532
dysfunction,5699415,-0.289917,-0.275879,1.025024
dysfunction,5699435,-0.075928,-0.151367,1.010132
dysfunction,5699455,0.107422,0.127319,1.280029
dysfunction,5699475,0.086426,0.169800,1.137573
dysfunction,5699495,-0.188232,-0.118286,1.102539
dysfunction,5699515,-0.209473,-0.275879,1.164185
dysfunction,5699535,0.109863,0.157104,0.819580
dysfunction,5699555,-0.059204,0.068359,1.040527
dysfunction,5699575,0.098145,-0.082764,0.838379
dysfunction,5699595,0.030762,-0.046753,0.949707
dysfunction,5699615,0.020264,-0.032959,1.117676
dysfunction,5699635,-0.004272,0.005005,1.008911
dysfunction,5699655,-0.016479,0.001709,1.003052
dysfunction,5699675,-0.010620,-0.000610,0.995361
dysfunction,5699695,-0.009766,-0.023926,1.007202
dysfunction,5699715,-0.014893,0.063599,0.941650
dysfunction,5699735,-0.024292,0.096069,0.921753
dysfunction,5699755,-0.007202,0.003540,0.913208
dysfunction,5699775,0.003784,-0.089600,0.895630
dysfunction,5699795,0.008423,-0.094238,1.148315
dysfunction,5699815,-0.012817,0.062012,1.004395
dysfunction,5699835,-0.011963,0.055786,1.021606
dysfunction,5699855,-0.013306,0.057495,0.858398
dysfunction,5699875,-0.017822,0.063843,0.854004
dysfunction,5699895,0.010620,-0.089600,1.105591
dysfunction,5699915,0.007690,-0.077637,1.083496
dysfunction,5699935,-0.006348,0.009399,1.094727
dysfunction,5699955,-0.018066,0.084961,0.849731
dysfunction,5699975,-0.018921,0.089966,0.854492
dysfunction,5699995,0.006714,-0.061768,1.033936
dysfunction,5700015,0.000244,-0.055054,1.006470
dysfunction,5700035,0.003052,-0.038696,1.149292
dysfunction,5700055,-0.001709,-0.047485,1.152344
dysfunction,5700075,-0.026978,0.089111,0.896484
dysfunction,5700095,-0.028809,0.090942,0.904785
dysfunction,5700115,-0.004517,-0.014160,0.936768
dysfunction,5700135,0.009277,-0.076172,1.164429
dysfunction,5700155,0.009644,-0.074951,1.161621
dysfunction,5700175,-0.017944,0.078003,0.955811
dysfunction,5700195,-0.020142,0.067993,0.970215
dysfunction,5700215,-0.009766,0.033813,0.873047
dysfunction,5700235,-0.013916,0.043213,0.864136
dysfunction,5700255,0.012451,-0.086792,1.131714
dysfunction,5700275,0.012695,-0.079712,1.126709
dysfunction,5700295,-0.014893,0.034180,1.043823
dysfunction,5700315,-0.020142,0.068115,0.845581
dysfunction,5700335,-0.019775,0.075684,0.850220
dysfunction,5700355,0.011353,-0.075317,1.079590
dysfunction,5700375,0.013428,-0.065552,1.057007
dysfunction,5700395,-0.002808,-0.008789,1.116089
dysfunction,5700415,-0.000244,-0.021973,1.125000
dysfunction,5700435,-0.030640,0.039307,0.945557
dysfunction,5700455,-0.008057,0.003540,1.001221
dysfunction,5700475,-0.005005,0.003296,1.002075
dysfunction,5700495,-0.003662,0.003052,1.005615
dysfunction,5700515,0.001221,-0.018799,1.025879
dysfunction,5700535,-0.016235,0.021851,0.998047
dysfunction,5700555,-0.016357,0.012695,1.066650
dysfunction,5700575,-0.022705,0.087158,0.860229
dysfunction,5700595,-0.026245,0.089966,0.865112
dysfunction,5700615,0.005371,-0.052490,1.022949
dysfunction,5700635,-0.001953,-0.036987,0.984009
dysfunction,5700655,0.001099,-0.045044,1.145996
dysfunction,5700675,-0.029907,0.091064,0.890747
dysfunction,5700695,-0.027344,0.089111,0.906372
dysfunction,5700715,-0.001587,-0.013062,0.938599
dysfunction,5700735,-0.005005,0.000854,0.917480
dysfunction,5700755,0.007080,-0.075562,1.159790
dysfunction,5700775,0.010742,-0.078735,1.160522
dysfunction,5700795,-0.039307,0.073730,0.973145
dysfunction,5700815,-0.039063,0.026001,0.907349
dysfunction,5700835,-0.009033,0.045410,0.864990
dysfunction,5700855,0.020142,-0.083252,1.129150
dysfunction,5700875,0.014648,-0.077148,1.129517
dysfunction,5700895,-0.017822,0.036865,1.050293
dysfunction,5700915,0.067749,0.027466,1.012939
dysfunction,5700935,-0.021118,0.109497,0.939331
dysfunction,5700955,0.023437,0.123901,0.843994
dysfunction,5700975,-0.058472,0.017944,1.271973
dysfunction,5700995,0.017456,-0.095215,0.959351
dysfunction,5701015,-0.071411,-0.109375,1.103882
dysfunction,5701035,0.170776,0.113037,0.726196
dysfunction,5701055,0.151489,0.099121,0.643066
dysfunction,5701075,-0.013672,0.067505,1.119141
dysfunction,5701095,0.018433,0.084717,1.048584
dysfunction,5701115,-0.186646,-0.180176,1.413696
dysfunction,5701135,-0.188843,-0.170044,1.439331
dysfunction,5701155,0.093750,0.056152,0.662354
dysfunction,5701175,0.066406,0.127197,0.914917
dysfunction,5701195,0.084595,0.126953,0.853394
dysfunction,5701215,-0.170532,-0.128052,1.429810
dysfunction,5701235,-0.208496,-0.119507,1.474731
dysfunction,5701255,0.008423,0.027710,0.911499
dysfunction,5701275,0.001099,0.005249,1.002808
dysfunction,5701295,-0.006348,0.005005,0.998901
dysfunction,5701315,-0.012329,0.003052,1.001587
dysfunction,5701335,-0.021973,0.006348,1.028442
dysfunction,5701355,-0.036987,-0.082275,1.046265
dysfunction,5701375,-0.107666,-0.184937,1.163574
dysfunction,5701395,0.165649,0.174927,0.552368
dysfunction,5701415,0.162109,0.158081,0.546509
dysfunction,5701435,-0.023560,0.079834,1.170410
dysfunction,5701455,0.044556,0.134277,1.055786
dysfunction,5701475,-0.240479,-0.242798,1.468994
dysfunction,5701495,0.058472,-0.232666,1.490234
dysfunction,5701515,-0.008789,-0.009766,0.758423
dysfunction,5701535,0.139526,0.227417,0.780029
dysfunction,5701555,0.146851,0.247070,0.714722
dysfunction,5701575,-0.091919,-0.148682,1.434814
dysfunction,5701595,-0.080688,-0.126709,1.424561
dysfunction,5701615,-0.130249,-0.148926,1.011963
dysfunction,5701635,-0.134521,-0.160889,1.035889
dysfunction,5701655,0.148071,0.242554,0.605225
dysfunction,5701675,-0.038452,-0.050537,0.573975
dysfunction,5701695,-0.004639,-0.021118,1.300903
dysfunction,5701715,-0.191284,-0.232422,1.215454
dysfunction,5701735,-0.194214,-0.242920,1.262695
dysfunction,5701755,0.079956,0.182129,0.582275
dysfunction,5701775,0.088257,0.169312,0.575439
dysfunction,5701795,0.051758,0.106812,1.110352
dysfunction,5701815,0.045410,0.114868,1.086304
dysfunction,5701835,-0.186401,-0.246216,1.377930
dysfunction,5701855,0.098877,0.124390,0.594360
dysfunction,5701875,0.094360,0.111450,0.615723
dysfunction,5701895,0.086182,0.167358,0.940918
dysfunction,5701915,0.082275,0.167847,0.903809
dysfunction,5701935,-0.181030,-0.211548,1.437622
dysfunction,5701955,-0.186646,-0.200684,1.450439
dysfunction,5701975,0.016724,-0.017578,0.800659
dysfunction,5701995,0.006592,-0.041016,0.842163
dysfunction,5702015,0.125732,0.207642,0.729858
dysfunction,5702035,-0.167969,-0.136963,1.439575
dysfunction,5702055,-0.067871,-0.139526,1.518311
dysfunction,5702075,-0.067261,0.011841,0.856079
dysfunction,5702095,-0.007690,0.016113,0.946655
dysfunction,5702115,-0.000488,-0.011963,1.108276
dysfunction,5702135,-0.008301,-0.009521,1.063232
dysfunction,5702155,-0.043701,-0.020874,1.024048
dysfunction,5702175,-0.090576,-0.041870,1.190308
dysfunction,5702195,-0.073486,-0.152588,1.127930
dysfunction,5702215,0.102417,0.187744,0.577881
dysfunction,5702235,0.116821,0.181274,0.721802
dysfunction,5702255,-0.041992,0.051758,1.199463
dysfunction,5702275,-0.025757,0.037354,1.150513
dysfunction,5702295,-0.111328,-0.202637,1.234497
dysfunction,5702315,-0.133545,-0.201172,1.300171
dysfunction,5702335,0.088745,0.114136,0.692017
dysfunction,5702355,0.018433,0.089600,0.705078
dysfunction,5702375,0.094116,0.146729,0.864502
dysfunction,5702395,-0.159912,-0.161865,1.277344
dysfunction,5702415,-0.171875,-0.200684,1.446899
dysfunction,5702435,0.054565,0.007202,0.805542
dysfunction,5702455,0.048462,0.064331,0.712036
dysfunction,5702475,0.026611,0.110962,0.830322
dysfunction,5702495,0.062500,0.033447,0.794312
dysfunction,5702515,-0.109985,-0.047363,1.371094
dysfunction,5702535,0.005371,-0.129761,1.427246
dysfunction,5702555,-0.021729,-0.082642,0.961060
dysfunction,5702575,0.115479,0.208008,0.628296
dysfunction,5702595,0.099365,0.180176,0.635132
dysfunction,5702615,-0.098511,-0.098145,1.418335
dysfunction,5702635,-0.106201,-0.088257,1.347778
dysfunction,5702655,0.040894,0.013428,0.989624
dysfunction,5702675,-0.042725,-0.120728,1.098145
dysfunction,5702695,-0.003662,0.142822,0.869629
dysfunction,5702715,-0.000854,-0.036255,1.031616
dysfunction,5702735,0.000488,-0.057373,1.037354
dysfunction,5702755,-0.017700,-0.022461,1.130127
dysfunction,5702775,-0.009277,-0.014526,1.131104
dysfunction,5702795,-0.018799,0.100586,0.872192
dysfunction,5702815,-0.015869,0.106934,0.873169
dysfunction,5702835,0.019653,-0.032227,0.963379
dysfunction,5702855,0.010254,-0.032227,0.944946
dysfunction,5702875,0.008179,-0.043823,1.131714
dysfunction,5702895,0.000854,0.009033,1.000854
dysfunction,5702915,-0.005127,0.010010,1.005493
dysfunction,5702935,-0.002441,0.010986,1.001099
dysfunction,5702955,-0.019165,0.039307,0.975708
dysfunction,5702975,0.006226,-0.018677,1.006592
dysfunction,5702995,0.021118,0.000122,0.928833
dysfunction,5703015,0.012817,-0.068848,1.130737
dysfunction,5703035,0.017212,-0.072754,1.089844
dysfunction,5703055,0.123047,0.063232,1.300537
dysfunction,5703075,0.022461,0.045288,0.727905
dysfunction,5703095,-0.018799,0.003540,0.827271
dysfunction,5703115,0.079834,0.017090,1.126709
dysfunction,5703135,0.018921,-0.063232,1.153809
dysfunction,5703155,-0.011108,0.027344,1.020386
dysfunction,5703175,-0.002319,0.000244,1.058105
dysfunction,5703195,-0.018677,0.104980,0.895508
dysfunction,5703215,0.003174,0.106445,0.727051
dysfunction,5703235,-0.003540,-0.115479,1.007202
dysfunction,5703255,0.001221,0.025146,1.172119
dysfunction,5703275,0.008301,-0.051270,1.152832
dysfunction,5703295,-0.008057,0.089600,0.836426
dysfunction,5703315,0.320435,0.188232,1.004761
dysfunction,5703335,0.079102,-0.102417,0.674805
dysfunction,5703355,-0.058838,-0.125977,0.892456
dysfunction,5703375,-0.011841,-0.021484,1.277832
dysfunction,5703395,-0.004883,-0.087158,1.205200
dysfunction,5703415,-0.047241,0.070068,0.832275
dysfunction,5703435,-0.056152,0.036743,1.257446
dysfunction,5703455,0.030518,0.147461,1.079590
dysfunction,5703475,0.086792,-0.141113,0.964844
dysfunction,5703495,0.013916,-0.117188,1.021729
dysfunction,5703515,-0.066772,0.071167,1.063721
dysfunction,5703535,-0.152710,-0.005737,0.335327
dysfunction,5703555,0.066040,-0.180542,0.334473
dysfunction,5703575,0.108032,0.254028,0.909546
dysfunction,5703595,-0.016113,-0.058105,1.117310
dysfunction,5703615,-0.010132,-0.004517,0.897583
dysfunction,5703635,-0.005737,0.018311,1.033936
dysfunction,5703655,-0.028564,0.103882,0.922607
dysfunction,5703675,-0.031738,0.093628,0.944824
dysfunction,5703695,0.001587,-0.008911,0.970459
dysfunction,5703715,0.006958,0.011353,0.994629
dysfunction,5703735,0.002930,0.009033,1.005005
dysfunction,5703755,0.006104,0.024292,1.009399
dysfunction,5703775,-0.028076,0.052246,0.979004
dysfunction,5703795,-0.003052,0.019043,0.936035
dysfunction,5703815,0.000488,0.037842,0.855103
dysfunction,5703835,0.020874,-0.081177,1.113037
dysfunction,5703855,0.025269,-0.074829,1.104126
dysfunction,5703875,-0.010132,0.038452,1.050293
dysfunction,5703895,-0.021729,0.017212,1.080322
dysfunction,5703915,-0.019775,0.084351,0.848633
dysfunction,5703935,0.017212,-0.080811,1.054077
dysfunction,5703955,0.024902,-0.057251,1.038696
dysfunction,5703975,-0.005615,-0.010254,1.115356
dysfunction,5703995,-0.011230,-0.028198,1.129517
dysfunction,5704015,-0.025879,0.104004,0.871826
dysfunction,5704035,-0.029297,0.093018,0.880493
dysfunction,5704055,0.006226,-0.036133,0.963745
dysfunction,5704075,0.018066,-0.012451,0.946411
dysfunction,5704095,0.008423,-0.061523,1.152222
dysfunction,5704115,-0.027466,0.095093,0.932129
dysfunction,5704135,-0.038818,0.094360,0.950684
dysfunction,5704155,-0.079468,0.011841,0.891724
dysfunction,5704175,0.000732,0.016235,0.884033
dysfunction,5704195,0.022461,-0.039063,1.140137
dysfunction,5704215,0.007324,-0.091919,1.140381
dysfunction,5704235,-0.031738,0.072266,1.023071
dysfunction,5704255,-0.002563,0.039795,1.033813
dysfunction,5704275,-0.017578,0.074097,0.850342
dysfunction,5704295,0.016479,-0.086670,1.100098
dysfunction,5704315,0.022827,-0.073120,1.081665
dysfunction,5704335,-0.011230,0.016968,1.085205
dysfunction,5704355,-0.016113,-0.000854,1.094971
dysfunction,5704375,-0.018555,0.097168,0.855103
dysfunction,5704395,-0.027222,0.097656,0.863281
dysfunction,5704415,0.009888,-0.053101,1.015747
dysfunction,5704435,0.000122,-0.036255,0.992310
dysfunction,5704455,0.000244,-0.042114,1.137695
dysfunction,5704475,-0.022827,0.100220,0.895020
dysfunction,5704495,-0.019043,0.012451,0.985718
dysfunction,5704515,-0.011719,0.006470,0.998779
dysfunction,5704535,-0.002075,0.004272,1.005737
dysfunction,5704555,-0.001587,0.010376,1.000732
dysfunction,5704575,-0.017456,0.070801,0.949463
dysfunction,5704595,0.086182,-0.068115,0.925903
dysfunction,5704615,-0.057251,-0.014648,1.259033
dysfunction,5704635,-0.024658,0.081421,1.299072
dysfunction,5704655,0.006836,-0.040527,0.841553
dysfunction,5704675,0.049194,-0.219727,1.059448
dysfunction,5704695,-0.033081,-0.084717,1.004150
dysfunction,5704715,-0.152710,0.024780,0.853149
dysfunction,5704735,0.034790,0.043213,1.174805
dysfunction,5704755,-0.050537,0.205322,1.153320
dysfunction,5704775,-0.360718,0.133667,0.896729
dysfunction,5704795,-0.258911,-0.085815,0.974243
dysfunction,5704815,-0.105957,-0.092773,0.949463
dysfunction,5704835,0.168213,0.025879,1.119629
dysfunction,5704855,0.179443,0.108765,1.121582
dysfunction,5704875,0.003784,-0.001587,0.984131
dysfunction,5704895,0.071289,0.040894,1.020386
dysfunction,5704915,0.052368,-0.003418,0.880127
dysfunction,5704935,0.076172,0.007202,0.822632
dysfunction,5704955,0.214844,0.099731,1.033081
dysfunction,5704975,0.306519,0.135864,1.312012
dysfunction,5704995,0.227417,0.154053,1.112061
dysfunction,5705015,0.027344,0.153687,0.868164
dysfunction,5705035,0.028931,0.067383,1.071899
dysfunction,5705055,-0.030029,-0.056152,0.876587
dysfunction,5705075,-0.003418,0.014038,0.837402
dysfunction,5705095,0.013306,-0.041138,1.118042
dysfunction,5705115,0.019653,-0.031982,1.106567
dysfunction,5705135,0.002075,0.020996,1.078857
dysfunction,5705155,0.006104,0.062256,0.846558
dysfunction,5705175,-0.003174,0.061890,0.840820
dysfunction,5705195,0.022583,-0.028931,1.045288
dysfunction,5705215,0.002075,-0.155029,1.077759
dysfunction,5705235,0.006958,0.076782,1.039917
dysfunction,5705255,0.055786,0.019043,1.119385
dysfunction,5705275,-0.013428,0.024902,0.698242
dysfunction,5705295,-0.004395,0.048950,0.671875
dysfunction,5705315,-0.001831,0.036499,1.007568
dysfunction,5705335,0.007813,0.017090,1.016846
dysfunction,5705355,-0.005127,0.001709,1.006592
dysfunction,5705375,-0.008911,-0.054687,1.023682
dysfunction,5705395,-0.000977,0.007446,0.968018
dysfunction,5705415,-0.090332,-0.061157,1.215454
dysfunction,5705435,-0.130493,-0.041626,1.321411
dysfunction,5705455,-0.041626,-0.025146,1.025513
dysfunction,5705475,0.110962,0.070312,1.090088
dysfunction,5705495,0.078491,0.125854,0.649048
dysfunction,5705515,-0.022827,0.003662,1.204468
dysfunction,5705535,-0.000488,0.038086,1.142456
dysfunction,5705555,-0.073242,-0.166992,1.272583
dysfunction,5705575,-0.087769,-0.171753,1.293213
dysfunction,5705595,0.016846,0.089233,0.707520
dysfunction,5705615,0.007935,0.096069,0.747314
dysfunction,5705635,0.036621,0.110474,0.918945
dysfunction,5705655,-0.075439,-0.287476,1.310059
dysfunction,5705675,-0.048706,-0.206665,1.171997
dysfunction,5705695,-0.067871,-0.044067,1.005859
dysfunction,5705715,-0.065918,-0.058716,1.065552
dysfunction,5705735,0.035889,0.239014,0.854248
dysfunction,5705755,0.046875,0.252808,0.861938
dysfunction,5705775,-0.014648,-0.088501,1.066528
dysfunction,5705795,-0.004517,-0.065308,1.059570
dysfunction,5705815,-0.098999,-0.181030,1.096802
dysfunction,5705835,0.031250,0.232666,0.877197
dysfunction,5705855,0.015747,0.229736,0.900269
dysfunction,5705875,0.017334,0.004028,0.964233
dysfunction,5705895,0.024414,0.036011,0.948364
dysfunction,5705915,-0.083496,-0.239136,1.143677
dysfunction,5705935,-0.110107,-0.228760,1.162354
dysfunction,5705955,-0.017456,0.089966,0.846436
dysfunction,5705975,-0.036987,0.073608,0.850830
dysfunction,5705995,0.081787,0.173340,0.941528
dysfunction,5706015,-0.078247,-0.232788,1.164795
dysfunction,5706035,-0.063477,-0.238892,1.125000
dysfunction,5706055,-0.042603,0.037842,1.013428
dysfunction,5706075,-0.047974,0.010742,1.039917
dysfunction,5706095,0.047852,0.228027,0.869385
dysfunction,5706115,0.055054,0.257935,0.877197
dysfunction,5706135,-0.013794,0.033936,0.996826
dysfunction,5706155,-0.016968,0.001709,0.998291
dysfunction,5706175,-0.019287,0.001099,1.000732
dysfunction,5706195,-0.020020,0.000366,1.001709
dysfunction,5706215,-0.000610,0.099609,0.967285
dysfunction,5706235,0.002930,-0.006958,0.988037
dysfunction,5706255,0.027100,0.058838,0.943848
dysfunction,5706275,-0.077026,-0.242676,1.132080
dysfunction,5706295,-0.078247,-0.244141,1.133179
dysfunction,5706315,-0.018555,0.093750,0.936646
dysfunction,5706335,0.074097,0.029053,0.891724
dysfunction,5706355,0.096191,0.175049,0.903198
dysfunction,5706375,-0.060425,-0.163574,1.243896
dysfunction,5706395,-0.056885,-0.155884,1.246460
dysfunction,5706415,-0.098999,-0.040405,0.929565
dysfunction,5706435,-0.104980,-0.066528,0.965454
dysfunction,5706455,0.077148,0.210815,0.812744
dysfunction,5706475,0.061401,0.250610,0.860107
dysfunction,5706495,-0.017212,-0.146606,1.075928
dysfunction,5706515,-0.079468,-0.114380,1.060425
dysfunction,5706535,-0.086304,-0.136353,1.112549
dysfunction,5706555,0.027466,0.245605,0.868774
dysfunction,5706575,0.040161,0.231812,0.861450
dysfunction,5706595,0.019775,-0.007568,1.045166
dysfunction,5706615,0.033325,0.044556,1.051025
dysfunction,5706635,-0.122437,-0.213623,1.143433
dysfunction,5706655,-0.117676,-0.198608,1.193604
dysfunction,5706675,-0.027344,0.110718,0.771729
dysfunction,5706695,0.087158,0.104004,1.007690
dysfunction,5706715,0.055176,0.093262,1.006348
dysfunction,5706735,-0.097534,-0.154785,1.257690
dysfunction,5706755,-0.099854,-0.109009,1.269165
dysfunction,5706775,0.016357,0.037476,0.819214
dysfunction,5706795,-0.018311,0.016357,0.878540
dysfunction,5706815,0.071045,0.154663,0.837769
dysfunction,5706835,0.072388,0.173950,0.811646
dysfunction,5706855,-0.054199,-0.108032,1.227905
dysfunction,5706875,-0.102539,-0.085449,1.009521
dysfunction,5706895,-0.108398,-0.108154,1.035767
dysfunction,5706915,0.053101,0.196045,0.770386
dysfunction,5706935,-0.028442,0.054443,0.909546
dysfunction,5706955,-0.023071,0.000732,1.002930
dysfunction,5706975,-0.022461,0.004272,0.995239
dysfunction,5706995,-0.021362,0.001831,1.001465
dysfunction,5707015,-0.025269,-0.003906,0.999390
dysfunction,5707035,0.013062,0.092651,0.941040
dysfunction,5707055,-0.019287,-0.062622,1.056885
dysfunction,5707075,-0.000366,-0.028931,1.020386
dysfunction,5707095,-0.087158,-0.210205,1.107666
dysfunction,5707115,-0.086426,-0.223145,1.118408
dysfunction,5707135,0.018433,0.203125,0.925659
dysfunction,5707155,0.012451,0.186890,0.953247
dysfunction,5707175,0.028564,0.094238,0.931641
dysfunction,5707195,-0.090210,0.124023,0.919678
dysfunction,5707215,-0.088623,-0.264771,1.095581
dysfunction,5707235,-0.010864,0.116577,1.008545
dysfunction,5707255,-0.020386,0.084473,1.021973
dysfunction,5707275,0.043091,0.196777,0.898560
dysfunction,5707295,0.043091,0.213501,0.898682
dysfunction,5707315,-0.076050,-0.190552,1.117676
dysfunction,5707335,-0.046997,-0.146851,1.203735
dysfunction,5707355,-0.100952,-0.065430,0.965454
dysfunction,5707375,0.077759,0.243408,1.005371
dysfunction,5707395,0.068237,0.263184,0.889648
dysfunction,5707415,-0.031738,-0.130493,1.063232
dysfunction,5707435,-0.020264,0.000854,1.000366
dysfunction,5707455,-0.018066,0.003418,1.001587
dysfunction,5707475,-0.019165,0.000977,1.002319
dysfunction,5707495,-0.019409,0.004761,1.000732
dysfunction,5707515,-0.018188,0.005371,1.000732
dysfunction,5707535,-0.017456,0.004272,1.000854
dysfunction,5707555,-0.017456,0.003906,1.000610
dysfunction,5707575,-0.018188,0.002930,1.000977
dysfunction,5707595,-0.017090,0.004395,1.001465
dysfunction,5707615,-0.016846,0.004395,1.000977
dysfunction,5707635,-0.017090,0.003296,1.000854
dysfunction,5707655,-0.017822,0.003784,1.000977
dysfunction,5707675,-0.019043,0.003906,1.001099
dysfunction,5707695,-0.018188,0.005127,1.000732
dysfunction,5707715,-0.016968,0.007690,1.001099
dysfunction,5707735,-0.017700,0.007935,0.991089
dysfunction,5707755,-0.024170,-0.014893,1.015259
dysfunction,5707775,-0.020630,-0.001831,1.051147
dysfunction,5707795,-0.013306,0.000732,1.035645
dysfunction,5707815,-0.016113,0.006958,0.973022
dysfunction,5707835,-0.020386,-0.011841,0.988403
dysfunction,5707855,-0.015869,-0.004150,0.999878
dysfunction,5707875,-0.015625,-0.005005,1.001221
dysfunction,5707895,-0.004761,-0.026611,1.011963
dysfunction,5707915,-0.004272,-0.005737,0.996094
dysfunction,5707935,-0.016357,0.012451,0.999634
dysfunction,5707955,-0.016479,-0.012329,0.998657
dysfunction,5707975,-0.031372,0.011963,0.999146
dysfunction,5707995,0.005249,0.080688,1.142212
dysfunction,5708015,-0.015991,0.036255,0.973877
dysfunction,5708035,-0.023437,-0.029663,0.934082
dysfunction,5708055,-0.006714,-0.008179,0.974121
dysfunction,5708075,-0.008301,0.020996,1.024658
dysfunction,5708095,-0.010864,0.018311,1.002808
dysfunction,5708115,-0.017578,-0.004272,0.993530
dysfunction,5708135,-0.024902,-0.020142,0.996704
dysfunction,5708155,-0.018799,0.004272,0.985474
dysfunction,5708175,-0.014282,0.011597,1.017212
dysfunction,5708195,0.006226,0.029541,1.102173
dysfunction,5708215,-0.021240,-0.004517,0.916626
dysfunction,5708235,-0.033569,0.006836,0.948486
dysfunction,5708255,-0.026123,0.003540,1.004883
dysfunction,5708275,-0.036621,-0.033081,1.043091
dysfunction,5708295,-0.009766,0.029663,0.995728
dysfunction,5708315,-0.107056,-0.215454,1.181274
dysfunction,5708335,-0.102173,-0.259766,1.216675
dysfunction,5708355,0.021118,0.160522,0.889893
dysfunction,5708375,0.046265,0.135254,0.911255
dysfunction,5708395,0.017944,0.151855,0.903931
dysfunction,5708415,-0.086914,-0.239136,0.908691
dysfunction,5708435,-0.081299,-0.229248,1.134644
dysfunction,5708455,0.046265,0.060303,0.967163
dysfunction,5708475,0.003174,0.025146,1.019165
dysfunction,5708495,-0.003540,0.211914,0.832031
dysfunction,5708515,-0.012451,0.236816,0.797363
dysfunction,5708535,0.034546,-0.065186,1.057495
dysfunction,5708555,0.048950,0.011353,1.120239
dysfunction,5708575,-0.045654,-0.067505,1.107422
dysfunction,5708595,-0.024658,0.025269,0.903320
dysfunction,5708615,-0.018921,-0.000977,0.940796
dysfunction,5708635,-0.011841,-0.008545,1.018311
dysfunction,5708655,0.007935,0.015381,1.001343
dysfunction,5708675,-0.033203,-0.144409,1.126465
dysfunction,5708695,-0.066772,-0.206787,1.202515
dysfunction,5708715,0.044556,0.188843,0.857910
dysfunction,5708735,0.047852,0.192139,0.868530
dysfunction,5708755,-0.000488,0.063477,0.953979
dysfunction,5708775,-0.072632,-0.256348,1.166870
dysfunction,5708795,-0.079956,-0.275146,1.177734
dysfunction,5708815,0.067993,0.154907,0.978394
dysfunction,5708835,0.056396,0.104492,0.895630
dysfunction,5708855,0.024902,0.223389,0.861328
dysfunction,5708875,-0.005615,0.010376,0.966064
dysfunction,5708895,0.000977,0.021729,1.011475
dysfunction,5708915,-0.013428,0.002563,1.013306
dysfunction,5708935,-0.024292,-0.002930,1.004883
dysfunction,5708955,-0.020630,0.055054,0.970337
dysfunction,5708975,0.018921,0.199463,0.902588
dysfunction,5708995,-0.036987,-0.070557,1.038452
dysfunction,5709015,-0.003296,-0.071167,0.876587
dysfunction,5709035,-0.087891,-0.232300,1.112671
dysfunction,5709055,-0.090820,-0.222046,1.234619
dysfunction,5709075,0.068115,0.182373,0.886597
dysfunction,5709095,0.069946,0.186157,0.879272
dysfunction,5709115,0.021851,0.105957,0.896118
dysfunction,5709135,-0.074341,-0.279541,1.186157
dysfunction,5709155,-0.081299,-0.283936,1.185791
dysfunction,5709175,-0.051270,-0.020996,1.049805
dysfunction,5709195,-0.028320,-0.006470,1.014160
dysfunction,5709215,-0.017212,-0.004395,0.992310
dysfunction,5709235,0.079346,-0.016602,0.770264
dysfunction,5709255,-0.022217,0.030029,0.981079
dysfunction,5709275,-0.023926,0.083618,0.957886
dysfunction,5709295,-0.006226,0.115723,1.021484
dysfunction,5709315,-0.098877,-0.251831,1.105835
dysfunction,5709335,-0.078491,-0.238159,1.129883
dysfunction,5709355,0.004395,0.017212,1.022339
dysfunction,5709375,-0.012451,-0.038086,1.043945
dysfunction,5709395,0.028076,0.249268,0.846924
dysfunction,5709415,0.029663,0.243042,0.842529
dysfunction,5709435,-0.078125,-0.203369,0.918945
dysfunction,5709455,-0.017334,-0.084473,1.067261
dysfunction,5709475,-0.029053,-0.160645,1.077271
dysfunction,5709495,0.067261,0.262329,0.947144
dysfunction,5709515,0.073120,0.238647,0.863403
dysfunction,5709535,-0.092285,-0.007813,1.014648
dysfunction,5709555,-0.064697,-0.001709,0.979614
dysfunction,5709575,-0.053345,-0.212646,1.205322
dysfunction,5709595,-0.070190,-0.235718,1.180786
dysfunction,5709615,0.012573,0.200195,0.584106
dysfunction,5709635,-0.019897,0.011719,0.935791
dysfunction,5709655,-0.014893,0.036621,1.006348
dysfunction,5709675,-0.007690,0.023926,1.049805
dysfunction,5709695,-0.000977,0.022461,1.012207
dysfunction,5709715,-0.007446,0.017456,0.979614
dysfunction,5709735,-0.015625,0.004028,0.984009
dysfunction,5709755,-0.017212,-0.016113,1.013794
dysfunction,5709775,-0.020020,-0.005981,1.006836
dysfunction,5709795,-0.015381,0.001831,1.005737
dysfunction,5709815,0.005127,0.015869,1.099243
dysfunction,5709835,-0.008789,0.022339,1.052979
dysfunction,5709855,-0.016357,0.024902,0.935425
dysfunction,5709875,-0.017456,0.002441,0.955078
dysfunction,5709895,-0.020874,0.000000,1.020752
dysfunction,5709915,-0.015747,-0.000732,1.016113
dysfunction,5709935,-0.009277,-0.008667,1.001953
dysfunction,5709955,-0.011597,-0.004639,1.002686
dysfunction,5709975,-0.015259,-0.001831,0.990967
dysfunction,5709995,-0.017334,-0.004883,1.011475
dysfunction,5710015,-0.015381,0.001099,1.006958
dysfunction,5710035,-0.014038,0.004517,1.005249
dysfunction,5710055,-0.015381,0.003662,1.005493
dysfunction,5710075,-0.015503,0.001099,1.000854
dysfunction,5710095,-0.016602,-0.000122,1.002808
dysfunction,5710115,-0.016479,0.000610,1.000488
dysfunction,5710135,-0.014404,0.002808,1.001465
dysfunction,5710155,-0.014526,0.000244,0.997192
dysfunction,5710175,-0.013062,-0.000610,1.005127
dysfunction,5710195,-0.017212,-0.004517,1.002686
dysfunction,5710215,-0.017090,-0.000122,1.003174
dysfunction,5710235,-0.017578,-0.000732,1.000977
dysfunction,5710255,-0.018433,-0.000732,1.003418
dysfunction,5710275,-0.015137,0.000732,1.002319
dysfunction,5710295,-0.015991,-0.001099,1.003052
dysfunction,5710315,-0.017456,-0.001221,1.001099
dysfunction,5710335,-0.016846,-0.000854,1.000732
dysfunction,5710355,-0.017700,-0.002808,1.001221
dysfunction,5710375,-0.017090,-0.000854,1.000854
dysfunction,5710395,-0.014404,0.007690,0.999756
dysfunction,5710415,-0.019165,-0.009644,1.004883
dysfunction,5710435,-0.016846,0.000244,1.002563
dysfunction,5710455,-0.015625,0.000244,1.001465
dysfunction,5710475,-0.015625,0.000610,1.000732
dysfunction,5710495,-0.016357,-0.012207,1.002686
dysfunction,5710515,-0.039795,-0.117920,1.061890
dysfunction,5710535,0.024414,0.188599,0.917358
dysfunction,5710555,0.020752,0.167114,0.927734
dysfunction,5710575,0.003174,0.103882,0.919922
dysfunction,5710595,0.011841,0.133301,0.913330
dysfunction,5710615,-0.084106,-0.264893,1.141479
dysfunction,5710635,-0.084717,-0.263794,1.132813
dysfunction,5710655,0.002686,0.048828,1.002441
dysfunction,5710675,0.027466,0.223389,0.876831
dysfunction,5710695,0.030884,0.236450,0.870728
dysfunction,5710715,-0.068848,-0.214722,1.098267
dysfunction,5710735,-0.061646,-0.192749,1.078125
dysfunction,5710755,-0.032837,-0.092163,1.078979
dysfunction,5710775,-0.039429,-0.122437,1.088867
dysfunction,5710795,-0.026489,0.000122,0.983398
dysfunction,5710815,-0.017944,-0.004272,0.993652
dysfunction,5710835,-0.015625,0.001221,1.002075
dysfunction,5710855,-0.017944,0.001221,1.001221
dysfunction,5710875,0.002319,0.090576,0.973022
dysfunction,5710895,-0.013184,0.030151,0.985107
dysfunction,5710915,0.002930,0.108521,0.937622
dysfunction,5710935,-0.075073,-0.253784,1.125732
dysfunction,5710955,-0.074097,-0.251343,1.118408
dysfunction,5710975,0.003296,0.075562,0.989258
dysfunction,5710995,-0.011230,0.034424,1.010986
dysfunction,5711015,0.022827,0.214600,0.886230
dysfunction,5711035,-0.070312,-0.222900,1.089844
dysfunction,5711055,-0.064331,-0.207275,1.081909
dysfunction,5711075,-0.024292,-0.057129,1.057861
dysfunction,5711095,-0.029419,-0.089478,1.069336
dysfunction,5711115,0.034058,0.258545,0.874878
dysfunction,5711135,0.032104,0.260132,0.883301
dysfunction,5711155,-0.046997,-0.111206,1.030640
dysfunction,5711175,-0.046997,-0.072998,1.011108
dysfunction,5711195,-0.050537,-0.191162,1.111694
dysfunction,5711215,0.027832,0.240234,0.901978
dysfunction,5711235,0.025757,0.224365,0.912720
dysfunction,5711255,-0.023071,0.018555,0.963867
dysfunction,5711275,-0.021851,0.003052,0.996948
dysfunction,5711295,-0.020142,0.012085,1.010132
dysfunction,5711315,-0.020996,-0.003174,1.002808
dysfunction,5711335,-0.018066,-0.000488,1.003174
dysfunction,5711355,-0.017334,-0.000854,1.000610
dysfunction,5711375,-0.019409,0.002441,1.000732
dysfunction,5711395,-0.020264,0.000854,1.002686
dysfunction,5711415,-0.020020,-0.000366,1.001465
dysfunction,5711435,-0.018921,-0.001343,1.001099
dysfunction,5711455,-0.017212,0.000244,1.001831
dysfunction,5711475,-0.018555,0.002197,1.001343
dysfunction,5711495,-0.019653,0.000854,1.001465
dysfunction,5711515,-0.018188,-0.000244,1.001465
dysfunction,5711535,-0.018677,-0.000610,1.001465
dysfunction,5711555,-0.017456,-0.000488,1.001099
dysfunction,5711575,-0.017944,0.002319,1.001465
dysfunction,5711595,-0.017456,0.002197,1.001465
dysfunction,5711615,-0.019043,0.000244,1.001709
dysfunction,5711635,-0.017334,-0.000488,1.001465
dysfunction,5711655,-0.019165,0.002686,1.001953
dysfunction,5711675,-0.019653,0.000977,1.000977
dysfunction,5711695,-0.019653,0.000977,1.001465
dysfunction,5711715,-0.017578,0.001221,1.000977
dysfunction,5711735,-0.017212,0.003174,1.002319
dysfunction,5711755,-0.018799,-0.000977,1.001343
dysfunction,5711775,-0.019287,-0.000122,1.001587
dysfunction,5711795,-0.018066,-0.000366,1.001221
dysfunction,5711815,-0.018799,-0.003784,1.000732
dysfunction,5711835,-0.018188,-0.006836,1.003052
dysfunction,5711855,-0.020142,-0.005127,1.003296
dysfunction,5711875,-0.019775,-0.003784,1.000610
dysfunction,5711895,-0.015259,0.007690,1.001953
dysfunction,5711915,-0.016357,0.003052,1.002197
dysfunction,5711935,-0.030151,-0.048828,1.019165
dysfunction,5711955,-0.057251,-0.150513,1.059814
dysfunction,5711975,-0.026001,-0.095825,1.047974
dysfunction,5711995,-0.048340,-0.147095,1.088379
dysfunction,5712015,0.044067,0.262573,0.886475
dysfunction,5712035,-0.036133,0.258423,0.893799
dysfunction,5712055,-0.026855,-0.035278,0.999268
dysfunction,5712075,-0.077637,-0.221924,1.122925
dysfunction,5712095,-0.084717,-0.237061,1.127441
dysfunction,5712115,-0.002319,0.198608,0.967407
dysfunction,5712135,-0.012695,0.174683,0.979614
dysfunction,5712155,0.039551,0.108643,0.894409
dysfunction,5712175,0.042603,0.132568,0.885376
dysfunction,5712195,-0.063599,-0.249512,1.104126
dysfunction,5712215,-0.039917,0.086670,1.095459
dysfunction,5712235,-0.051392,0.053345,1.050903
dysfunction,5712255,0.044922,0.209717,0.864014
dysfunction,5712275,0.037842,0.211060,0.861206
dysfunction,5712295,-0.031860,-0.206665,1.064209
dysfunction,5712315,-0.025513,-0.186279,1.048584
dysfunction,5712335,-0.068604,-0.070312,1.102295
dysfunction,5712355,-0.070312,-0.109741,1.115967
dysfunction,5712375,0.025757,0.253174,0.876099
dysfunction,5712395,-0.007324,-0.111450,1.003174
dysfunction,5712415,-0.002930,-0.079468,0.988403
dysfunction,5712435,-0.017090,-0.001465,1.016724
dysfunction,5712455,-0.013672,0.015015,1.003418
dysfunction,5712475,-0.020264,0.000244,1.002930
dysfunction,5712495,-0.019409,0.004272,1.001587
dysfunction,5712515,-0.007813,0.006104,1.027710
dysfunction,5712535,0.031616,0.038696,1.074463
dysfunction,5712555,-0.105225,-0.212280,1.160400
dysfunction,5712575,-0.028931,0.115234,0.795776
dysfunction,5712595,-0.036255,0.098022,0.815308
dysfunction,5712615,0.067383,0.152832,0.995483
dysfunction,5712635,0.059937,0.175903,0.973877
dysfunction,5712655,-0.078979,-0.213135,1.190674
dysfunction,5712675,-0.069702,-0.189453,1.211914
dysfunction,5712695,-0.066162,-0.009644,0.871460
dysfunction,5712715,-0.085083,-0.034912,0.895142
dysfunction,5712735,0.064697,0.197266,0.832764
dysfunction,5712755,-0.006592,-0.116333,1.252686
dysfunction,5712775,0.010864,-0.090210,1.236328
dysfunction,5712795,-0.125122,-0.113281,1.005127
dysfunction,5712815,-0.124878,-0.132080,1.038818
dysfunction,5712835,0.028931,0.195557,0.759399
dysfunction,5712855,0.023804,0.191284,0.765381
dysfunction,5712875,0.046631,0.010498,1.152466
dysfunction,5712895,0.032227,0.034668,1.127319
dysfunction,5712915,-0.117920,-0.200928,1.138916
dysfunction,5712935,-0.013428,0.153931,0.772583
dysfunction,5712955,-0.025757,0.127075,0.782959
dysfunction,5712975,0.081299,0.104370,1.034546
dysfunction,5712995,0.084106,0.121704,1.001831
dysfunction,5713015,-0.077148,-0.194092,1.242065
dysfunction,5713035,-0.062256,-0.185791,1.255737
dysfunction,5713055,-0.080444,0.035400,0.831177
dysfunction,5713075,0.081787,0.012329,0.860840
dysfunction,5713095,0.077515,0.178467,0.871948
dysfunction,5713115,0.000244,0.017334,1.031006
dysfunction,5713135,-0.014282,0.006104,1.010498
dysfunction,5713155,-0.013916,0.003784,1.007202
dysfunction,5713175,-0.019165,0.004150,0.999878
dysfunction,5713195,-0.018555,0.003906,1.003296
dysfunction,5713215,-0.019287,0.004639,1.000854
dysfunction,5713235,-0.020142,0.001831,1.004883
dysfunction,5713255,-0.018677,0.002563,1.000854
dysfunction,5713275,-0.019409,0.003174,1.000977
dysfunction,5713295,-0.019043,0.002808,1.001709
dysfunction,5713315,-0.018433,0.003418,1.000854
dysfunction,5713335,-0.018799,0.004639,1.002197
dysfunction,5713355,-0.019165,0.004395,1.001343
dysfunction,5713375,-0.019531,0.002563,1.002197
dysfunction,5713395,-0.018311,0.005127,1.000977
dysfunction,5713415,-0.019897,0.003906,1.001099
dysfunction,5713435,-0.019287,0.004272,1.001343
dysfunction,5713455,-0.018921,-0.000122,1.002075
dysfunction,5713475,-0.017944,0.003296,1.001221
dysfunction,5713495,-0.019409,0.003784,1.000854
dysfunction,5713515,-0.019409,0.003296,1.001221
dysfunction,5713535,-0.018799,0.005127,1.001709
dysfunction,5713555,-0.020142,0.006348,0.996094
dysfunction,5713575,-0.040283,0.007690,0.956909
dysfunction,5713595,0.066650,0.189209,0.923462
dysfunction,5713615,-0.048096,-0.158691,1.137329
dysfunction,5713635,-0.033203,-0.127808,1.134155
dysfunction,5713655,-0.098145,-0.107300,1.010498
dysfunction,5713675,-0.114624,-0.141113,1.027100
dysfunction,5713695,0.050171,0.202026,0.806885
dysfunction,5713715,0.032227,0.191406,0.783203
dysfunction,5713735,0.042236,0.005737,1.147217
dysfunction,5713755,0.054077,0.025879,1.129272
dysfunction,5713775,-0.113403,-0.187134,1.155151
dysfunction,5713795,-0.015747,0.148682,0.758179
dysfunction,5713815,-0.025879,0.132568,0.768188
dysfunction,5713835,0.078613,0.097900,1.038818
dysfunction,5713855,0.081543,0.118042,1.011963
dysfunction,5713875,-0.089722,-0.206909,1.211304
dysfunction,5713895,-0.086670,-0.209229,1.208862
dysfunction,5713915,-0.062134,0.049561,0.848389
dysfunction,5713935,-0.069336,0.019775,0.867065
dysfunction,5713955,0.089844,0.180542,0.903564
dysfunction,5713975,-0.045532,-0.156616,1.241699
dysfunction,5713995,-0.034302,-0.140259,1.249756
dysfunction,5714015,-0.094849,-0.049927,0.922729
dysfunction,5714035,-0.095215,-0.074341,0.949951
dysfunction,5714055,-0.044800,-0.032349,0.997192
dysfunction,5714075,-0.026611,0.002197,0.981567
dysfunction,5714095,-0.021484,0.006836,0.993042
dysfunction,5714115,-0.018066,0.003906,0.999146
dysfunction,5714135,0.005005,0.059326,0.959717
dysfunction,5714155,-0.020508,-0.059570,1.119995
dysfunction,5714175,0.016235,-0.056152,1.189697
dysfunction,5714195,-0.127319,-0.143433,1.057861
dysfunction,5714215,-0.120728,-0.156006,1.095215
dysfunction,5714235,0.013306,0.173218,0.761719
dysfunction,5714255,-0.000488,0.154785,0.765869
dysfunction,5714275,0.064087,0.051636,1.092041
dysfunction,5714295,-0.109375,-0.189697,1.178101
dysfunction,5714315,-0.103394,-0.192627,1.200439
dysfunction,5714335,-0.040161,0.105103,0.783325
dysfunction,5714355,-0.053467,0.078247,0.801147
dysfunction,5714375,0.082764,0.132202,0.968750
dysfunction,5714395,0.084595,0.150391,0.934937
dysfunction,5714415,-0.060669,-0.172241,1.245850
dysfunction,5714435,-0.051147,-0.162354,1.245972
dysfunction,5714455,-0.093628,-0.015625,0.894653
dysfunction,5714475,0.079956,0.183228,0.860107
dysfunction,5714495,0.075806,0.191772,0.839111
dysfunction,5714515,-0.016602,-0.114258,1.228027
dysfunction,5714535,-0.004272,-0.095825,1.220093
dysfunction,5714555,-0.119141,-0.107300,1.011230
dysfunction,5714575,-0.119995,-0.122070,1.037598
dysfunction,5714595,0.040161,0.188843,0.774048
dysfunction,5714615,0.027100,0.181885,0.765015
dysfunction,5714635,0.041382,-0.005493,1.153320
dysfunction,5714655,-0.120361,-0.170044,1.127808
dysfunction,5714675,-0.116455,-0.176514,1.150391
dysfunction,5714695,-0.011597,0.144531,0.759033
dysfunction,5714715,-0.024658,0.128662,0.763184
dysfunction,5714735,-0.021729,-0.017212,1.028076
dysfunction,5714755,-0.027710,0.001099,0.985352
dysfunction,5714775,-0.018677,0.004272,1.000854
dysfunction,5714795,-0.020020,0.004883,1.000488
dysfunction,5714815,-0.018311,0.002930,1.001587
dysfunction,5714835,-0.018433,0.004395,1.000854
dysfunction,5714855,-0.018311,0.002686,1.000854
dysfunction,5714875,-0.018921,0.004028,1.001465
dysfunction,5714895,-0.018433,0.003906,1.001587
dysfunction,5714915,-0.018921,0.003174,1.001099
dysfunction,5714935,-0.019043,0.004150,1.001831
dysfunction,5714955,-0.018555,0.004883,1.000488
dysfunction,5714975,-0.017700,0.003174,1.001709
dysfunction,5714995,-0.017822,0.004395,1.001587
dysfunction,5715015,-0.017456,0.004028,1.000977
dysfunction,5715035,-0.018677,0.005371,1.000977
dysfunction,5715055,-0.017700,0.004639,1.000977
dysfunction,5715075,-0.017822,0.005005,1.000854
dysfunction,5715095,-0.018188,0.004517,1.000732
dysfunction,5715115,-0.017944,0.004395,1.001831
dysfunction,5715135,-0.017334,0.003784,1.000732
dysfunction,5715155,-0.018311,0.003906,1.000977
dysfunction,5715175,-0.018188,0.004028,1.000854
dysfunction,5715195,-0.021606,-0.019531,1.042969
dysfunction,5715215,-0.010498,-0.052612,1.134033
dysfunction,5715235,-0.123779,-0.135010,1.045044
dysfunction,5715255,-0.120605,-0.152588,1.095215
dysfunction,5715275,0.006348,0.163818,0.756226
dysfunction,5715295,-0.005615,0.155396,0.750122
dysfunction,5715315,0.062622,0.046631,1.095215
dysfunction,5715335,-0.107300,-0.185059,1.184570
dysfunction,5715355,-0.097412,-0.185913,1.207764
dysfunction,5715375,-0.050537,0.107910,0.771240
dysfunction,5715395,-0.033813,0.104736,0.749634
dysfunction,5715415,0.026123,0.098389,1.045898
dysfunction,5715435,-0.021606,0.059692,1.092285
dysfunction,5715455,-0.044556,-0.128174,1.061035
dysfunction,5715475,-0.070801,0.121948,1.002686
dysfunction,5715495,-0.103149,0.135986,0.949829
dysfunction,5715515,-0.076782,-0.083130,1.038330
dysfunction,5715535,-0.066040,-0.034668,1.025146
dysfunction,5715555,0.073608,-0.053589,1.088013
dysfunction,5715575,0.069336,-0.055298,1.092041
dysfunction,5715595,-0.016846,0.097656,0.912231
dysfunction,5715615,0.000732,0.092285,0.925537
dysfunction,5715635,-0.093994,0.001587,0.972900
dysfunction,5715655,-0.091431,0.017456,0.960571
dysfunction,5715675,0.047485,-0.047607,1.068604
dysfunction,5715695,-0.018677,0.001099,1.002319
dysfunction,5715715,-0.007202,0.006958,1.001465
dysfunction,5715735,-0.005615,0.007202,1.001587
dysfunction,5715755,-0.004517,0.004272,1.007690
dysfunction,5715775,0.011230,-0.017944,1.003540
dysfunction,5715795,0.041016,-0.024780,1.041260
dysfunction,5715815,-0.031616,0.103516,0.910034
dysfunction,5715835,-0.006470,0.099731,0.915039
dysfunction,5715855,-0.075806,-0.020020,1.000610
dysfunction,5715875,0.062744,-0.067017,1.094482
dysfunction,5715895,0.055298,-0.076782,1.100830
dysfunction,5715915,0.008911,0.089233,0.933838
dysfunction,5715935,0.020996,0.081055,0.947510
dysfunction,5715955,-0.092163,0.031494,0.951660
dysfunction,5715975,-0.090454,0.045044,0.940918
dysfunction,5715995,0.025269,-0.091187,1.104370
dysfunction,5716015,-0.220337,-0.123901,1.251831
dysfunction,5716035,0.052368,-0.026001,0.900513
dysfunction,5716055,0.114868,0.103149,1.462769
dysfunction,5716075,0.308228,0.138306,0.735840
dysfunction,5716095,-0.473633,0.153442,1.707642
dysfunction,5716115,0.050171,0.308594,0.887451
dysfunction,5716135,-0.158936,-0.201294,1.225342
dysfunction,5716155,0.016968,-0.003052,1.075317
dysfunction,5716175,-0.033569,0.066162,0.965088
dysfunction,5716195,-0.009033,-0.023682,0.950073
dysfunction,5716215,-0.004272,-0.030029,0.934692
dysfunction,5716235,0.020142,-0.037109,1.098511
dysfunction,5716255,0.032593,-0.045410,1.079590
dysfunction,5716275,-0.018188,0.096680,0.986084
dysfunction,5716295,-0.061157,0.063843,0.978271
dysfunction,5716315,-0.014160,-0.044312,0.910278
dysfunction,5716335,-0.012939,0.043213,0.904785
dysfunction,5716355,0.022583,-0.075317,1.066040
dysfunction,5716375,-0.297241,0.272461,1.083984
dysfunction,5716395,0.150024,0.265625,0.920410
dysfunction,5716415,0.052002,0.082397,1.015503
dysfunction,5716435,0.261719,-0.003540,0.973511
dysfunction,5716455,0.256470,0.114136,0.946777
dysfunction,5716475,-0.007202,0.039063,1.015625
dysfunction,5716495,-0.069214,-0.020508,1.010498
dysfunction,5716515,-0.018677,0.083618,1.007690
dysfunction,5716535,0.049927,0.043091,0.999634
dysfunction,5716555,0.122314,0.029297,0.987915
dysfunction,5716575,0.096191,0.087036,1.005371
dysfunction,5716595,0.107544,-0.007202,0.971558
dysfunction,5716615,0.087402,-0.007446,1.009277
dysfunction,5716635,0.065674,0.020996,0.998047
dysfunction,5716655,0.075073,0.040649,0.998535
dysfunction,5716675,0.084351,0.054443,1.011963
dysfunction,5716695,0.048340,0.060913,1.025269
dysfunction,5716715,-0.036133,-0.043213,1.035034
dysfunction,5716735,-0.204834,-0.159424,1.021606
dysfunction,5716755,-0.130615,-0.382080,1.012939
dysfunction,5716775,-0.094360,-0.362671,1.008423
dysfunction,5716795,-0.058472,-0.267578,1.004028
dysfunction,5716815,0.001099,-0.031372,1.008667
dysfunction,5716835,-0.007446,-0.039795,1.061523
dysfunction,5716855,-0.030396,0.093018,0.895630
dysfunction,5716875,0.030029,0.083130,0.899170
dysfunction,5716895,0.032471,-0.021362,0.953735
dysfunction,5716915,0.004272,-0.082153,1.147095
dysfunction,5716935,-0.001099,-0.083740,1.150513
dysfunction,5716955,-0.033081,0.081787,0.945068
dysfunction,5716975,-0.029053,0.070801,0.957764
dysfunction,5716995,0.169556,0.091553,1.548584
dysfunction,5717015,0.070801,0.112793,0.955933
dysfunction,5717035,-0.011963,-0.134766,0.907471
dysfunction,5717055,-0.013550,0.052612,1.023438
dysfunction,5717075,-0.015991,0.049194,1.150024
dysfunction,5717095,0.008423,0.064209,0.824097
dysfunction,5717115,-0.010132,0.074829,0.815430
dysfunction,5717135,0.008423,-0.085449,1.087646
dysfunction,5717155,0.033813,-0.075439,1.058105
dysfunction,5717175,-0.009277,-0.017700,1.132080
dysfunction,5717195,-0.503662,-0.126221,1.501831
dysfunction,5717215,0.000244,0.054199,0.704346
dysfunction,5717235,-0.060669,-0.075806,0.996826
dysfunction,5717255,-0.001099,-0.033936,1.056641
dysfunction,5717275,0.033447,-0.046631,1.218018
dysfunction,5717295,0.026367,-0.065674,1.166626
dysfunction,5717315,-0.024902,0.013428,0.913940
dysfunction,5717335,-0.017578,-0.005493,0.959839
dysfunction,5717355,0.006836,0.007202,1.019775
dysfunction,5717375,-0.063843,-0.021729,0.917725
dysfunction,5717395,-0.705566,-0.137939,1.223999
dysfunction,5717415,-0.033325,-0.085693,1.010986
dysfunction,5717435,0.021240,-0.001343,0.815918
dysfunction,5717455,-0.073486,-0.104370,1.133057
dysfunction,5717475,0.024292,-0.076782,1.085083
dysfunction,5717495,0.018677,0.039429,1.071777
dysfunction,5717515,-0.034180,0.023193,1.066895
dysfunction,5717535,-0.020630,0.062866,0.811157
dysfunction,5717555,-0.006958,0.087769,0.836304
dysfunction,5717575,0.028320,-0.063843,1.072021
dysfunction,5717595,1.351318,0.580811,3.809814
dysfunction,5717615,0.192993,-0.197510,2.022949
dysfunction,5717635,0.392456,0.358521,0.488037
dysfunction,5717655,-0.320557,-0.156372,0.615601
dysfunction,5717675,0.000732,0.034302,1.014893
dysfunction,5717695,0.025757,-0.067993,1.045654
dysfunction,5717715,0.026978,-0.020142,1.138672
dysfunction,5717735,0.017944,-0.098267,1.135864
dysfunction,5717755,-0.014526,0.091309,0.897827
dysfunction,5717775,-0.087769,-0.025757,0.190674
dysfunction,5717795,0.218750,0.080811,0.279785
dysfunction,5717815,0.059814,-0.012573,1.087036
dysfunction,5717835,-0.040527,-0.228760,1.289429
dysfunction,5717855,0.049316,0.098267,1.117188
dysfunction,5717875,-0.015137,-0.006226,1.009399
dysfunction,5717895,-0.011719,0.063477,0.804932
dysfunction,5717915,0.036255,0.040527,0.829712
dysfunction,5717935,0.030273,-0.073853,1.109131
dysfunction,5717955,-0.030151,0.002686,1.077271
dysfunction,5717975,-0.378906,-0.187744,0.684082
dysfunction,5717995,-0.297607,-0.157104,1.369995
dysfunction,5718015,0.005859,0.028809,0.947998
dysfunction,5718035,-0.076904,-0.010376,0.856812
dysfunction,5718055,-0.033447,-0.041138,1.030151
dysfunction,5718075,-0.012939,0.017700,1.078613
dysfunction,5718095,0.008423,-0.000488,1.051392
dysfunction,5718115,0.015503,-0.000488,0.951538
dysfunction,5718135,0.000854,0.000977,0.993896
dysfunction,5718155,-0.011475,0.003296,1.016724
dysfunction,5718175,-0.373901,0.068848,3.382324
dysfunction,5718195,-0.442871,-0.349243,2.000366
dysfunction,5718215,0.376221,0.287964,1.032471
dysfunction,5718235,-0.098022,-0.057739,0.724121
dysfunction,5718255,0.021362,0.057983,0.976685
dysfunction,5718275,0.025757,-0.028442,0.967285
dysfunction,5718295,-0.014893,0.010010,0.993530
dysfunction,5718315,-0.016479,-0.013550,0.983398
dysfunction,5718335,-0.000488,-0.000732,0.991455
dysfunction,5718355,-0.005493,0.006714,1.016235
dysfunction,5718375,-0.652344,-0.214600,1.278198
dysfunction,5718395,0.167603,-0.162476,1.424316
dysfunction,5718415,-0.015503,0.028931,0.925171
dysfunction,5718435,-0.151855,-0.049927,1.025146
dysfunction,5718455,-0.007935,0.008789,1.110718
dysfunction,5718475,0.038574,-0.043701,1.144653
dysfunction,5718495,-0.020020,0.097290,0.838379
dysfunction,5718515,-0.037109,0.069336,0.884888
dysfunction,5718535,0.021362,0.008423,0.914429
dysfunction,5718555,-0.149658,-0.096069,0.391357
dysfunction,5718575,-0.112305,-0.158081,0.657471
dysfunction,5718595,-0.110229,-0.033203,1.245850
dysfunction,5718615,-0.016846,0.013184,0.993652
dysfunction,5718635,-0.058105,0.031860,0.729858
dysfunction,5718655,-0.019531,0.056030,0.861328
dysfunction,5718675,0.025513,-0.067871,1.158813
dysfunction,5718695,0.047852,-0.076538,1.154663
dysfunction,5718715,-0.017578,0.008789,1.031250
dysfunction,5718735,-0.033936,-0.000610,1.078491
dysfunction,5718755,-0.051025,0.066772,0.787720
dysfunction,5718775,0.344360,0.012573,-0.100830
dysfunction,5718795,-0.298218,-0.162720,1.543213
dysfunction,5718815,0.091187,0.078247,1.067627
dysfunction,5718835,0.065186,-0.045288,0.963257
dysfunction,5718855,-0.006958,0.148560,0.853882
dysfunction,5718875,-0.047729,0.090088,0.905273
dysfunction,5718895,0.022827,-0.005005,0.970703
dysfunction,5718915,0.034058,-0.006958,0.949219
dysfunction,5718935,-0.004395,-0.069092,1.140503
dysfunction,5718955,-0.161011,-0.046997,2.853394
dysfunction,5718975,0.329956,-0.061035,0.820435
dysfunction,5718995,-0.109253,0.068604,1.153687
dysfunction,5719015,0.020874,-0.006836,1.195557
dysfunction,5719035,0.031738,0.017456,1.009277
dysfunction,5719055,-0.022217,0.016235,0.959351
dysfunction,5719075,-0.009277,0.074951,0.840210
dysfunction,5719095,-0.027466,0.074097,0.871826
dysfunction,5719115,0.033203,-0.068359,1.105957
dysfunction,5719135,-0.031494,-0.012695,1.089722
dysfunction,5719155,0.241455,0.123291,0.994507
dysfunction,5719175,0.106079,0.006470,0.431519
dysfunction,5719195,-0.116089,0.050537,0.836792
dysfunction,5719215,0.070801,-0.009521,1.155151
dysfunction,5719235,0.061157,-0.008179,1.059692
dysfunction,5719255,-0.040283,-0.073486,1.091797
dysfunction,5719275,-0.014526,-0.077759,1.080566
dysfunction,5719295,-0.020264,0.088013,0.980713
dysfunction,5719315,0.030273,0.007935,0.922607
dysfunction,5719335,0.024170,0.019287,0.904053
dysfunction,5719355,-0.001099,-0.089722,1.131592
dysfunction,5719375,0.005127,-0.088013,1.135132
dysfunction,5719395,-0.027710,0.085327,1.012451
dysfunction,5719415,-0.539307,-0.177979,1.535400
dysfunction,5719435,-0.069458,-0.015869,0.765869
dysfunction,5719455,0.052979,0.035767,0.678101
dysfunction,5719475,-0.043945,-0.092651,1.158203
dysfunction,5719495,-0.004150,0.049683,1.105957
dysfunction,5719515,0.017578,0.005493,1.078857
dysfunction,5719535,-0.018799,0.084839,0.796631
dysfunction,5719555,-0.037231,0.074097,0.823486
dysfunction,5719575,0.031860,-0.054443,1.060059
dysfunction,5719595,0.028564,-0.047363,1.051270
dysfunction,5719615,-0.015869,-0.036377,1.102417
dysfunction,5719635,-0.002808,0.003906,0.984253
dysfunction,5719655,0.657471,0.319214,1.637085
dysfunction,5719675,0.235840,-0.039185,0.532104
dysfunction,5719695,-0.009399,-0.045166,0.863647
dysfunction,5719715,0.048584,0.017822,1.189453
dysfunction,5719735,-0.008057,0.024292,1.117065
dysfunction,5719755,-0.010742,-0.015625,0.967407
dysfunction,5719775,-0.001099,-0.002686,0.944702
dysfunction,5719795,-0.016602,0.000610,1.053345
dysfunction,5719815,-0.001953,0.008179,1.003784
dysfunction,5719835,0.004395,0.005859,1.009644
dysfunction,5719855,0.000854,0.006348,0.976196
dysfunction,5719875,-0.022339,-0.010864,0.958130
dysfunction,5719895,-0.608276,-0.150879,1.714600
dysfunction,5719915,0.094116,0.047852,1.369995
dysfunction,5719935,0.005493,-0.046631,0.861328
dysfunction,5719955,-0.030273,-0.023926,0.776733
dysfunction,5719975,0.014160,0.066528,1.003906
dysfunction,5719995,0.039795,0.005493,1.043457
dysfunction,5720015,0.001587,0.022583,0.984375
dysfunction,5720035,-0.019043,-0.025513,0.975098
dysfunction,5720055,-0.009155,-0.026489,1.000610
dysfunction,5720075,-0.012573,0.080322,0.976074
dysfunction,5720095,-0.013794,0.106201,0.926880
dysfunction,5720115,0.020874,-0.006470,0.929321
dysfunction,5720135,0.016968,0.011230,0.911255
dysfunction,5720155,-0.000488,-0.092651,1.151001
dysfunction,5720175,-0.042847,0.062134,0.916016
dysfunction,5720195,0.097900,-0.018799,0.597534
dysfunction,5720215,0.114258,0.173096,1.152954
dysfunction,5720235,0.040771,0.080933,1.023804
dysfunction,5720255,-0.013794,-0.085083,0.959351
dysfunction,5720275,-0.014160,-0.100464,1.066406
dysfunction,5720295,-0.033081,0.032959,1.093140
dysfunction,5720315,-0.007813,0.014893,1.131836
dysfunction,5720335,0.002930,0.090210,0.840210
dysfunction,5720355,0.011719,-0.069702,1.047241
dysfunction,5720375,0.016113,-0.074707,1.035645
dysfunction,5720395,-0.011841,-0.012817,1.133057
dysfunction,5720415,-0.013062,-0.035522,1.146606
dysfunction,5720435,-0.016479,0.100220,0.863159
dysfunction,5720455,0.657593,0.396729,2.083740
dysfunction,5720475,0.195923,-0.036499,0.673828
dysfunction,5720495,-0.005615,-0.078369,0.762573
dysfunction,5720515,0.026489,-0.067871,1.351440
dysfunction,5720535,0.028809,0.105957,0.838013
dysfunction,5720555,-0.055908,-0.025269,0.896973
dysfunction,5720575,-0.007446,0.020386,0.993042
dysfunction,5720595,-0.016357,0.000977,1.027466
dysfunction,5720615,-0.004150,0.013794,1.032959
dysfunction,5720635,0.003906,0.014771,1.022583
dysfunction,5720655,-0.001465,-0.060059,1.007690
dysfunction,5720675,-0.020874,-0.069336,1.088867
dysfunction,5720695,-0.029541,0.083618,0.933594
dysfunction,5720715,0.027466,0.021484,0.932861
dysfunction,5720735,0.015137,0.024414,0.911377
dysfunction,5720755,0.188110,0.001221,1.887695
dysfunction,5720775,0.085693,-0.029297,1.157959
dysfunction,5720795,-0.047974,-0.010986,0.760376
dysfunction,5720815,-0.076904,0.026855,0.929687
dysfunction,5720835,0.022949,0.095093,0.978027
dysfunction,5720855,0.030518,0.069702,0.929810
dysfunction,5720875,0.024292,-0.077271,1.057251
dysfunction,5720895,-0.036865,-0.002563,1.088501
dysfunction,5720915,-0.020630,-0.002319,1.090210
dysfunction,5720935,-0.000732,0.101440,0.890015
dysfunction,5720955,-0.004272,0.113281,0.883301
dysfunction,5720975,-0.102173,-0.118652,0.534058
dysfunction,5720995,0.102905,-0.078247,0.800049
dysfunction,5721015,-0.114868,-0.001099,1.343140
dysfunction,5721035,-0.010376,0.072998,1.296997
dysfunction,5721055,0.030884,0.115601,0.867676
dysfunction,5721075,-0.006226,-0.016357,0.933594
dysfunction,5721095,0.004761,-0.006958,0.917725
dysfunction,5721115,0.022461,-0.078247,1.206421
dysfunction,5721135,0.007690,-0.083008,1.185547
dysfunction,5721155,-0.029541,0.069702,0.940430
dysfunction,5721175,-0.026611,0.065552,0.941406
dysfunction,5721195,0.385254,0.270508,0.953735
dysfunction,5721215,0.222656,-0.117188,0.655151
dysfunction,5721235,-0.045288,-0.104736,1.060913
dysfunction,5721255,0.025146,0.018921,1.156128
dysfunction,5721275,-0.001709,0.023071,1.093506
dysfunction,5721295,-0.016602,-0.015381,0.962402
dysfunction,5721315,0.000610,-0.004761,0.942139
dysfunction,5721335,-0.011841,0.002075,1.062988
dysfunction,5721355,-0.000122,0.008911,1.015625
dysfunction,5721375,0.003784,0.002563,1.005615
dysfunction,5721395,-0.000732,0.003052,0.978760
dysfunction,5721415,-0.132324,-0.048706,0.564331
dysfunction,5721435,-0.132446,-0.089233,0.645630
dysfunction,5721455,-0.100464,0.038818,1.253662
dysfunction,5721475,0.001465,-0.028076,1.027954
dysfunction,5721495,0.044434,-0.004272,0.982300
dysfunction,5721515,-0.007324,-0.010254,1.003662
dysfunction,5721535,0.000977,0.000610,0.984375
dysfunction,5721555,0.009277,0.011353,1.047241
dysfunction,5721575,0.003540,-0.008667,0.937500
dysfunction,5721595,-0.006226,-0.005127,0.981201
dysfunction,5721615,-0.006226,0.005737,1.018188
dysfunction,5721635,-0.002686,0.010498,1.025513
dysfunction,5721655,-0.069336,0.156738,2.770508
dysfunction,5721675,0.001709,0.125000,1.067139
dysfunction,5721695,0.049683,-0.064331,0.804077
dysfunction,5721715,-0.009888,-0.007324,0.836060
dysfunction,5721735,-0.002930,0.010742,1.070923
dysfunction,5721755,0.020630,0.014038,0.940674
dysfunction,5721775,0.005005,0.003662,0.980713
dysfunction,5721795,-0.016602,-0.010376,1.012939
dysfunction,5721815,-0.003418,0.003296,0.995361
dysfunction,5721835,-0.000122,0.007446,1.033081
dysfunction,5721855,0.001343,0.020020,1.016968
dysfunction,5721875,0.872559,0.422729,2.103149
dysfunction,5721895,0.289185,-0.013672,1.023804
dysfunction,5721915,0.066406,-0.022461,0.860596
dysfunction,5721935,0.051147,0.012817,1.198608
dysfunction,5721955,-0.010864,0.020996,1.098267
dysfunction,5721975,-0.000610,-0.011475,0.955322
dysfunction,5721995,-0.002075,0.001831,0.952026
dysfunction,5722015,-0.019775,-0.000122,1.049805
dysfunction,5722035,-0.002075,0.006104,0.999756
dysfunction,5722055,-0.000366,0.002441,1.008423
dysfunction,5722075,-0.001465,0.002197,0.975952
dysfunction,5722095,-0.019653,-0.010742,0.959473
dysfunction,5722115,-0.543701,-0.132080,1.695313
dysfunction,5722135,0.097900,0.211670,1.257935
dysfunction,5722155,0.054199,-0.035889,0.721680
dysfunction,5722175,-0.014282,0.030273,0.675659
dysfunction,5722195,-0.009766,-0.083008,1.147095
dysfunction,5722215,-0.008179,-0.068726,1.160278
dysfunction,5722235,-0.029663,0.047852,1.000244
dysfunction,5722255,-0.027100,0.035034,0.837402
dysfunction,5722275,-0.007446,0.070068,0.837280
dysfunction,5722295,0.021362,-0.084717,1.133789
dysfunction,5722315,0.032104,-0.055664,1.108765
dysfunction,5722335,-0.032227,0.002319,1.066650
dysfunction,5722355,-0.021606,-0.101685,0.520874
dysfunction,5722375,-0.018066,0.131714,0.933228
dysfunction,5722395,-0.012329,-0.027222,1.033936
dysfunction,5722415,-0.031738,-0.005981,0.853149
dysfunction,5722435,-0.001831,0.018188,1.078979
dysfunction,5722455,-0.027100,0.028198,1.070923
dysfunction,5722475,0.001343,0.042114,0.972046
dysfunction,5722495,0.014404,0.038208,0.896362
dysfunction,5722515,0.014771,-0.081421,1.103882
dysfunction,5722535,0.008667,-0.078125,1.110352
dysfunction,5722555,-0.013306,0.030151,1.067505
dysfunction,5722575,-0.104736,0.034790,0.161133
dysfunction,5722595,0.178711,-0.065063,0.011597
dysfunction,5722615,0.115234,0.074951,1.464966
dysfunction,5722635,0.042725,-0.069458,1.086426
dysfunction,5722655,-0.021118,-0.011841,0.918335
dysfunction,5722675,-0.056519,-0.060425,1.118774
dysfunction,5722695,-0.035522,0.058594,0.983643
dysfunction,5722715,-0.000732,-0.004150,1.068604
dysfunction,5722735,0.008423,-0.000610,1.000244
dysfunction,5722755,-0.009644,-0.007080,1.000610
dysfunction,5722775,-0.009033,0.053833,0.967651
dysfunction,5722795,0.018066,-0.045654,1.090576
dysfunction,5722815,-0.447632,-0.184448,1.282715
dysfunction,5722835,-0.129639,-0.096313,1.055298
dysfunction,5722855,0.041016,-0.080444,0.989136
dysfunction,5722875,-0.085083,0.090576,0.916504
dysfunction,5722895,-0.028809,0.104126,0.899536
dysfunction,5722915,0.080566,-0.009644,0.996826
dysfunction,5722935,-0.020264,-0.062500,0.957886
dysfunction,5722955,-0.028687,-0.090942,1.119385
dysfunction,5722975,-0.013794,0.091553,0.940552
dysfunction,5722995,-0.010620,0.032837,1.000732
dysfunction,5723015,0.002075,0.015991,0.982910
dysfunction,5723035,0.751221,0.437988,1.723145
dysfunction,5723055,0.264282,-0.009033,0.353027
dysfunction,5723075,0.058960,0.019165,0.846191
dysfunction,5723095,0.051758,-0.061768,1.251465
dysfunction,5723115,0.040405,0.077148,0.884888
dysfunction,5723135,-0.049438,0.005371,1.002441
dysfunction,5723155,-0.008057,0.099487,0.884155
dysfunction,5723175,-0.010742,0.074097,0.914917
dysfunction,5723195,0.033203,-0.070068,1.095215
dysfunction,5723215,0.023193,-0.072632,1.057739
dysfunction,5723235,-0.022461,-0.020386,1.089600
dysfunction,5723255,-0.025024,-0.032837,1.099487
dysfunction,5723275,0.333740,0.471191,3.143799
dysfunction,5723295,0.215576,-0.052246,0.690674
dysfunction,5723315,0.168579,0.026489,0.859985
dysfunction,5723335,0.006836,-0.092407,1.395020
dysfunction,5723355,-0.000488,-0.039917,1.214844
dysfunction,5723375,-0.015869,0.059937,0.864258
dysfunction,5723395,-0.021118,0.087524,0.902344
dysfunction,5723415,-0.012817,-0.011230,0.927979
dysfunction,5723435,0.012207,0.026001,0.876221
dysfunction,5723455,0.011230,-0.090332,1.162598
dysfunction,5723475,-0.025635,0.066528,0.960815
dysfunction,5723495,-0.519043,-0.168945,1.696533
dysfunction,5723515,-0.087769,-0.147583,1.026001
dysfunction,5723535,0.019897,-0.040527,0.848633
dysfunction,5723555,-0.092041,0.004395,1.066162
dysfunction,5723575,-0.015625,0.015991,1.004272
dysfunction,5723595,0.039917,0.035522,0.991089
dysfunction,5723615,-0.004028,0.006592,0.996216
dysfunction,5723635,-0.008423,-0.008789,0.974854
dysfunction,5723655,0.000000,0.008545,1.013306
dysfunction,5723675,-0.015869,-0.000732,1.016479
dysfunction,5723695,-0.154907,0.039673,1.228271
dysfunction,5723715,0.060059,0.040527,1.083496
dysfunction,5723735,-0.001953,-0.024658,0.903931
dysfunction,5723755,-0.007446,-0.014038,0.922485
dysfunction,5723775,-0.002441,0.021362,1.033569
dysfunction,5723795,0.006958,0.029053,1.040405
dysfunction,5723815,0.004272,0.011353,0.988037
dysfunction,5723835,-0.004517,-0.000610,0.995117
dysfunction,5723855,-0.002441,-0.007446,0.983521
dysfunction,5723875,0.000244,0.030884,1.027100
dysfunction,5723895,-0.010376,-0.008911,1.015137
dysfunction,5723915,0.005981,0.018799,1.003418
dysfunction,5723935,-0.000854,0.014526,1.000854
dysfunction,5723955,0.001099,0.031616,0.982544
dysfunction,5723975,-0.002563,0.010376,1.000000
dysfunction,5723995,-0.003906,0.008789,1.001099
dysfunction,5724015,0.011963,0.006714,1.007202
dysfunction,5724035,-0.006348,0.040894,0.950806
dysfunction,5724055,-0.000488,0.011353,1.000000
dysfunction,5724075,0.010254,0.000610,1.012085
dysfunction,5724095,0.019775,0.006104,1.002686
dysfunction,5724115,-0.002441,0.007080,0.997437
dysfunction,5724135,-0.007690,0.008423,1.001465
dysfunction,5724155,-0.004517,0.004028,1.002930
dysfunction,5724175,-0.006104,0.001587,1.003296
dysfunction,5724195,-0.008423,0.014893,1.000122
dysfunction,5724215,-0.011475,0.004517,1.000488
dysfunction,5724235,-0.002319,-0.038574,1.018066
dysfunction,5724255,0.002930,-0.001099,1.001709
dysfunction,5724275,-0.007935,0.000244,1.000977
dysfunction,5724295,-0.000977,0.002319,1.003662
dysfunction,5724315,-0.000488,0.002930,1.000732
dysfunction,5724335,-0.003906,0.000244,1.003052
dysfunction,5724355,-0.006836,-0.020386,1.010498
dysfunction,5724375,0.120850,-0.012939,0.911499
dysfunction,5724395,0.216675,-0.061768,0.845215
dysfunction,5724415,-0.117676,0.109741,1.027344
dysfunction,5724435,-0.084839,0.084473,1.003418
dysfunction,5724455,-0.116089,-0.006714,1.160400
dysfunction,5724475,-0.176270,0.017700,1.152222
dysfunction,5724495,0.183960,-0.084351,0.923218
dysfunction,5724515,0.012451,0.060181,0.926025
dysfunction,5724535,0.035645,0.057739,0.910400
dysfunction,5724555,-0.212280,0.038574,1.163208
dysfunction,5724575,-0.224243,0.045288,1.161255
dysfunction,5724595,0.131958,-0.094116,0.987671
dysfunction,5724615,0.103516,-0.086182,1.011841
dysfunction,5724635,0.110718,-0.024414,0.909180
dysfunction,5724655,-0.001831,-0.008789,0.996460
dysfunction,5724675,0.002319,-0.003296,1.010376
dysfunction,5724695,0.002075,0.002563,1.002686
dysfunction,5724715,-0.013916,0.009155,1.009155
dysfunction,5724735,-0.023071,-0.024170,1.047363
dysfunction,5724755,-0.091064,-0.035889,1.114380
dysfunction,5724775,0.209351,-0.068970,0.903442
dysfunction,5724795,0.198364,-0.079224,0.906860
dysfunction,5724815,-0.034424,0.073853,0.947510
dysfunction,5724835,-0.169922,0.013184,0.931519
dysfunction,5724855,-0.186157,0.021362,1.158813
dysfunction,5724875,0.169189,-0.090698,0.946289
dysfunction,5724895,0.145630,-0.090210,0.973389
dysfunction,5724915,0.067505,0.038208,0.887451
dysfunction,5724935,0.098755,0.033081,0.876953
dysfunction,5724955,-0.213135,0.058716,1.132568
dysfunction,5724975,-0.213501,0.065674,1.119141
dysfunction,5724995,0.059326,-0.083008,1.047974
dysfunction,5725015,0.159546,0.006714,0.846680
dysfunction,5725035,0.182007,-0.001953,0.842407
dysfunction,5725055,-0.186768,0.083862,1.081055
dysfunction,5725075,-0.172241,0.089111,1.062134
dysfunction,5725095,-0.038086,-0.054077,1.123657
dysfunction,5725115,-0.078003,0.011841,1.096313
dysfunction,5725135,0.006226,-0.005371,0.987305
dysfunction,5725155,-0.003052,-0.001221,0.995605
dysfunction,5725175,0.001343,-0.003296,1.002197
dysfunction,5725195,0.002686,-0.000977,1.005127
dysfunction,5725215,0.002441,-0.001465,1.003418
dysfunction,5725235,0.002075,-0.000610,1.003906
dysfunction,5725255,0.000000,-0.000244,1.002075
dysfunction,5725275,-0.000977,-0.000244,1.001709
dysfunction,5725295,0.005127,-0.000977,1.003174
dysfunction,5725315,0.004028,-0.000244,1.004517
dysfunction,5725335,0.000366,-0.000366,1.002319
dysfunction,5725355,0.000122,-0.000732,1.002319
dysfunction,5725375,0.000366,-0.001099,1.002197
dysfunction,5725395,0.001099,-0.000732,1.002686
dysfunction,5725415,0.000488,-0.000488,1.003540
dysfunction,5725435,0.005127,-0.000854,1.004272
dysfunction,5725455,0.002075,-0.000854,1.004150
dysfunction,5725475,-0.000610,-0.000244,1.001831
dysfunction,5725495,0.001465,-0.001221,1.002197
dysfunction,5725515,0.005371,-0.000122,1.001831
dysfunction,5725535,0.001465,0.000366,1.003174
dysfunction,5725555,0.001831,0.000244,1.002441
dysfunction,5725575,0.006104,-0.000854,1.004272
dysfunction,5725595,0.001831,-0.001465,1.003052
dysfunction,5725615,0.002197,-0.000610,1.001953
dysfunction,5725635,0.003052,-0.001343,1.004150
dysfunction,5725655,0.002686,-0.000732,1.004028
dysfunction,5725675,0.004272,-0.000854,1.004395
dysfunction,5725695,0.004639,-0.000610,1.002930
dysfunction,5725715,0.002441,0.001831,1.005493
dysfunction,5725735,0.002563,0.000244,1.005005
dysfunction,5725755,0.003418,-0.002930,1.002197
dysfunction,5725775,0.005981,-0.002808,1.000122
dysfunction,5725795,0.001831,0.000000,1.003906
dysfunction,5725815,0.003052,0.000610,1.003174
dysfunction,5725835,-0.000977,0.001099,1.002686
dysfunction,5725855,-0.000366,-0.000366,1.002930
dysfunction,5725875,0.004639,-0.003174,1.005249
dysfunction,5725895,0.002930,-0.001831,1.004395
dysfunction,5725915,0.000122,0.000610,1.003418
dysfunction,5725935,0.000488,0.000977,1.001953
dysfunction,5725955,0.128418,-0.021362,1.653442
dysfunction,5725975,0.025269,0.074585,0.843994
dysfunction,5725995,-0.115234,-0.029175,0.987061
dysfunction,5726015,-0.197632,-0.002686,1.113525
dysfunction,5726035,0.197998,-0.079102,0.995239
dysfunction,5726055,0.022705,0.084106,0.916382
dysfunction,5726075,0.052002,0.043457,0.892090
dysfunction,5726095,-0.200684,0.027466,1.175293
dysfunction,5726115,-0.199097,0.030518,1.136719
dysfunction,5726135,0.118286,-0.081055,1.038696
dysfunction,5726155,0.088135,-0.079834,1.018555
dysfunction,5726175,0.128906,0.011230,0.876953
dysfunction,5726195,0.210693,-0.234863,2.043091
dysfunction,5726215,-0.274048,0.103149,0.961182
dysfunction,5726235,0.112549,-0.143433,1.350708
dysfunction,5726255,0.023682,-0.062988,1.192505
dysfunction,5726275,0.021362,0.013306,0.977661
dysfunction,5726295,-0.007080,0.005005,1.001831
dysfunction,5726315,0.004639,0.005127,0.993164
dysfunction,5726335,0.004028,-0.010986,1.035400
dysfunction,5726355,-0.010010,-0.015015,1.016602
dysfunction,5726375,-0.071289,-0.020264,1.088379
dysfunction,5726395,0.195801,-0.061646,0.926880
dysfunction,5726415,0.005981,0.085693,0.948730
dysfunction,5726435,0.161255,0.221802,1.650269
dysfunction,5726455,-0.301025,0.054810,0.996460
dysfunction,5726475,-0.212769,0.024292,1.121704
dysfunction,5726495,0.170288,-0.088745,1.043335
dysfunction,5726515,0.134521,-0.078613,1.055176
dysfunction,5726535,0.095581,0.040161,0.881104
dysfunction,5726555,0.145508,0.013672,0.861938
dysfunction,5726575,0.006470,-0.011597,1.055054
dysfunction,5726595,0.008667,0.003662,1.007080
dysfunction,5726615,0.008057,-0.007324,1.003540
dysfunction,5726635,0.003906,0.008911,0.998901
dysfunction,5726655,-0.062866,0.027100,1.028931
dysfunction,5726675,0.164185,-0.112427,1.808228
dysfunction,5726695,0.125732,-0.128662,1.212646
dysfunction,5726715,0.143066,-0.052734,0.756226
dysfunction,5726735,-0.137451,0.060425,0.788696
dysfunction,5726755,-0.120605,0.081909,1.018066
dysfunction,5726775,-0.107544,-0.015869,1.113037
dysfunction,5726795,-0.117065,-0.011963,1.115723
dysfunction,5726815,0.189331,-0.089111,0.906860
dysfunction,5726835,0.214966,-0.081177,0.897461
dysfunction,5726855,-0.029175,0.066895,0.939819
dysfunction,5726875,-0.005737,0.003418,1.027344
dysfunction,5726895,-0.005737,0.015869,1.002563
dysfunction,5726915,0.018921,0.166992,0.278076
dysfunction,5726935,-0.002319,0.039185,0.796265
dysfunction,5726955,0.024536,-0.073853,1.110107
dysfunction,5726975,-0.092896,-0.028687,1.177124
dysfunction,5726995,0.213623,-0.046021,0.915649
dysfunction,5727015,0.171265,-0.078491,0.941772
dysfunction,5727035,0.013550,0.073608,0.928833
dysfunction,5727055,0.005005,0.030151,0.926758
dysfunction,5727075,-0.191650,0.031372,1.185303
dysfunction,5727095,0.197754,-0.132812,0.948730
dysfunction,5727115,0.157959,-0.121826,0.954102
dysfunction,5727135,0.108032,0.046997,0.918335
dysfunction,5727155,0.052124,-0.093994,1.369507
dysfunction,5727175,-0.230591,0.107300,0.946289
dysfunction,5727195,-0.215210,0.098389,1.046753
dysfunction,5727215,0.005371,-0.078247,1.113159
dysfunction,5727235,-0.001465,-0.054443,1.072754
dysfunction,5727255,0.202026,-0.019531,0.890869
dysfunction,5727275,-0.138916,0.099487,1.016724
dysfunction,5727295,-0.155762,0.070557,1.030640
dysfunction,5727315,-0.058228,-0.038208,1.158081
dysfunction,5727335,-0.096069,-0.016846,1.161011
dysfunction,5727355,-0.005005,0.006592,0.983276
dysfunction,5727375,0.034790,0.169067,0.210693
dysfunction,5727395,-0.221924,-0.081055,0.781006
dysfunction,5727415,0.026733,-0.058472,1.079956
dysfunction,5727435,0.009399,0.002441,0.977783
dysfunction,5727455,-0.014282,-0.001343,0.918457
dysfunction,5727475,-0.013794,0.014771,1.013794
dysfunction,5727495,-0.004150,0.005493,1.004517
dysfunction,5727515,0.010132,-0.003418,1.026367
dysfunction,5727535,-0.003784,-0.001953,0.985718
dysfunction,5727555,0.002075,-0.005127,1.004272
dysfunction,5727575,-0.002686,0.000854,1.005859
dysfunction,5727595,0.006714,0.010864,1.010498
dysfunction,5727615,0.182739,-0.120728,1.866211
dysfunction,5727635,-0.042603,0.011475,0.822021
dysfunction,5727655,-0.043823,-0.031494,0.952393
dysfunction,5727675,0.034302,-0.018799,1.113403
dysfunction,5727695,0.014648,0.005005,1.030884
dysfunction,5727715,-0.015137,0.016113,0.994019
dysfunction,5727735,0.019043,0.005005,0.997070
dysfunction,5727755,0.002930,-0.006836,1.033691
dysfunction,5727775,0.010986,-0.003906,1.001953
dysfunction,5727795,0.016846,-0.004517,1.019653
dysfunction,5727815,-0.126343,-0.058838,1.006714
dysfunction,5727835,0.007202,0.025269,0.996338
dysfunction,5727855,0.000854,-0.007446,0.999512
dysfunction,5727875,0.197754,-0.078735,0.208740
dysfunction,5727895,-0.125854,-0.110840,1.158569
dysfunction,5727915,0.017700,0.079346,0.969604
dysfunction,5727935,0.013428,-0.043823,0.779419
dysfunction,5727955,0.019043,0.056519,0.976562
dysfunction,5727975,-0.024536,0.020142,1.031250
dysfunction,5727995,-0.009033,0.003052,0.981323
dysfunction,5728015,0.000244,-0.008545,0.965454
dysfunction,5728035,0.000732,-0.001953,0.993042
dysfunction,5728055,-0.011597,0.008911,1.004395
dysfunction,5728075,0.000000,0.026978,0.998779
dysfunction,5728095,-0.005981,0.003784,1.015991
dysfunction,5728115,-0.001343,0.003784,0.990479
dysfunction,5728135,-0.006226,-0.006958,1.007813
dysfunction,5728155,-0.006592,0.000854,0.996460
dysfunction,5728175,-0.004639,0.008301,1.005981
dysfunction,5728195,-0.002319,0.039063,0.977539
dysfunction,5728215,0.015503,-0.043213,1.058960
dysfunction,5728235,0.021240,-0.048950,1.033447
dysfunction,5728255,-0.015991,-0.062012,1.135010
dysfunction,5728275,-0.011108,-0.069458,1.143188
dysfunction,5728295,-0.024048,0.105713,0.898926
dysfunction,5728315,0.003540,0.001709,0.963379
dysfunction,5728335,-0.016479,0.011841,0.961182
dysfunction,5728355,0.018433,-0.097290,1.145020
dysfunction,5728375,0.014404,-0.102661,1.154053
dysfunction,5728395,-0.024536,0.074829,0.957520
dysfunction,5728415,-0.029053,0.071899,0.978394
dysfunction,5728435,-0.007568,0.060059,0.895386
dysfunction,5728455,-0.006836,0.067993,0.891357
dysfunction,5728475,0.032593,-0.096436,1.121826
dysfunction,5728495,-0.014526,0.008667,0.995361
dysfunction,5728515,-0.000244,0.021484,1.000244
dysfunction,5728535,-0.008911,-0.010376,1.005981
dysfunction,5728555,-0.005859,-0.026245,1.017822
dysfunction,5728575,-0.016479,0.068848,0.941650
dysfunction,5728595,-0.027222,0.080811,0.920288
dysfunction,5728615,0.015259,0.029419,0.913574
dysfunction,5728635,0.006104,0.051392,0.896606
dysfunction,5728655,0.005493,-0.090332,1.145996
dysfunction,5728675,-0.038208,0.062256,0.990723
dysfunction,5728695,-0.039063,0.049927,1.005981
dysfunction,5728715,0.005615,0.061157,0.865845
dysfunction,5728735,0.000610,0.070557,0.856323
dysfunction,5728755,0.022095,-0.085327,1.109375
dysfunction,5728775,0.024780,-0.075073,1.091919
dysfunction,5728795,-0.033691,0.005493,1.076904
dysfunction,5728815,-0.011230,0.097656,0.854370
dysfunction,5728835,-0.016235,0.097412,0.857056
dysfunction,5728855,0.026245,-0.061768,1.045166
dysfunction,5728875,0.026489,-0.048218,1.026855
dysfunction,5728895,-0.017700,-0.041504,1.126709
dysfunction,5728915,-0.012329,-0.051758,1.131226
dysfunction,5728935,-0.027588,0.095337,0.889526
dysfunction,5728955,-0.020142,0.065796,0.944092
dysfunction,5728975,0.000610,0.000854,1.012085
dysfunction,5728995,-0.000977,0.011841,1.002075
dysfunction,5729015,-0.002075,0.001343,1.005859
dysfunction,5729035,-0.004517,0.005981,1.002197
dysfunction,5729055,-0.002808,0.006348,1.000977
dysfunction,5729075,-0.003296,0.005859,1.000732
dysfunction,5729095,-0.005005,0.004883,1.000610
dysfunction,5729115,-0.005737,0.003662,1.001587
dysfunction,5729135,-0.004028,0.004395,1.001587
dysfunction,5729155,-0.003296,0.004761,1.000732
dysfunction,5729175,-0.003174,0.006836,1.001465
dysfunction,5729195,-0.004395,0.007202,1.001221
dysfunction,5729215,-0.005127,0.005127,1.001587
dysfunction,5729235,-0.004395,0.004028,1.001709
dysfunction,5729255,-0.003174,0.004150,1.001953
dysfunction,5729275,-0.004028,0.006104,1.001709
dysfunction,5729295,-0.004639,0.006958,1.001831
dysfunction,5729315,-0.003418,0.005249,1.001953
dysfunction,5729335,-0.004150,0.004395,1.001343
dysfunction,5729355,-0.004395,0.005005,1.003296
dysfunction,5729375,-0.004395,0.006470,1.002563
dysfunction,5729395,-0.004272,0.006348,1.001465
dysfunction,5729415,-0.003784,0.005249,1.001587
dysfunction,5729435,-0.004028,0.004639,1.001221
dysfunction,5729455,-0.003906,0.005493,1.002686
dysfunction,5729475,-0.004517,0.005615,1.001831
dysfunction,5729495,-0.055420,-0.003052,0.988037
dysfunction,5729515,-0.006348,0.000610,1.020874
dysfunction,5729535,-0.003296,0.013428,0.995117
dysfunction,5729555,-0.007690,-0.002075,0.998291
dysfunction,5729575,-0.001221,0.009766,1.001709
dysfunction,5729595,-0.001709,0.006714,1.003784
dysfunction,5729615,-0.004639,0.004639,1.003052
dysfunction,5729635,-0.003662,0.006226,1.003540
dysfunction,5729655,-0.003174,0.003540,1.000488
dysfunction,5729675,-0.004639,0.005127,1.000610
dysfunction,5729695,-0.004395,0.005737,1.001221
dysfunction,5729715,-0.004028,0.005859,1.003296
dysfunction,5729735,-0.004517,0.005737,1.003052
dysfunction,5729755,-0.003662,0.004883,1.001343
dysfunction,5729775,-0.003784,0.004761,1.001709
dysfunction,5729795,-0.004150,0.005371,1.002197
dysfunction,5729815,-0.006104,0.005981,1.000610
dysfunction,5729835,-0.002930,0.052856,0.981689
dysfunction,5729855,0.009277,-0.078369,1.088257
dysfunction,5729875,0.018433,-0.083130,1.110474
dysfunction,5729895,-0.030884,0.017944,1.055664
dysfunction,5729915,-0.030640,0.005371,1.073364
dysfunction,5729935,-0.013916,0.092163,0.856323
dysfunction,5729955,-0.017334,0.098022,0.854614
dysfunction,5729975,0.027832,-0.055908,1.045288
dysfunction,5729995,0.025879,-0.049683,1.026123
dysfunction,5730015,-0.015503,-0.043701,1.129272
dysfunction,5730035,-0.029785,0.096313,0.876587
dysfunction,5730055,-0.032959,0.096436,0.887329
dysfunction,5730075,0.028320,-0.019165,0.967529
dysfunction,5730095,0.026733,-0.007446,0.951538
dysfunction,5730115,0.012451,-0.049683,1.114868
dysfunction,5730135,0.001709,0.008667,1.005493
dysfunction,5730155,-0.007935,0.008179,0.997803
dysfunction,5730175,-0.004517,0.005981,1.002808
dysfunction,5730195,-0.005859,0.001831,1.001221
dysfunction,5730215,-0.016479,0.075439,0.949341
dysfunction,5730235,-0.018921,0.091797,0.901001
dysfunction,5730255,0.019287,-0.021484,0.975098
dysfunction,5730275,0.015991,-0.002930,0.938843
dysfunction,5730295,0.002075,-0.135376,1.151978
dysfunction,5730315,0.011230,-0.069214,1.147583
dysfunction,5730335,-0.019287,0.108521,0.934692
dysfunction,5730355,-0.003418,0.069458,0.960815
dysfunction,5730375,0.010986,0.046753,0.881714
dysfunction,5730395,0.020264,-0.094971,1.145508
dysfunction,5730415,0.026489,-0.089478,1.133057
dysfunction,5730435,-0.028076,0.046387,1.021851
dysfunction,5730455,-0.005493,0.007813,0.998535
dysfunction,5730475,-0.008179,0.000000,1.002563
dysfunction,5730495,-0.006836,0.000732,1.001099
dysfunction,5730515,-0.004517,0.006226,1.000977
dysfunction,5730535,0.008423,0.075439,0.938354
dysfunction,5730555,0.014526,-0.046631,1.042847
dysfunction,5730575,-0.011841,-0.046631,1.123535
dysfunction,5730595,-0.010742,-0.061157,1.136108
dysfunction,5730615,-0.032471,0.093262,0.894653
dysfunction,5730635,-0.034546,0.090820,0.906982
dysfunction,5730655,0.031006,0.002441,0.930542
dysfunction,5730675,0.029053,0.014893,0.913086
dysfunction,5730695,-0.001343,-0.086792,1.162354
dysfunction,5730715,-0.018066,0.068237,1.047363
dysfunction,5730735,-0.009033,0.008179,1.000000
dysfunction,5730755,-0.008667,0.000000,1.005981
dysfunction,5730775,-0.005981,0.004272,1.000488
dysfunction,5730795,0.000122,0.034790,1.003906
dysfunction,5730815,-0.013794,0.026123,0.972412
dysfunction,5730835,0.013550,-0.085205,1.123901
dysfunction,5730855,0.009155,-0.093994,1.122925
dysfunction,5730875,-0.021606,0.037720,1.009644
dysfunction,5730895,0.006592,0.060303,0.868164
dysfunction,5730915,0.002197,0.079590,0.850464
dysfunction,5730935,0.009888,-0.076416,1.109375
dysfunction,5730955,0.009766,-0.068115,1.097412
dysfunction,5730975,-0.021118,-0.004272,1.083496
dysfunction,5730995,-0.019287,-0.013672,1.095947
dysfunction,5731015,-0.010132,0.096924,0.850586
dysfunction,5731035,-0.014648,0.099731,0.847534
dysfunction,5731055,0.010254,-0.040771,1.028931
dysfunction,5731075,-0.006592,-0.047607,1.130981
dysfunction,5731095,-0.000366,-0.054687,1.135376
dysfunction,5731115,-0.025635,0.095581,0.880615
dysfunction,5731135,-0.028198,0.093750,0.893433
dysfunction,5731155,0.001343,-0.000488,0.951050
dysfunction,5731175,-0.003540,0.011597,0.938843
dysfunction,5731195,0.025513,-0.029297,1.076294
dysfunction,5731215,0.002075,0.009521,1.006348
dysfunction,5731235,-0.007446,0.008057,0.999512
dysfunction,5731255,-0.006958,0.007813,1.000122
dysfunction,5731275,-0.004761,0.007690,1.000732
dysfunction,5731295,-0.005005,0.005615,1.001099
dysfunction,5731315,-0.003906,0.006836,1.002197
dysfunction,5731335,-0.003540,0.005859,1.001099
dysfunction,5731355,-0.003906,0.006470,1.002197
dysfunction,5731375,-0.004272,0.005127,1.001221
dysfunction,5731395,-0.003296,0.005371,1.001465
dysfunction,5731415,-0.004517,0.005249,1.001221
dysfunction,5731435,-0.004272,0.005737,1.002319
dysfunction,5731455,-0.004150,0.006348,1.001831
dysfunction,5731475,-0.004395,0.005005,1.002075
dysfunction,5731495,-0.003174,0.006836,1.001343
dysfunction,5731515,-0.007568,0.006348,1.003906
dysfunction,5731535,-0.000732,0.021729,1.000488
dysfunction,5731555,-0.005127,0.000610,1.010986
dysfunction,5731575,-0.019043,-0.035645,1.003906
dysfunction,5731595,-0.001709,0.015991,0.998901
dysfunction,5731615,-0.004272,0.005005,1.003906
dysfunction,5731635,-0.003174,0.005737,1.001587
dysfunction,5731655,-0.004761,0.005737,1.004150
dysfunction,5731675,-0.003906,0.005859,1.003174
dysfunction,5731695,-0.002930,0.006104,1.001831
dysfunction,5731715,-0.003418,0.005981,1.001831
dysfunction,5731735,-0.002441,0.005249,1.002808
dysfunction,5731755,-0.004883,0.006104,1.002563
dysfunction,5731775,-0.004028,0.005615,1.001831
dysfunction,5731795,-0.004272,0.005859,1.002319
dysfunction,5731815,-0.003906,0.005859,1.002319
dysfunction,5731835,-0.002930,0.005615,1.002563
dysfunction,5731855,-0.004395,0.005981,1.001953
dysfunction,5731875,-0.003906,0.005615,1.001953
dysfunction,5731895,-0.003418,0.005005,1.003296
dysfunction,5731915,-0.004150,0.005615,1.001831
dysfunction,5731935,-0.003052,0.005737,1.002197
dysfunction,5731955,-0.004639,0.005615,1.001953
dysfunction,5731975,-0.004272,0.005981,1.001709
dysfunction,5731995,-0.004150,0.005249,1.003174
dysfunction,5732015,-0.008789,-0.001343,0.996704
dysfunction,5732035,0.002197,0.015137,1.000122
dysfunction,5732055,-0.002075,-0.035034,1.028076
dysfunction,5732075,0.018921,-0.107056,1.095337
dysfunction,5732095,-0.021240,0.065918,0.972412
dysfunction,5732115,0.033691,0.058228,0.862915
dysfunction,5732135,-0.004517,0.063721,0.863770
dysfunction,5732155,0.025635,-0.086060,1.125366
dysfunction,5732175,0.042236,-0.079346,1.104736
dysfunction,5732195,-0.026978,0.020264,1.053955
dysfunction,5732215,-0.016846,0.007813,1.070435
dysfunction,5732235,-0.024292,0.094360,0.864014
dysfunction,5732255,-0.025879,0.093872,0.858032
dysfunction,5732275,0.021240,-0.060669,1.046509
dysfunction,5732295,-0.000977,-0.036865,1.117554
dysfunction,5732315,-0.005005,-0.047241,1.136597
dysfunction,5732335,-0.032837,0.095093,0.867920
dysfunction,5732355,-0.036255,0.086792,0.879517
dysfunction,5732375,0.029175,-0.011353,0.966064
dysfunction,5732395,0.013428,-0.016479,0.947998
dysfunction,5732415,0.000977,-0.099976,1.170410
dysfunction,5732435,-0.023193,-0.083618,1.164429
dysfunction,5732455,-0.038086,0.081299,0.939087
dysfunction,5732475,0.015015,0.028198,0.904419
dysfunction,5732495,0.011963,0.031982,0.889160
dysfunction,5732515,0.012085,-0.073608,1.152222
dysfunction,5732535,0.019165,-0.075439,1.145386
dysfunction,5732555,-0.039429,0.036377,1.002930
dysfunction,5732575,-0.022339,0.046387,1.022095
dysfunction,5732595,-0.005371,0.064819,0.853882
dysfunction,5732615,0.023193,-0.078979,0.869263
dysfunction,5732635,0.050781,-0.042603,1.145508
dysfunction,5732655,-0.042480,-0.121216,0.997192
dysfunction,5732675,0.020996,-0.062500,1.116577
dysfunction,5732695,-0.114990,0.005127,0.803101
dysfunction,5732715,-0.080933,0.013184,0.859619
dysfunction,5732735,0.129028,0.057495,1.062866
dysfunction,5732755,0.075806,0.177246,1.061157
dysfunction,5732775,0.044434,-0.034668,1.043457
dysfunction,5732795,-0.020874,0.042358,0.948975
dysfunction,5732815,0.020142,0.079102,0.982300
dysfunction,5732835,0.095093,0.083862,0.972534
dysfunction,5732855,0.029785,0.038086,0.993042
dysfunction,5732875,0.007813,0.039307,0.996582
dysfunction,5732895,0.026733,0.002563,0.998047
dysfunction,5732915,0.046753,-0.028931,1.000854
dysfunction,5732935,0.029541,-0.064941,0.990234
dysfunction,5732955,-0.001343,-0.066772,1.006226
dysfunction,5732975,0.055054,-0.008911,1.083618
dysfunction,5732995,0.024902,-0.058472,1.021729
dysfunction,5733015,0.070801,-0.069458,1.032104
dysfunction,5733035,-0.031738,-0.109619,1.033447
dysfunction,5733055,0.013916,-0.073608,1.023438
dysfunction,5733075,0.073486,0.101807,0.979248
dysfunction,5733095,0.031250,0.003906,0.991089
dysfunction,5733115,0.031738,-0.048950,1.031738
dysfunction,5733135,0.053223,-0.005859,1.045532
dysfunction,5733155,0.086548,0.009277,1.113770
dysfunction,5733175,0.113159,-0.000977,1.136963
dysfunction,5733195,0.069336,0.032593,1.096191
dysfunction,5733215,0.031494,0.031616,1.020874
dysfunction,5733235,-0.009521,-0.084961,1.065430
dysfunction,5733255,-0.019043,0.005737,0.982544
dysfunction,5733275,-0.023926,0.005371,0.964478
dysfunction,5733295,-0.009766,0.023315,0.979980
dysfunction,5733315,0.001587,0.028442,0.998535
dysfunction,5733335,0.020630,0.002563,0.989258
dysfunction,5733355,-0.024292,0.003418,0.931274
dysfunction,5733375,-0.044434,0.015503,0.920166
dysfunction,5733395,-0.014648,0.046875,0.907837
dysfunction,5733415,-0.001465,0.022217,0.897095
dysfunction,5733435,-0.048218,0.088135,0.835571
dysfunction,5733455,-0.070312,0.066162,0.864990
dysfunction,5733475,-0.067017,0.044922,0.914185
dysfunction,5733495,-0.037476,0.032593,0.938965
dysfunction,5733515,-0.039551,0.049561,0.962524
dysfunction,5733535,-0.065918,0.037964,1.033325
dysfunction,5733555,-0.053833,0.000977,1.089966
dysfunction,5733575,-0.035767,0.015259,1.104004
dysfunction,5733595,-0.031860,0.089111,1.016479
dysfunction,5733615,-0.008301,0.005493,1.096924
dysfunction,5733635,-0.051392,-0.001221,1.077148
dysfunction,5733655,-0.041138,0.033936,1.009155
dysfunction,5733675,-0.075195,0.002197,1.017090
dysfunction,5733695,-0.059204,-0.010010,1.040161
dysfunction,5733715,-0.036377,-0.028687,1.083374
dysfunction,5733735,-0.031250,-0.025024,1.084839
dysfunction,5733755,-0.040039,0.006714,1.113281
dysfunction,5733775,-0.031860,-0.008789,1.107178
dysfunction,5733795,-0.024780,-0.020874,1.039307
dysfunction,5733815,-0.035156,-0.017212,1.001343
dysfunction,5733835,-0.031250,-0.020630,0.973877
dysfunction,5733855,-0.028198,0.006958,0.924805
dysfunction,5733875,-0.026489,0.037109,0.897949
dysfunction,5733895,-0.029297,0.040405,0.877319
dysfunction,5733915,-0.034546,0.047485,0.868164
dysfunction,5733935,-0.038208,0.050659,0.875122
dysfunction,5733955,-0.025024,0.045776,0.879395
dysfunction,5733975,-0.030884,0.042236,0.895142
dysfunction,5733995,-0.035889,0.030151,0.916992
dysfunction,5734015,-0.038330,0.028931,0.937134
dysfunction,5734035,-0.045288,0.042969,0.988770
dysfunction,5734055,-0.039185,0.010132,1.020142
dysfunction,5734075,-0.050049,0.011719,1.040894
dysfunction,5734095,-0.041016,0.009766,1.051880
dysfunction,5734115,-0.032104,-0.013550,1.057373
dysfunction,5734135,-0.033813,-0.003174,1.048218
dysfunction,5734155,-0.009277,-0.203003,1.223511
dysfunction,5734175,-0.003052,0.048340,1.097778
dysfunction,5734195,-0.037720,0.012817,1.091309
dysfunction,5734215,-0.056641,0.033569,1.091797
dysfunction,5734235,-0.055542,-0.120361,1.087402
dysfunction,5734255,-0.052124,-0.134644,1.136841
dysfunction,5734275,-0.055908,0.003296,1.047485
dysfunction,5734295,-0.046997,0.000977,1.025146
dysfunction,5734315,-0.027344,0.067993,1.053467
dysfunction,5734335,-0.033081,0.078125,1.001221
dysfunction,5734355,-0.019897,-0.106812,1.044189
dysfunction,5734375,-0.046631,-0.009766,0.915771
dysfunction,5734395,-0.043823,-0.012329,0.880371
dysfunction,5734415,-0.028320,0.123901,0.861328
dysfunction,5734435,-0.016846,0.143188,0.814209
dysfunction,5734455,-0.012939,-0.004761,0.900757
dysfunction,5734475,-0.034058,0.011963,0.933472
dysfunction,5734495,-0.050293,-0.011719,0.868164
dysfunction,5734515,-0.043701,0.149414,0.893555
dysfunction,5734535,-0.035034,0.135986,0.875977
dysfunction,5734555,-0.005859,0.011719,1.013428
dysfunction,5734575,-0.030762,0.000488,1.050659
dysfunction,5734595,-0.065674,-0.088745,1.058472
dysfunction,5734615,-0.035522,-0.111572,1.126831
dysfunction,5734635,-0.029785,0.062378,1.031494
dysfunction,5734655,-0.055176,-0.316162,1.287354
dysfunction,5734675,0.030396,0.128784,1.197876
dysfunction,5734695,-0.050415,-0.045166,1.225708
dysfunction,5734715,-0.045532,-0.097656,1.143433
dysfunction,5734735,-0.055908,-0.018799,1.002075
dysfunction,5734755,-0.066406,-0.010010,1.011230
dysfunction,5734775,-0.015869,0.074219,1.073975
dysfunction,5734795,-0.014038,0.093262,1.026978
dysfunction,5734815,-0.015747,-0.070190,1.060669
dysfunction,5734835,0.008911,-0.066284,0.987427
dysfunction,5734855,-0.010864,-0.019775,0.847290
dysfunction,5734875,0.000732,0.127930,0.830078
dysfunction,5734895,-0.001831,0.038696,0.820312
dysfunction,5734915,-0.022217,0.045044,0.807373
dysfunction,5734935,-0.008789,0.052734,0.804687
dysfunction,5734955,-0.039063,0.069214,0.844482
dysfunction,5734975,-0.011230,0.067749,0.938843
dysfunction,5734995,-0.006104,-0.028320,0.991943
dysfunction,5735015,-0.019409,-0.077881,1.093018
dysfunction,5735035,-0.007690,0.042480,1.005981
dysfunction,5735055,0.000488,0.110718,1.071777
dysfunction,5735075,-0.007568,0.085449,1.086548
dysfunction,5735095,-0.011230,-0.104736,1.144165
dysfunction,5735115,-0.062378,-0.409424,1.296387
dysfunction,5735135,0.051514,0.033081,1.006104
dysfunction,5735155,-0.058228,-0.087036,0.940552
dysfunction,5735175,-0.070557,0.077637,0.921265
dysfunction,5735195,-0.012695,0.157593,1.024658
dysfunction,5735215,-0.008179,-0.008057,1.054565
dysfunction,5735235,-0.062622,-0.106323,1.001587
dysfunction,5735255,-0.010254,-0.058594,0.999756
dysfunction,5735275,-0.009888,0.115479,0.877441
dysfunction,5735295,0.011597,0.074097,0.936401
dysfunction,5735315,0.044312,0.056152,0.916748
dysfunction,5735335,-0.030273,0.041138,1.178467
dysfunction,5735355,-0.025146,-0.065430,0.927856
dysfunction,5735375,0.019531,-0.046997,0.986328
dysfunction,5735395,-0.029907,-0.023804,1.016235
dysfunction,5735415,-0.008911,-0.081421,1.010376
dysfunction,5735435,0.068604,0.005981,0.988159
dysfunction,5735455,0.011230,0.012939,0.998535
dysfunction,5735475,-0.002930,0.045288,0.944092
dysfunction,5735495,0.015625,0.045654,1.010010
dysfunction,5735515,0.021606,0.076172,0.972168
dysfunction,5735535,0.062622,-0.027710,1.135132
dysfunction,5735555,-0.063477,-0.003540,1.142944
dysfunction,5735575,-0.058594,-0.016724,0.953491
dysfunction,5735595,-0.011108,0.065430,0.908569
dysfunction,5735615,-0.020142,0.068726,0.887085
dysfunction,5735635,0.068115,-0.006714,1.144775
dysfunction,5735655,0.066895,-0.003418,1.135132
dysfunction,5735675,-0.032837,-0.041260,1.022095
dysfunction,5735695,-0.027710,-0.045166,1.044922
dysfunction,5735715,-0.052124,0.061035,0.853516
dysfunction,5735735,0.068970,0.015869,1.094727
dysfunction,5735755,0.073730,0.163086,1.017334
dysfunction,5735775,-0.004150,-0.083862,1.154297
dysfunction,5735795,0.066284,-0.105225,1.140991
dysfunction,5735815,0.016968,-0.013062,0.773071
dysfunction,5735835,-0.026489,-0.050659,0.934448
dysfunction,5735855,0.129272,0.145996,0.814941
dysfunction,5735875,0.125488,0.119507,0.771118
dysfunction,5735895,-0.045532,0.008667,1.200562
dysfunction,5735915,-0.121948,-0.069214,1.102905
dysfunction,5735935,-0.148804,-0.070801,1.130737
dysfunction,5735955,0.057983,0.016724,0.823486
dysfunction,5735975,0.050659,-0.000244,0.842285
dysfunction,5735995,0.078613,0.065552,1.028809
dysfunction,5736015,0.091553,0.072754,1.006470
dysfunction,5736035,-0.126221,-0.065063,1.164673
dysfunction,5736055,-0.075684,-0.056641,1.147705
dysfunction,5736075,-0.045166,0.018799,0.938354
dysfunction,5736095,-0.005981,-0.005859,1.013794
dysfunction,5736115,-0.010986,-0.002075,1.007080
dysfunction,5736135,-0.010376,0.003540,1.005249
dysfunction,5736155,-0.012451,0.001953,1.004150
dysfunction,5736175,-0.013062,0.003174,1.001099
dysfunction,5736195,-0.011963,0.002808,1.000977
dysfunction,5736215,-0.012329,0.000854,1.001465
dysfunction,5736235,-0.012817,0.000122,1.003296
dysfunction,5736255,-0.013550,-0.000244,1.002930
dysfunction,5736275,-0.013672,0.000854,1.000732
dysfunction,5736295,-0.011353,0.002441,1.001465
dysfunction,5736315,-0.011475,0.003296,1.001343
dysfunction,5736335,-0.012939,0.001221,1.001831
dysfunction,5736355,-0.013428,0.000366,1.001099
dysfunction,5736375,-0.013062,0.000854,1.001343
dysfunction,5736395,-0.012451,0.000244,1.002319
dysfunction,5736415,-0.013306,0.001587,1.002197
dysfunction,5736435,-0.013550,0.004150,1.001343
dysfunction,5736455,-0.013062,0.001831,1.000854
dysfunction,5736475,-0.012085,0.002197,1.000854
dysfunction,5736495,-0.011230,0.002197,1.000610
dysfunction,5736515,-0.013062,0.000610,1.000977
dysfunction,5736535,-0.014648,0.001099,1.001953
dysfunction,5736555,-0.013672,-0.000366,1.002808
dysfunction,5736575,-0.012329,-0.000732,1.001587
dysfunction,5736595,-0.013672,0.000000,1.004517
dysfunction,5736615,-0.011597,0.004272,1.002563
dysfunction,5736635,-0.011841,0.004272,1.000977
dysfunction,5736655,-0.011963,0.003052,1.001221
dysfunction,5736675,-0.012695,0.002075,1.001221
dysfunction,5736695,-0.011353,-0.001099,1.003662
dysfunction,5736715,-0.012329,-0.002075,1.000366
dysfunction,5736735,-0.008911,-0.000854,0.995850
dysfunction,5736755,-0.014038,0.015381,1.008301
dysfunction,5736775,-0.022949,0.010986,1.003052
dysfunction,5736795,-0.010620,0.000366,1.000977
dysfunction,5736815,-0.016846,0.014038,1.000977
dysfunction,5736835,-0.016602,0.014282,1.001099
dysfunction,5736855,-0.010864,-0.000122,1.002686
dysfunction,5736875,-0.014648,0.006226,1.002930
dysfunction,5736895,-0.012695,-0.003418,1.002197
dysfunction,5736915,-0.014038,0.007324,1.000610
dysfunction,5736935,-0.013062,0.005981,1.000854
dysfunction,5736955,-0.012817,0.004028,1.003662
dysfunction,5736975,-0.010132,0.005615,1.003174
dysfunction,5736995,-0.009033,0.006104,1.000854
dysfunction,5737015,-0.009155,0.003784,1.000732
dysfunction,5737035,-0.010620,0.003784,1.000732
dysfunction,5737055,-0.010376,0.000122,1.000732
dysfunction,5737075,-0.011841,0.000000,1.002686
dysfunction,5737095,-0.010620,-0.000854,1.003174
dysfunction,5737115,-0.010498,0.002197,1.002197
dysfunction,5737135,-0.014771,-0.001587,1.001709
dysfunction,5737155,0.000244,-0.007568,0.934570
dysfunction,5737175,0.034180,0.041382,0.964966
dysfunction,5737195,0.059448,0.051270,0.911743
dysfunction,5737215,-0.092163,-0.055420,1.217163
dysfunction,5737235,-0.091187,-0.052734,1.226563
dysfunction,5737255,-0.041260,-0.032349,0.912842
dysfunction,5737275,0.044189,-0.024780,0.939575
dysfunction,5737295,0.059814,0.063843,0.822021
dysfunction,5737315,-0.039551,-0.013184,1.220703
dysfunction,5737335,-0.025879,0.002808,1.207031
dysfunction,5737355,-0.048828,-0.026245,1.031738
dysfunction,5737375,-0.075928,-0.053833,1.054199
dysfunction,5737395,0.059448,0.056641,0.786865
dysfunction,5737415,0.045776,0.037231,0.786865
dysfunction,5737435,0.006958,0.028809,1.121216
dysfunction,5737455,-0.093384,-0.057739,1.107300
dysfunction,5737475,-0.106689,-0.053711,1.120361
dysfunction,5737495,0.019409,0.005859,0.847534
dysfunction,5737515,-0.009033,0.010864,0.854980
dysfunction,5737535,0.041260,0.048340,1.000366
dysfunction,5737555,0.032715,0.021118,0.997314
dysfunction,5737575,-0.121216,-0.022583,1.104492
dysfunction,5737595,-0.110840,0.062134,0.981079
dysfunction,5737615,-0.018555,-0.177612,1.066650
dysfunction,5737635,-0.002808,0.032837,0.890503
dysfunction,5737655,0.041992,0.102295,0.844360
dysfunction,5737675,-0.099731,0.117920,1.084473
dysfunction,5737695,-0.092285,0.104736,1.092407
dysfunction,5737715,0.064087,-0.112671,1.135254
dysfunction,5737735,0.012573,-0.010620,1.007690
dysfunction,5737755,0.012817,-0.015503,0.986084
dysfunction,5737775,0.005859,-0.004761,0.987671
dysfunction,5737795,0.000610,0.011719,1.002930
dysfunction,5737815,0.016602,0.008057,1.007080
dysfunction,5737835,0.005127,-0.058716,1.043213
dysfunction,5737855,0.142090,0.000000,0.924438
dysfunction,5737875,0.181763,-0.064697,0.902222
dysfunction,5737895,0.041504,0.199707,0.985596
dysfunction,5737915,0.037109,0.203247,0.974609
dysfunction,5737935,-0.076538,-0.055176,1.120728
dysfunction,5737955,-0.083130,-0.009766,1.136841
dysfunction,5737975,0.134399,-0.181519,0.970337
dysfunction,5737995,0.099243,0.132446,0.885864
dysfunction,5738015,0.102905,0.093628,0.886230
dysfunction,5738035,-0.030029,0.079834,1.037231
dysfunction,5738055,-0.017944,0.079224,1.008911
dysfunction,5738075,0.010742,-0.149902,1.143799
dysfunction,5738095,-0.012329,-0.156006,1.139160
dysfunction,5738115,0.089478,0.008789,0.927124
dysfunction,5738135,0.097168,0.025635,0.918457
dysfunction,5738155,-0.013184,0.162109,1.059326
dysfunction,5738175,-0.020630,-0.207764,1.032349
dysfunction,5738195,-0.023926,-0.168701,1.051636
dysfunction,5738215,0.203491,-0.040771,0.911743
dysfunction,5738235,0.248291,-0.055542,0.901489
dysfunction,5738255,0.017456,0.179321,0.974365
dysfunction,5738275,0.017822,0.166626,0.956299
dysfunction,5738295,-0.214478,-0.119263,1.305298
dysfunction,5738315,0.128662,-0.059937,1.172241
dysfunction,5738335,0.073608,-0.099487,0.926514
dysfunction,5738355,0.007568,0.145874,0.879517
dysfunction,5738375,-0.014771,0.148071,0.852051
dysfunction,5738395,-0.095215,-0.030273,1.188721
dysfunction,5738415,-0.063965,-0.071533,1.179810
dysfunction,5738435,0.063599,-0.177979,0.939087
dysfunction,5738455,0.083130,-0.197266,0.968384
dysfunction,5738475,0.138550,0.119751,0.896118
dysfunction,5738495,-0.030640,0.087402,0.864380
dysfunction,5738515,-0.007690,0.101440,1.068848
dysfunction,5738535,0.115356,0.005737,0.960937
dysfunction,5738555,0.089355,0.005737,0.972656
dysfunction,5738575,0.025757,-0.030396,1.024048
dysfunction,5738595,-0.033325,0.006470,0.991333
dysfunction,5738615,0.085815,-0.035400,1.023315
dysfunction,5738635,0.019409,0.000854,1.026978
dysfunction,5738655,0.000732,0.000488,0.991821
dysfunction,5738675,0.022827,-0.003784,1.002197
dysfunction,5738695,0.043945,0.018677,1.000488
dysfunction,5738715,-0.081787,0.014282,0.999512
dysfunction,5738735,0.002075,0.006470,1.011963
dysfunction,5738755,-0.012939,0.038818,0.978027
dysfunction,5738775,-0.013428,0.002075,1.007813
dysfunction,5738795,-0.011353,0.015381,0.991455
dysfunction,5738815,-0.017578,0.001221,1.000000
dysfunction,5738835,-0.021484,0.002197,1.000977
dysfunction,5738855,-0.020996,0.001709,1.002075
dysfunction,5738875,-0.019165,0.002075,1.000610
dysfunction,5738895,-0.015259,0.004150,1.000366
dysfunction,5738915,-0.015747,0.005737,1.000610
dysfunction,5738935,-0.017822,0.005737,1.000732
dysfunction,5738955,-0.021118,0.003418,1.000366
dysfunction,5738975,-0.016968,0.000977,1.001587
dysfunction,5738995,-0.015137,0.003052,1.000854
dysfunction,5739015,-0.015137,0.005615,1.001099
dysfunction,5739035,-0.015625,0.006348,1.000732
dysfunction,5739055,-0.017822,0.004028,1.000732
dysfunction,5739075,-0.018921,0.001099,1.001465
dysfunction,5739095,-0.018555,0.000732,1.000610
dysfunction,5739115,-0.018311,0.002441,1.001465
dysfunction,5739135,-0.017456,0.006470,1.000732
dysfunction,5739155,-0.020264,0.005737,1.000488
dysfunction,5739175,-0.020508,-0.005127,1.001465
dysfunction,5739195,-0.021362,-0.011353,1.000488
dysfunction,5739215,-0.018311,-0.001343,1.002808
dysfunction,5739235,-0.016602,-0.013794,1.001465
dysfunction,5739255,-0.012573,-0.021851,1.000732
dysfunction,5739275,-0.020142,-0.032715,1.003296
dysfunction,5739295,-0.015381,-0.017822,0.999146
dysfunction,5739315,-0.010376,-0.024414,1.001221
dysfunction,5739335,-0.003052,-0.001709,1.001465
dysfunction,5739355,-0.006958,-0.008301,1.002563
dysfunction,5739375,-0.015381,0.033325,0.997559
dysfunction,5739395,-0.027954,0.013062,1.063477
dysfunction,5739415,-0.035034,0.004517,1.139648
dysfunction,5739435,-0.103027,-0.054077,1.089111
dysfunction,5739455,-0.101196,-0.074463,1.114258
dysfunction,5739475,0.022583,0.084839,0.759277
dysfunction,5739495,0.010498,0.063843,0.756714
dysfunction,5739515,0.009521,0.054321,1.071655
dysfunction,5739535,-0.096924,-0.106812,1.198608
dysfunction,5739555,-0.094238,-0.086060,1.206421
dysfunction,5739575,-0.023437,0.030029,0.781494
dysfunction,5739595,-0.048096,-0.011841,0.789307
dysfunction,5739615,0.054932,0.042969,0.972046
dysfunction,5739635,0.058960,0.062134,0.948242
dysfunction,5739655,-0.023315,-0.042725,1.291260
dysfunction,5739675,-0.020874,-0.019897,1.322388
dysfunction,5739695,0.024536,0.000244,0.778809
dysfunction,5739715,0.013428,0.060425,0.880981
dysfunction,5739735,0.011353,0.116333,0.847290
dysfunction,5739755,-0.093994,0.007568,1.368408
dysfunction,5739775,-0.120483,-0.101929,1.100586
dysfunction,5739795,0.009766,0.232788,0.878540
dysfunction,5739815,0.095947,0.120728,0.749634
dysfunction,5739835,-0.022827,-0.119019,0.932861
dysfunction,5739855,0.046875,0.015991,0.951904
dysfunction,5739875,0.047119,-0.104858,1.205444
dysfunction,5739895,-0.050537,0.032959,0.951660
dysfunction,5739915,-0.063354,0.060303,0.899902
dysfunction,5739935,0.018311,0.035767,0.905151
dysfunction,5739955,0.017212,0.050171,0.891113
dysfunction,5739975,0.035400,-0.076660,1.148682
dysfunction,5739995,-0.006958,0.003418,1.016846
dysfunction,5740015,-0.003418,0.013306,1.003540
dysfunction,5740035,-0.006348,0.007935,1.006104
dysfunction,5740055,-0.002563,0.011963,1.002197
dysfunction,5740075,-0.003906,0.010498,1.001099
dysfunction,5740095,-0.003662,0.010498,1.000854
dysfunction,5740115,-0.002930,0.009277,1.001221
dysfunction,5740135,-0.004028,0.010132,1.000854
dysfunction,5740155,-0.004150,0.010864,1.001221
dysfunction,5740175,-0.003418,0.010498,1.001343
dysfunction,5740195,-0.003662,0.010010,1.000977
dysfunction,5740215,-0.003662,0.010010,1.001099
dysfunction,5740235,-0.003296,0.010254,1.001099
dysfunction,5740255,-0.004639,0.011108,1.001831
dysfunction,5740275,-0.003906,0.010742,1.001343
dysfunction,5740295,-0.003906,0.009888,1.000977
dysfunction,5740315,-0.003540,0.010254,1.000854
dysfunction,5740335,-0.004395,0.010498,1.001587
dysfunction,5740355,-0.003662,0.011108,1.001343
dysfunction,5740375,-0.003906,0.011108,1.001221
dysfunction,5740395,-0.003662,0.010986,0.782227
dysfunction,5740415,-0.382324,-0.206787,1.336548
dysfunction,5740435,-0.049438,0.244141,0.751465
dysfunction,5740455,0.042358,0.155640,0.781128
dysfunction,5740475,-0.000977,-0.008545,1.010376
dysfunction,5740495,0.013672,0.022827,1.020386
dysfunction,5740515,0.002930,0.015381,1.053467
dysfunction,5740535,-0.017700,0.010498,1.016602
dysfunction,5740555,-0.005005,0.015869,0.948853
dysfunction,5740575,-0.004028,0.000488,1.024780
dysfunction,5740595,-0.076782,-0.023682,0.669556
dysfunction,5740615,-0.316772,-0.211304,0.891968
dysfunction,5740635,-0.047241,-0.068726,1.305664
dysfunction,5740655,0.032837,0.055786,0.983887
dysfunction,5740675,0.048706,0.029419,0.920654
dysfunction,5740695,0.017944,0.024658,0.957642
dysfunction,5740715,0.005127,0.027832,0.973267
dysfunction,5740735,0.000000,0.013428,1.048096
dysfunction,5740755,0.008301,0.023560,0.947388
dysfunction,5740775,-0.021729,0.004517,0.958862
dysfunction,5740795,0.079102,0.038330,1.949341
dysfunction,5740815,0.010864,0.107666,1.223267
dysfunction,5740835,0.146362,0.084595,0.813843
dysfunction,5740855,0.043701,0.057129,0.902100
dysfunction,5740875,-0.048584,-0.033936,1.119873
dysfunction,5740895,-0.018921,-0.022583,1.095581
dysfunction,5740915,-0.056030,0.062012,0.873779
dysfunction,5740935,0.016113,0.008789,0.980225
dysfunction,5740955,0.009766,0.042236,0.894165
dysfunction,5740975,0.552368,0.302856,1.466553
dysfunction,5740995,0.111816,0.140991,1.039185
dysfunction,5741015,0.030029,-0.167847,0.956787
dysfunction,5741035,-0.020508,-0.098877,1.145996
dysfunction,5741055,0.008179,0.126587,1.023804
dysfunction,5741075,0.117065,0.097656,0.929199
dysfunction,5741095,0.070312,-0.018066,0.987793
dysfunction,5741115,-0.029053,-0.043701,1.177612
dysfunction,5741135,-0.030640,-0.047241,1.145020
dysfunction,5741155,-0.122070,0.018677,0.497070
dysfunction,5741175,0.249023,0.020508,0.311768
dysfunction,5741195,-0.135620,-0.093506,1.223755
dysfunction,5741215,-0.014648,-0.033691,1.155273
dysfunction,5741235,0.106323,0.066528,1.043823
dysfunction,5741255,-0.004761,-0.017822,1.125488
dysfunction,5741275,-0.026489,0.007080,0.947510
dysfunction,5741295,0.002686,0.028931,0.982300
dysfunction,5741315,0.011963,0.041016,0.950806
dysfunction,5741335,0.027344,-0.064209,1.096436
dysfunction,5741355,-0.291260,-0.335449,1.180786
dysfunction,5741375,-0.185669,0.296021,0.730347
dysfunction,5741395,-0.054810,0.178711,0.877930
dysfunction,5741415,-0.005981,-0.070679,0.896973
dysfunction,5741435,-0.055054,-0.029297,1.149414
dysfunction,5741455,-0.032227,-0.004639,1.092529
dysfunction,5741475,-0.008789,0.073730,0.922729
dysfunction,5741495,0.030762,0.055176,0.954102
dysfunction,5741515,0.018311,-0.079712,1.110840
dysfunction,5741535,-0.033813,-0.109131,1.029175
dysfunction,5741555,-0.572632,-0.172119,2.033081
dysfunction,5741575,-0.270508,0.244019,1.266479
dysfunction,5741595,0.068604,0.023071,0.805420
dysfunction,5741615,-0.097534,-0.174072,1.129517
dysfunction,5741635,-0.062500,-0.152466,1.083252
dysfunction,5741655,-0.048218,0.116821,0.989746
dysfunction,5741675,-0.049316,0.083862,1.003540
dysfunction,5741695,-0.039063,0.071533,0.830811
dysfunction,5741715,-0.054810,0.094360,0.824585
dysfunction,5741735,0.030151,-0.013794,1.026001
dysfunction,5741755,0.509644,0.394287,1.543945
dysfunction,5741775,0.195312,-0.123657,0.422241
dysfunction,5741795,-0.095703,0.150391,1.348877
dysfunction,5741815,-0.003662,0.130249,1.158325
dysfunction,5741835,0.152344,0.076660,0.825439
dysfunction,5741855,0.045776,0.048462,0.878662
dysfunction,5741875,-0.023804,-0.124634,1.161011
dysfunction,5741895,0.009644,-0.111328,1.218262
dysfunction,5741915,0.013794,0.011597,1.011963
dysfunction,5741935,-0.004517,0.006104,1.012329
dysfunction,5741955,-0.079834,-0.005249,0.728516
dysfunction,5741975,-0.512451,-0.328857,1.448853
dysfunction,5741995,-0.064941,0.187134,1.444824
dysfunction,5742015,-0.015869,0.054932,0.902588
dysfunction,5742035,0.040649,0.040161,0.712402
dysfunction,5742055,-0.045044,-0.097412,0.936646
dysfunction,5742075,-0.064087,-0.077637,0.934204
dysfunction,5742095,0.001953,0.034668,1.103271
dysfunction,5742115,-0.026978,0.019165,1.106689
dysfunction,5742135,-0.061401,0.070801,0.897949
dysfunction,5742155,-0.011108,0.036377,0.928101
dysfunction,5742175,-0.511475,-0.276367,1.144653
dysfunction,5742195,0.258301,0.053223,1.516968
dysfunction,5742215,0.155396,0.012207,1.181885
dysfunction,5742235,-0.025635,-0.064697,1.062744
dysfunction,5742255,0.006226,-0.041260,1.078979
dysfunction,5742275,0.010132,0.120361,0.955811
dysfunction,5742295,0.110352,0.029541,0.896851
dysfunction,5742315,-0.003174,0.035400,0.939087
dysfunction,5742335,0.008179,0.012085,1.012329
dysfunction,5742355,-0.011108,0.006958,1.030762
dysfunction,5742375,0.364136,0.323608,0.838135
dysfunction,5742395,0.253174,0.001099,1.067993
dysfunction,5742415,-0.029297,-0.168213,0.947754
dysfunction,5742435,-0.075439,-0.171997,1.175781
dysfunction,5742455,-0.085083,0.173340,0.958008
dysfunction,5742475,-0.007690,0.028931,0.787476
dysfunction,5742495,-0.006836,0.061401,0.792847
dysfunction,5742515,-0.022827,-0.131104,1.124756
dysfunction,5742535,-0.025269,-0.111206,1.054199
dysfunction,5742555,-0.018433,-0.039673,1.104126
dysfunction,5742575,-0.015747,-0.020386,1.045532
dysfunction,5742595,0.104248,0.437622,1.937866
dysfunction,5742615,-0.269043,0.042114,1.205444
dysfunction,5742635,0.137207,-0.129028,0.708252
dysfunction,5742655,0.057617,0.060059,1.327393
dysfunction,5742675,-0.019897,0.053711,1.236816
dysfunction,5742695,-0.029419,0.075684,0.906494
dysfunction,5742715,0.017334,0.096802,0.971191
dysfunction,5742735,-0.008301,-0.032837,1.011475
dysfunction,5742755,-0.003906,-0.005005,0.997314
dysfunction,5742775,0.073242,-0.006470,0.956543
dysfunction,5742795,0.071167,0.133057,0.769531
dysfunction,5742815,-0.095337,0.001221,1.062988
dysfunction,5742835,-0.060547,-0.092651,0.915894
dysfunction,5742855,-0.026123,-0.134033,1.125488
dysfunction,5742875,-0.043701,0.110962,1.031250
dysfunction,5742895,-0.012695,0.102173,0.966187
dysfunction,5742915,0.109985,0.064087,0.957153
dysfunction,5742935,0.051880,0.004150,0.961182
dysfunction,5742955,-0.006836,-0.084106,1.172241
dysfunction,5742975,-0.009277,-0.065308,1.160522
dysfunction,5742995,-0.126221,0.024170,0.553833
dysfunction,5743015,-0.451294,-0.233276,0.908447
dysfunction,5743035,-0.046021,-0.034058,1.244019
dysfunction,5743055,0.135254,0.120605,1.249878
dysfunction,5743075,0.224976,0.075195,1.169556
dysfunction,5743095,0.023437,-0.024902,1.025635
dysfunction,5743115,-0.015625,-0.022583,1.045654
dysfunction,5743135,0.006714,0.083496,0.941772
dysfunction,5743155,0.092529,0.064697,0.907349
dysfunction,5743175,0.057983,-0.030640,1.059204
dysfunction,5743195,-0.037476,0.004639,1.098999
dysfunction,5743215,-0.493774,-0.337891,1.452515
dysfunction,5743235,0.028076,0.133057,1.083862
dysfunction,5743255,0.033325,0.068359,0.834961
dysfunction,5743275,-0.052979,-0.174683,1.011108
dysfunction,5743295,-0.022217,-0.127319,0.992798
dysfunction,5743315,-0.020508,0.107788,1.103027
dysfunction,5743335,-0.015381,0.066772,1.084839
dysfunction,5743355,-0.031494,0.054443,0.833496
dysfunction,5743375,-0.020874,-0.083252,0.964844
dysfunction,5743395,-0.064453,-0.041992,0.960327
dysfunction,5743415,0.258789,0.234009,1.963501
dysfunction,5743435,-0.168091,0.303589,0.823242
dysfunction,5743455,0.056641,-0.109009,0.722412
dysfunction,5743475,-0.005859,-0.078735,0.881958
dysfunction,5743495,-0.053833,-0.026245,1.151733
dysfunction,5743515,-0.017822,0.064819,0.928833
dysfunction,5743535,-0.010498,0.070190,0.922485
dysfunction,5743555,-0.010986,0.001465,1.017212
dysfunction,5743575,0.003418,0.011841,0.983887
dysfunction,5743595,0.278076,0.261230,1.555786
dysfunction,5743615,-0.179077,0.261475,0.730225
dysfunction,5743635,-0.001343,-0.127808,0.824829
dysfunction,5743655,-0.007568,-0.074951,0.959961
dysfunction,5743675,-0.003418,-0.022827,1.178833
dysfunction,5743695,0.017822,0.075317,0.951050
dysfunction,5743715,-0.009277,0.062256,0.912598
dysfunction,5743735,-0.016357,0.004395,1.054443
dysfunction,5743755,0.002686,0.006470,1.005737
dysfunction,5743775,0.246704,0.255615,1.328857
dysfunction,5743795,-0.183472,0.224976,0.735718
dysfunction,5743815,-0.026001,-0.130859,0.923828
dysfunction,5743835,-0.014282,-0.071533,1.007813
dysfunction,5743855,0.022339,-0.013916,1.149414
dysfunction,5743875,0.020874,0.071167,0.964600
dysfunction,5743895,0.004883,0.058472,0.914673
dysfunction,5743915,-0.006958,0.001099,1.062866
dysfunction,5743935,-0.008179,0.001343,1.020142
dysfunction,5743955,-0.015015,-0.002563,0.992554
dysfunction,5743975,-0.287720,-0.206787,0.892578
dysfunction,5743995,0.013916,0.078491,1.100342
dysfunction,5744015,0.095459,0.034546,1.020020
dysfunction,5744035,0.011353,-0.016479,0.901611
dysfunction,5744055,-0.062744,-0.030273,1.128906
dysfunction,5744075,-0.033081,-0.053467,1.126709
dysfunction,5744095,-0.021729,0.092896,0.869263
dysfunction,5744115,-0.064697,0.140381,0.838135
dysfunction,5744135,-0.006348,-0.022339,0.927124
dysfunction,5744155,0.020752,0.029541,0.930298
dysfunction,5744175,0.386353,0.242432,1.297119
dysfunction,5744195,0.043945,-0.144409,1.066528
dysfunction,5744215,-0.157349,-0.074219,0.953735
dysfunction,5744235,-0.192505,0.006592,1.094360
dysfunction,5744255,-0.122803,0.009033,0.973633
dysfunction,5744275,0.161743,0.025635,1.223877
dysfunction,5744295,0.117554,0.016235,1.169067
dysfunction,5744315,-0.060669,-0.053589,0.963379
dysfunction,5744335,0.012085,-0.016113,0.915649
dysfunction,5744355,-0.050171,0.058716,0.725952
dysfunction,5744375,-0.035156,-0.011719,1.163574
dysfunction,5744395,-0.023071,-0.000854,1.057983
dysfunction,5744415,-0.052246,-0.037109,1.302856
dysfunction,5744435,-0.067383,-0.079468,1.328735
dysfunction,5744455,-0.045898,0.044312,0.692261
dysfunction,5744475,-0.054443,0.023071,0.818115
dysfunction,5744495,0.062378,0.048096,0.874146
dysfunction,5744515,0.117065,0.092041,0.908569
dysfunction,5744535,-0.063232,-0.030762,1.161743
dysfunction,5744555,-0.050293,0.009033,0.986572
dysfunction,5744575,-0.007446,0.004272,1.022949
dysfunction,5744595,0.055542,0.015015,1.268311
dysfunction,5744615,-0.000488,0.044556,0.917358
dysfunction,5744635,-0.051636,-0.036621,0.932861
dysfunction,5744655,-0.052612,-0.077026,1.107300
dysfunction,5744675,-0.037354,-0.074341,1.034668
dysfunction,5744695,-0.064575,-0.103149,1.093628
dysfunction,5744715,0.019531,0.161255,0.737793
dysfunction,5744735,-0.017700,-0.025879,1.213257
dysfunction,5744755,-0.009399,-0.003418,1.180664
dysfunction,5744775,-0.078979,-0.125244,1.122803
dysfunction,5744795,-0.157104,-0.151245,1.265625
dysfunction,5744815,0.102051,0.104126,0.682617
dysfunction,5744835,0.027466,0.105591,0.693970
dysfunction,5744855,0.005493,0.051880,1.064331
dysfunction,5744875,0.003784,0.064941,1.047852
dysfunction,5744895,-0.121704,-0.108887,1.240601
dysfunction,5744915,0.106689,-0.041138,0.863770
dysfunction,5744935,0.115601,-0.053833,0.914307
dysfunction,5744955,-0.006836,0.012817,0.954346
dysfunction,5744975,-0.005371,0.026855,0.953979
dysfunction,5744995,-0.038696,0.119751,1.028442
dysfunction,5745015,-0.117065,0.051025,0.960815
dysfunction,5745035,-0.133057,-0.341553,1.134155
dysfunction,5745055,0.201660,-0.223022,1.345825
dysfunction,5745075,-0.036865,-0.064087,1.061768
dysfunction,5745095,-0.011597,0.019409,0.960815
dysfunction,5745115,-0.026245,-0.085449,1.133301
dysfunction,5745135,0.041016,0.078003,0.907227
dysfunction,5745155,0.007446,-0.014038,1.020508
dysfunction,5745175,-0.027466,0.072266,0.987915
dysfunction,5745195,-0.296509,-0.054932,1.299072
dysfunction,5745215,-0.046875,-0.018677,1.130981
dysfunction,5745235,-0.124146,-0.236206,1.265259
dysfunction,5745255,-0.110474,-0.016479,0.893799
dysfunction,5745275,0.006226,0.180420,0.785767
dysfunction,5745295,0.001099,0.170532,0.909424
dysfunction,5745315,-0.155884,0.048340,1.079468
dysfunction,5745335,-0.120483,-0.092407,1.187500
dysfunction,5745355,0.069702,-0.092285,1.025391
dysfunction,5745375,0.032349,-0.122314,1.127686
dysfunction,5745395,0.294312,0.160156,1.159180
dysfunction,5745415,-0.232910,0.122803,0.881104
dysfunction,5745435,-0.201416,0.098877,0.957642
dysfunction,5745455,0.063965,-0.120361,1.291504
dysfunction,5745475,-0.080566,-0.052856,1.191162
dysfunction,5745495,0.182617,-0.021118,0.874268
dysfunction,5745515,0.197021,-0.065186,0.893188
dysfunction,5745535,-0.094360,0.065308,1.091309
dysfunction,5745555,-0.109131,0.173096,0.856079
dysfunction,5745575,-0.047607,-0.071289,1.244507
dysfunction,5745595,0.118286,-0.048828,0.901733
dysfunction,5745615,0.102783,-0.115601,0.860107
dysfunction,5745635,0.096069,0.237427,0.901855
dysfunction,5745655,0.094482,0.081543,0.981689
dysfunction,5745675,-0.155518,0.034424,1.048584
dysfunction,5745695,-0.150757,0.031860,1.094727
dysfunction,5745715,-0.041016,-0.038330,0.968018
dysfunction,5745735,0.091553,-0.094482,1.036011
dysfunction,5745755,0.086182,0.066284,0.894043
dysfunction,5745775,-0.077026,0.104858,1.015747
dysfunction,5745795,-0.008179,0.008301,1.000366
dysfunction,5745815,0.072632,0.156860,1.281494
dysfunction,5745835,0.088257,0.043213,0.933838
dysfunction,5745855,-0.031982,-0.045898,0.928345
dysfunction,5745875,0.055664,-0.038208,0.931519
dysfunction,5745895,0.022217,0.021240,1.076660
dysfunction,5745915,-0.173584,0.077759,0.931763
dysfunction,5745935,-0.187012,0.076050,1.061035
dysfunction,5745955,0.076538,-0.124878,1.077393
dysfunction,5745975,0.081421,-0.144897,1.093628
dysfunction,5745995,0.085571,0.062866,0.859863
dysfunction,5746015,-0.005249,0.027100,1.254517
dysfunction,5746035,-0.135376,0.158203,0.827515
dysfunction,5746055,-0.125366,0.023193,1.106323
dysfunction,5746075,-0.174927,-0.242310,1.156860
dysfunction,5746095,0.217407,0.036743,1.044067
dysfunction,5746115,0.160767,-0.016113,0.971802
dysfunction,5746135,-0.086426,0.052246,1.015259
dysfunction,5746155,-0.100708,0.150269,0.965088
dysfunction,5746175,-0.111694,-0.044434,1.165649
dysfunction,5746195,-0.181885,-0.093628,1.155396
dysfunction,5746215,0.076416,0.002563,0.849487
dysfunction,5746235,-0.102539,0.034180,0.960327
dysfunction,5746255,0.014282,0.235840,0.668091
dysfunction,5746275,-0.086426,-0.026733,1.112915
dysfunction,5746295,-0.144409,-0.088135,1.166992
dysfunction,5746315,0.002563,-0.004395,0.974609
dysfunction,5746335,0.163086,-0.150635,1.102905
dysfunction,5746355,0.060181,0.118896,0.819458
dysfunction,5746375,0.067505,0.056885,0.883423
dysfunction,5746395,-0.141113,0.131958,1.064819
dysfunction,5746415,-0.182739,0.078491,0.936035
dysfunction,5746435,-0.161133,-0.180542,1.239990
dysfunction,5746455,0.154053,0.091187,0.617676
dysfunction,5746475,0.120728,0.069214,0.742187
dysfunction,5746495,-0.111328,-0.209961,1.331543
dysfunction,5746515,-0.061523,0.077759,1.051880
dysfunction,5746535,-0.165405,-0.049683,1.076050
dysfunction,5746555,-0.021240,-0.058838,1.134521
dysfunction,5746575,0.168701,-0.083984,0.923340
dysfunction,5746595,0.153809,-0.086182,0.923584
dysfunction,5746615,-0.087891,0.204224,0.896973
dysfunction,5746635,-0.059204,-0.026855,1.168701
dysfunction,5746655,-0.269897,0.148437,1.358398
dysfunction,5746675,0.003174,0.008423,0.794922
dysfunction,5746695,0.006836,-0.040039,0.984863
dysfunction,5746715,-0.043945,-0.154419,1.151245
dysfunction,5746735,0.006714,0.043213,1.012451
dysfunction,5746755,-0.005737,0.005737,1.017700
dysfunction,5746775,-0.006592,0.014160,0.996948
dysfunction,5746795,-0.018188,0.001099,1.002808
dysfunction,5746815,-0.015015,0.008179,1.003784
dysfunction,5746835,-0.016846,0.004761,1.019775
dysfunction,5746855,-0.016724,0.011841,0.958252
dysfunction,5746875,-0.063232,-0.088745,0.982056
dysfunction,5746895,0.118408,0.075317,1.054565
dysfunction,5746915,0.050537,0.032959,1.017212
dysfunction,5746935,-0.019409,-0.003296,0.942139
dysfunction,5746955,-0.003784,0.004517,1.003540
dysfunction,5746975,-0.011108,0.013306,1.008545
dysfunction,5746995,-0.004395,0.016724,0.998535
dysfunction,5747015,-0.012939,0.007324,1.000366
dysfunction,5747035,-0.018433,0.008545,0.992676
dysfunction,5747055,-0.019531,0.003296,1.005249
dysfunction,5747075,-0.015381,0.008911,0.979126
dysfunction,5747095,-0.047363,-0.087769,1.027222
dysfunction,5747115,0.137695,0.092529,1.035767
dysfunction,5747135,0.004639,-0.046631,1.006348
dysfunction,5747155,-0.006104,-0.022827,0.981201
dysfunction,5747175,-0.017212,0.030029,1.011841
dysfunction,5747195,-0.017456,0.007690,1.014038
dysfunction,5747215,-0.002075,0.018188,0.993652
dysfunction,5747235,-0.013306,0.006958,0.997803
dysfunction,5747255,-0.009155,0.015259,0.978638
dysfunction,5747275,-0.024902,-0.000610,1.011719
dysfunction,5747295,-0.012085,0.012329,1.000000
dysfunction,5747315,0.290039,0.048706,1.378784
dysfunction,5747335,0.117920,0.020020,0.840088
dysfunction,5747355,-0.040283,-0.026978,0.984985
dysfunction,5747375,-0.035278,0.015625,1.012695
dysfunction,5747395,0.004395,0.029297,1.022949
dysfunction,5747415,-0.003906,0.013062,1.031738
dysfunction,5747435,-0.003540,0.014526,0.974976
dysfunction,5747455,-0.012695,0.007568,0.992798
dysfunction,5747475,-0.013794,0.005127,1.003174
dysfunction,5747495,-0.015625,0.004517,1.006714
dysfunction,5747515,-0.020996,0.007935,0.968262
dysfunction,5747535,-0.014771,-0.055298,1.462769
dysfunction,5747555,0.018921,0.020020,1.061768
dysfunction,5747575,-0.017212,0.001221,0.927734
dysfunction,5747595,-0.026855,-0.007080,0.946045
dysfunction,5747615,-0.019043,0.005859,1.025879
dysfunction,5747635,-0.021118,0.005127,1.016357
dysfunction,5747655,-0.004761,0.015503,0.997559
dysfunction,5747675,-0.010742,0.002930,1.005981
dysfunction,5747695,-0.008057,0.011963,0.984985
dysfunction,5747715,-0.017334,0.001465,1.024536
dysfunction,5747735,-0.018921,0.007690,0.986206
dysfunction,5747755,0.050537,-0.117310,1.540405
dysfunction,5747775,0.112549,0.086182,1.017456
dysfunction,5747795,-0.018311,-0.016602,0.942139
dysfunction,5747815,-0.027100,-0.013550,0.968750
dysfunction,5747835,-0.044312,0.023315,1.013916
dysfunction,5747855,-0.006470,0.012451,0.998657
dysfunction,5747875,-0.006226,0.015259,0.992432
dysfunction,5747895,-0.014038,0.001465,1.011108
dysfunction,5747915,-0.014404,0.006226,0.998657
dysfunction,5747935,-0.020752,-0.021851,1.028076
dysfunction,5747955,-0.031128,0.146484,1.360596
dysfunction,5747975,0.190063,-0.151611,0.818970
dysfunction,5747995,-0.032715,0.004761,0.795654
dysfunction,5748015,-0.061523,0.202271,0.880615
dysfunction,5748035,-0.055908,0.011230,1.140015
dysfunction,5748055,-0.161499,0.081787,1.086914
dysfunction,5748075,0.165283,-0.185181,1.033569
dysfunction,5748095,0.098999,-0.168823,1.040161
dysfunction,5748115,0.051636,0.062134,0.903564
dysfunction,5748135,0.072388,0.066895,0.896240
dysfunction,5748155,-0.155640,0.129517,1.046997
dysfunction,5748175,0.056152,-0.155396,1.487915
dysfunction,5748195,0.076172,-0.210449,0.962158
dysfunction,5748215,-0.022339,0.002686,0.912476
dysfunction,5748235,0.149414,0.047974,0.929077
dysfunction,5748255,-0.133179,0.112793,0.988525
dysfunction,5748275,-0.124512,0.135498,1.029175
dysfunction,5748295,-0.159912,-0.062744,1.014038
dysfunction,5748315,-0.192871,-0.091919,1.077759
dysfunction,5748335,0.180908,-0.081665,0.924805
dysfunction,5748355,-0.083862,0.127808,0.938354
dysfunction,5748375,-0.055908,0.139526,0.912964
dysfunction,5748395,0.064697,0.029541,1.432007
dysfunction,5748415,0.000732,0.001953,1.099731
dysfunction,5748435,-0.026978,0.026123,0.713989
dysfunction,5748455,0.074341,-0.044434,0.879272
dysfunction,5748475,-0.076294,0.204102,0.823486
dysfunction,5748495,-0.005859,0.096802,0.983643
dysfunction,5748515,-0.143311,0.098999,1.058105
dysfunction,5748535,-0.060547,-0.047607,0.932495
dysfunction,5748555,-0.068237,-0.049805,0.922974
dysfunction,5748575,0.055786,0.174438,1.207275
dysfunction,5748595,0.156128,0.078369,0.850586
dysfunction,5748615,-0.118286,-0.030762,1.055786
dysfunction,5748635,-0.029053,-0.012573,0.970093
dysfunction,5748655,-0.011597,0.010132,1.041504
dysfunction,5748675,-0.011597,0.004883,1.044434
dysfunction,5748695,-0.008545,0.009277,0.986816
dysfunction,5748715,-0.021240,0.006470,1.025879
dysfunction,5748735,-0.008057,0.056396,1.047241
dysfunction,5748755,-0.071655,-0.123047,1.170044
dysfunction,5748775,-0.184326,-0.054077,1.163452
dysfunction,5748795,0.052246,0.073364,0.741211
dysfunction,5748815,-0.031250,0.049927,0.783691
dysfunction,5748835,0.006592,0.113770,0.919189
dysfunction,5748855,-0.041748,0.134766,0.910645
dysfunction,5748875,-0.047729,-0.139038,1.276855
dysfunction,5748895,-0.008545,-0.016602,0.852539
dysfunction,5748915,-0.001587,-0.001465,0.970703
dysfunction,5748935,0.011597,0.224854,0.841919
dysfunction,5748955,0.022095,0.114258,0.721924
dysfunction,5748975,-0.101929,-0.130371,1.151489
dysfunction,5748995,-0.017334,-0.158081,1.170044
dysfunction,5749015,-0.155151,-0.178589,1.075928
dysfunction,5749035,-0.033691,0.216431,0.972168
dysfunction,5749055,0.003174,0.026001,0.892212
dysfunction,5749075,-0.030273,-0.139038,1.164185
dysfunction,5749095,0.017212,-0.066406,1.121582
dysfunction,5749115,-0.046509,0.075684,0.977173
dysfunction,5749135,-0.024780,0.042114,0.993408
dysfunction,5749155,-0.010864,-0.006714,1.001221
dysfunction,5749175,-0.008545,0.000977,0.998901
dysfunction,5749195,-0.001831,0.004639,1.014648
dysfunction,5749215,0.011963,0.038940,1.017212
dysfunction,5749235,0.026489,0.012451,1.011230
dysfunction,5749255,0.004272,-0.076050,1.127319
dysfunction,5749275,0.014282,-0.083008,1.143555
dysfunction,5749295,-0.045776,0.060913,0.975586
dysfunction,5749315,0.007324,0.072876,0.807251
dysfunction,5749335,-0.019897,-0.122681,0.732544
dysfunction,5749355,-0.068481,-0.043823,0.946411
dysfunction,5749375,0.040649,0.061646,1.165771
dysfunction,5749395,0.008911,-0.032593,0.933350
dysfunction,5749415,0.012329,-0.046753,1.027222
dysfunction,5749435,-0.032349,0.069946,0.932739
dysfunction,5749455,-0.021118,0.085937,0.934448
dysfunction,5749475,0.091431,0.053955,1.075684
dysfunction,5749495,0.076538,0.030884,1.040405
dysfunction,5749515,0.320068,0.161499,1.214600
dysfunction,5749535,0.085937,0.161255,1.102173
dysfunction,5749555,-0.103638,-0.059204,0.902466
dysfunction,5749575,0.036499,0.115112,1.165649
dysfunction,5749595,0.068604,0.135132,1.071289
dysfunction,5749615,0.052612,-0.093384,1.092285
dysfunction,5749635,0.053345,-0.100708,1.119995
dysfunction,5749655,-0.040771,0.049927,1.020996
dysfunction,5749675,-0.033691,0.048584,1.009644
dysfunction,5749695,0.036255,0.081421,0.733643
dysfunction,5749715,0.084595,-0.006226,0.601440
dysfunction,5749735,-0.095337,-0.173706,1.302979
dysfunction,5749755,-0.093262,0.182983,0.813477
dysfunction,5749775,-0.061768,0.115601,0.859009
dysfunction,5749795,-0.018433,0.007568,0.796021
dysfunction,5749815,-0.013916,-0.005005,0.942017
dysfunction,5749835,-0.019653,0.001587,1.057129
dysfunction,5749855,-0.013306,0.000244,1.037720
dysfunction,5749875,0.005981,0.011719,0.987305
dysfunction,5749895,-0.005615,0.012329,0.950684
dysfunction,5749915,-1.433228,0.134766,2.468872
dysfunction,5749935,-0.505249,0.842163,1.164429
dysfunction,5749955,-0.049316,-0.239502,1.085938
dysfunction,5749975,-0.028320,0.041992,1.096191
dysfunction,5749995,-0.005615,0.063232,1.032959
dysfunction,5750015,0.009033,-0.031128,0.934448
dysfunction,5750035,0.005859,-0.008057,0.944336
dysfunction,5750055,-0.014648,0.004883,1.043945
dysfunction,5750075,-0.000732,0.037842,1.030884
dysfunction,5750095,-0.001831,0.027832,1.003296
dysfunction,5750115,-0.025513,0.001465,0.755737
dysfunction,5750135,0.085083,-0.037354,0.733765
dysfunction,5750155,-0.091919,-0.050415,1.187866
dysfunction,5750175,-0.059814,-0.029419,1.163208
dysfunction,5750195,0.008057,0.101196,0.921997
dysfunction,5750215,0.017334,0.076416,0.975220
dysfunction,5750235,-0.000122,-0.027100,0.976074
dysfunction,5750255,-0.004883,0.000244,1.064941
dysfunction,5750275,-0.005249,-0.001709,1.045532
dysfunction,5750295,-0.000488,0.038452,0.965942
dysfunction,5750315,-0.018188,0.032104,0.899902
dysfunction,5750335,-0.132568,-0.041016,1.484009
dysfunction,5750355,0.008545,0.004761,1.235962
dysfunction,5750375,0.118896,0.094849,0.867676
dysfunction,5750395,0.042114,0.011963,0.876343
dysfunction,5750415,-0.027222,-0.034546,1.058228
dysfunction,5750435,0.025024,0.037231,1.028809
dysfunction,5750455,0.010498,0.014771,1.010986
dysfunction,5750475,0.006226,0.022583,0.987671
dysfunction,5750495,0.001221,0.011230,0.972290
dysfunction,5750515,-0.008301,-0.000610,1.035889
dysfunction,5750535,-0.002808,0.010376,1.019531
dysfunction,5750555,0.251465,0.212402,1.054077
dysfunction,5750575,-0.124756,0.187744,0.744751
dysfunction,5750595,-0.056030,-0.118652,0.921875
dysfunction,5750615,-0.013794,-0.015259,1.228638
dysfunction,5750635,0.043823,0.006836,1.146606
dysfunction,5750655,0.053467,0.074463,0.956421
dysfunction,5750675,0.017212,0.053711,0.935059
dysfunction,5750695,-0.004028,-0.008301,1.060547
dysfunction,5750715,-0.007080,0.000244,1.027832
dysfunction,5750735,0.000122,0.005737,1.007324
dysfunction,5750755,0.005859,0.014648,0.994751
dysfunction,5750775,0.002197,0.015503,0.989746
dysfunction,5750795,-0.005371,0.006348,1.021973
dysfunction,5750815,-0.003418,0.006226,1.019775
dysfunction,5750835,-0.005127,0.008301,1.010010
dysfunction,5750855,-0.002075,0.011719,1.012451
dysfunction,5750875,0.000732,0.016357,0.992798
dysfunction,5750895,-0.030884,0.060303,0.924438
dysfunction,5750915,0.038818,0.011841,1.000366
dysfunction,5750935,0.005493,-0.067505,0.932251
dysfunction,5750955,0.014893,-0.060913,1.138672
dysfunction,5750975,-0.040894,0.056763,0.958984
dysfunction,5750995,-0.040527,0.043457,0.974365
dysfunction,5751015,0.013062,0.060547,0.894409
dysfunction,5751035,0.001221,0.067261,0.882568
dysfunction,5751055,0.031006,-0.059937,1.116333
dysfunction,5751075,0.036377,-0.058960,1.105957
dysfunction,5751095,-0.031982,0.009766,1.043701
dysfunction,5751115,-0.007202,0.089478,0.869751
dysfunction,5751135,-0.016968,0.089722,0.866455
dysfunction,5751155,0.040405,-0.040649,1.066162
dysfunction,5751175,0.039063,-0.030151,1.050781
dysfunction,5751195,-0.020386,-0.031372,1.095093
dysfunction,5751215,-0.017334,-0.037964,1.102783
dysfunction,5751235,-0.034058,0.082886,0.879395
dysfunction,5751255,-0.036011,0.078979,0.891357
dysfunction,5751275,0.036621,0.005981,0.988525
dysfunction,5751295,-0.000610,-0.056030,1.132446
dysfunction,5751315,0.004761,-0.061279,1.134155
dysfunction,5751335,-0.045288,0.066895,0.922974
dysfunction,5751355,-0.019409,0.051636,0.930176
dysfunction,5751375,-0.037109,0.013184,1.069336
dysfunction,5751395,0.003540,0.116577,0.991821
dysfunction,5751415,-0.115723,-0.079468,1.250732
dysfunction,5751435,-0.052124,-0.009155,1.281860
dysfunction,5751455,-0.089355,-0.064941,1.150391
dysfunction,5751475,0.030396,0.054687,0.831665
dysfunction,5751495,-0.036987,-0.007813,0.980347
dysfunction,5751515,-0.001099,0.009399,1.021851
dysfunction,5751535,0.007935,0.020874,1.003540
dysfunction,5751555,-0.000366,0.021362,1.015137
dysfunction,5751575,-0.008179,0.049927,1.003418
dysfunction,5751595,-0.068848,-0.102783,1.383667
dysfunction,5751615,-0.050049,-0.068359,1.396484
dysfunction,5751635,-0.108887,0.044922,0.668701
dysfunction,5751655,-0.001831,0.033691,0.920044
dysfunction,5751675,0.044312,-0.089233,1.101685
dysfunction,5751695,0.031006,0.008179,1.319946
dysfunction,5751715,-0.018799,-0.032349,1.370972
dysfunction,5751735,-0.156128,-0.026367,0.789917
dysfunction,5751755,0.003540,-0.037354,0.970825
dysfunction,5751775,0.118774,0.027100,0.758423
dysfunction,5751795,0.024780,0.105957,0.731201
dysfunction,5751815,-0.043457,-0.006226,1.284424
dysfunction,5751835,-0.090454,-0.107422,1.121704
dysfunction,5751855,-0.070068,-0.134033,1.154907
dysfunction,5751875,0.024414,0.125610,0.638306
dysfunction,5751895,0.008423,0.109863,0.655762
dysfunction,5751915,0.031860,0.101196,1.035034
dysfunction,5751935,0.047363,0.078857,0.980225
dysfunction,5751955,-0.095581,-0.017090,1.312378
dysfunction,5751975,-0.035522,0.093262,1.305542
dysfunction,5751995,-0.073364,-0.346924,0.823730
dysfunction,5752015,0.039795,0.191895,0.832764
dysfunction,5752035,0.054443,0.262329,0.788330
dysfunction,5752055,0.026978,-0.064697,1.390991
dysfunction,5752075,0.056641,0.017700,1.243042
dysfunction,5752095,-0.085937,-0.101563,0.899048
dysfunction,5752115,-0.035156,-0.094482,0.957520
dysfunction,5752135,0.065308,0.029297,0.765015
dysfunction,5752155,-0.096802,-0.075195,1.355835
dysfunction,5752175,-0.008789,-0.030029,1.322266
dysfunction,5752195,-0.039795,-0.103027,1.181030
dysfunction,5752215,-0.063477,-0.140625,1.244141
dysfunction,5752235,0.033447,0.120850,0.552246
dysfunction,5752255,-0.039307,-0.018799,0.934937
dysfunction,5752275,-0.020264,-0.023071,1.011108
dysfunction,5752295,-0.013916,-0.001831,0.990601
dysfunction,5752315,-0.008545,-0.005615,1.002686
dysfunction,5752335,-0.020996,-0.011353,1.000732
dysfunction,5752355,-0.031860,-0.008301,1.001465
dysfunction,5752375,-0.037842,-0.008789,1.002686
dysfunction,5752395,-0.042603,-0.017578,1.002075
dysfunction,5752415,-0.041748,-0.014648,1.000732
dysfunction,5752435,-0.013794,-0.001099,1.000610
dysfunction,5752455,-0.011597,-0.000488,1.000610
dysfunction,5752475,-0.012573,-0.001099,1.001953
dysfunction,5752495,-0.011719,0.000000,1.000488
dysfunction,5752515,-0.012207,-0.000244,1.001099
dysfunction,5752535,-0.004272,0.004028,1.002319
dysfunction,5752555,-0.001465,0.003784,1.003296
dysfunction,5752575,-0.012573,-0.003540,1.001221
dysfunction,5752595,-0.020630,-0.005737,1.000732
dysfunction,5752615,-0.025391,-0.005005,1.000732
dysfunction,5752635,-0.017944,-0.002441,1.000732
dysfunction,5752655,-0.012573,-0.000854,1.000854
dysfunction,5752675,-0.008667,0.000488,1.000610
dysfunction,5752695,-0.006958,0.001221,1.001221
dysfunction,5752715,-0.011841,0.002686,1.001221
dysfunction,5752735,-0.011841,0.002075,1.000610
dysfunction,5752755,-0.006104,0.004639,1.000977
dysfunction,5752775,-0.006470,0.002197,1.000854
dysfunction,5752795,-0.002808,-0.000122,1.001587
dysfunction,5752815,-0.000732,-0.000610,1.002441
dysfunction,5752835,-0.006836,-0.002441,1.000732
dysfunction,5752855,-0.021973,-0.010742,1.002075
dysfunction,5752875,-0.034668,-0.011841,1.001709
dysfunction,5752895,-0.023804,-0.003540,1.000610
dysfunction,5752915,-0.013794,-0.001709,1.001221
dysfunction,5752935,-0.015137,-0.001831,1.001587
dysfunction,5752955,-0.020874,-0.003052,1.001953
dysfunction,5752975,-0.017822,-0.002930,1.000977
dysfunction,5752995,-0.014160,-0.000977,1.001099
dysfunction,5753015,-0.014771,-0.002075,1.001221
dysfunction,5753035,-0.017212,-0.002075,1.001099
dysfunction,5753055,-0.016357,-0.001709,1.000977
dysfunction,5753075,-0.016968,-0.002319,1.001343
dysfunction,5753095,-0.016724,-0.002686,1.001343
dysfunction,5753115,-0.003906,0.017700,0.992065
dysfunction,5753135,-0.042480,-0.084595,1.136230
dysfunction,5753155,-0.061279,-0.153564,1.320679
dysfunction,5753175,-0.073242,-0.058228,0.896973
dysfunction,5753195,0.060181,0.195923,0.749146
dysfunction,5753215,0.047363,0.199951,0.721313
dysfunction,5753235,0.029053,-0.076904,1.272827
dysfunction,5753255,0.048096,-0.049316,1.244019
dysfunction,5753275,-0.116089,-0.170166,1.120483
dysfunction,5753295,-0.113159,-0.187134,1.163452
dysfunction,5753315,-0.008911,0.170776,0.673584
dysfunction,5753335,-0.025513,0.149536,0.675171
dysfunction,5753355,0.084839,0.062500,1.108276
dysfunction,5753375,-0.093262,-0.209717,1.256470
dysfunction,5753395,-0.086060,-0.211670,1.284424
dysfunction,5753415,-0.049316,0.097656,0.693970
dysfunction,5753435,-0.075562,0.061523,0.736816
dysfunction,5753455,0.095581,0.146729,0.951416
dysfunction,5753475,0.090942,0.161011,0.910400
dysfunction,5753495,-0.033447,-0.184326,1.333740
dysfunction,5753515,-0.022827,-0.172485,1.335571
dysfunction,5753535,-0.111084,-0.041992,0.870850
dysfunction,5753555,0.071777,0.193604,0.803833
dysfunction,5753575,0.064087,0.198120,0.777710
dysfunction,5753595,0.020386,-0.113281,1.303955
dysfunction,5753615,0.027710,-0.095337,1.290527
dysfunction,5753635,-0.119629,-0.132690,1.028809
dysfunction,5753655,-0.118774,-0.149536,1.057739
dysfunction,5753675,0.018799,0.187988,0.698608
dysfunction,5753695,0.067627,0.176147,0.689209
dysfunction,5753715,0.062500,0.010254,1.089355
dysfunction,5753735,-0.003296,-0.003052,1.026733
dysfunction,5753755,-0.007935,-0.002930,1.014282
dysfunction,5753775,-0.014526,-0.004395,1.008301
dysfunction,5753795,-0.015259,-0.001587,1.000854
dysfunction,5753815,-0.012207,-0.001099,1.001221
dysfunction,5753835,-0.014526,-0.002930,1.001221
dysfunction,5753855,-0.012451,-0.001221,1.001465
dysfunction,5753875,-0.013428,-0.001221,1.000610
dysfunction,5753895,-0.015869,-0.000977,1.001465
dysfunction,5753915,-0.013428,-0.000977,1.001099
dysfunction,5753935,-0.013306,-0.002930,1.000977
dysfunction,5753955,-0.015015,-0.002563,1.001831
dysfunction,5753975,-0.016113,-0.001465,1.001831
dysfunction,5753995,-0.014160,-0.000977,1.001099
dysfunction,5754015,-0.014404,-0.001099,1.000732
dysfunction,5754035,-0.014282,-0.001953,1.001343
dysfunction,5754055,-0.013916,-0.002930,1.001953
dysfunction,5754075,-0.015015,-0.001221,1.000977
dysfunction,5754095,-0.014404,-0.001831,1.000977
dysfunction,5754115,-0.013550,-0.002441,1.001831
dysfunction,5754135,-0.015503,-0.001465,1.000854
dysfunction,5754155,-0.015015,-0.000854,1.001709
dysfunction,5754175,-0.014282,-0.000732,1.000610
dysfunction,5754195,-0.014282,-0.002197,1.002686
dysfunction,5754215,-0.013916,-0.000977,1.001221
dysfunction,5754235,-0.014038,-0.001343,1.000977
dysfunction,5754255,-0.016479,-0.002930,1.002563
dysfunction,5754275,-0.016479,-0.001953,1.000854
dysfunction,5754295,-0.013306,-0.001221,1.000854
dysfunction,5754315,-0.015991,-0.003296,1.002319
dysfunction,5754335,-0.014893,-0.001221,1.001099
dysfunction,5754355,-0.014648,-0.001343,1.000610
dysfunction,5754375,-0.016479,-0.001343,1.001709
dysfunction,5754395,-0.014893,-0.000610,1.000610
dysfunction,5754415,-0.013306,-0.001343,1.001099
dysfunction,5754435,-0.015015,-0.001709,1.001831
dysfunction,5754455,-0.014893,-0.000854,1.001465
dysfunction,5754475,-0.013550,-0.001221,1.000610
dysfunction,5754495,-0.015625,-0.001831,1.002075
dysfunction,5754515,-0.014160,-0.001587,1.001221
dysfunction,5754535,-0.015991,-0.002075,1.000854
dysfunction,5754555,-0.017456,-0.002075,1.003418
dysfunction,5754575,-0.014893,-0.000244,1.000488
dysfunction,5754595,-0.014526,-0.001343,1.000732
dysfunction,5754615,-0.014893,-0.001831,1.001465
dysfunction,5754635,-0.013550,-0.000610,1.000488
dysfunction,5754655,0.009766,0.065552,0.960937
dysfunction,5754675,-0.033691,-0.110840,1.187134
dysfunction,5754695,-0.002930,-0.114014,1.269653
dysfunction,5754715,-0.116455,-0.104248,0.969482
dysfunction,5754735,0.046265,-0.123535,1.001099
dysfunction,5754755,0.033936,0.185791,0.740967
dysfunction,5754775,0.046509,-0.041626,1.235596
dysfunction,5754795,0.057251,-0.023315,1.221680
dysfunction,5754815,-0.115356,-0.170166,1.115479
dysfunction,5754835,-0.110229,-0.182617,1.150146
dysfunction,5754855,-0.019287,0.147705,0.706299
dysfunction,5754875,-0.031128,0.129272,0.712646
dysfunction,5754895,0.086792,0.070923,1.096191
dysfunction,5754915,-0.087891,-0.196533,1.041870
dysfunction,5754935,-0.078491,-0.197144,1.252441
dysfunction,5754955,-0.069214,0.067505,0.750977
dysfunction,5754975,-0.081177,0.043213,0.771240
dysfunction,5754995,0.089111,0.144653,0.952759
dysfunction,5755015,0.088745,0.160767,0.914917
dysfunction,5755035,-0.030762,-0.166748,1.302002
dysfunction,5755055,-0.017334,-0.153564,1.306152
dysfunction,5755075,-0.110229,-0.050415,0.878540
dysfunction,5755095,0.072144,0.185181,0.817871
dysfunction,5755115,0.062134,0.191040,0.786255
dysfunction,5755135,0.036255,-0.058594,1.183105
dysfunction,5755155,0.000000,-0.002197,1.025391
dysfunction,5755175,-0.009033,-0.000610,1.009155
dysfunction,5755195,-0.012451,-0.002441,1.006104
dysfunction,5755215,-0.014282,-0.006592,1.007324
dysfunction,5755235,-0.017700,-0.053589,1.116089
dysfunction,5755255,-0.081543,-0.094482,1.001221
dysfunction,5755275,0.040283,0.187256,0.737915
dysfunction,5755295,0.017578,0.174194,0.707642
dysfunction,5755315,0.064697,-0.010010,1.204102
dysfunction,5755335,0.066772,0.013306,1.174805
dysfunction,5755355,-0.104004,-0.187012,1.201538
dysfunction,5755375,-0.101685,-0.183594,1.226440
dysfunction,5755395,-0.033325,0.138184,0.703491
dysfunction,5755415,-0.041870,0.129517,0.726929
dysfunction,5755435,0.091675,0.012451,1.013672
dysfunction,5755455,-0.088135,-0.134277,1.279297
dysfunction,5755475,-0.081177,-0.180542,1.305298
dysfunction,5755495,-0.037842,0.068604,0.743164
dysfunction,5755515,-0.029663,0.091553,0.748291
dysfunction,5755535,0.073730,0.066895,0.912720
dysfunction,5755555,0.080933,0.107300,0.857178
dysfunction,5755575,-0.043091,-0.102295,1.299561
dysfunction,5755595,-0.166870,-0.511841,1.409302
dysfunction,5755615,-0.127686,0.005615,0.963013
dysfunction,5755635,0.108521,0.017822,0.869995
dysfunction,5755655,-0.019531,-0.013184,0.977661
dysfunction,5755675,-0.017090,0.039185,1.003784
dysfunction,5755695,-0.021606,-0.000244,1.003296
dysfunction,5755715,-0.016479,-0.001587,1.001953
dysfunction,5755735,-0.042603,-0.054565,1.070679
dysfunction,5755755,-0.011353,0.074585,0.795166
dysfunction,5755775,0.063110,-0.002441,0.746826
dysfunction,5755795,0.055420,0.043335,0.984131
dysfunction,5755815,-0.057861,-0.106689,1.309692
dysfunction,5755835,-0.040039,-0.130493,1.329224
dysfunction,5755855,-0.066040,0.066895,0.780151
dysfunction,5755875,-0.067871,0.036377,0.797363
dysfunction,5755895,0.046265,0.100708,0.804321
dysfunction,5755915,0.024536,0.151367,0.660767
dysfunction,5755935,0.036133,-0.161499,1.362305
dysfunction,5755955,-0.062134,-0.084473,1.066406
dysfunction,5755975,-0.058350,-0.108643,1.111450
dysfunction,5755995,-0.010864,0.150391,0.608032
dysfunction,5756015,-0.019165,0.161011,0.620605
dysfunction,5756035,0.034546,-0.059204,1.269897
dysfunction,5756055,0.050049,-0.087158,1.166138
dysfunction,5756075,0.003906,-0.012451,1.005249
dysfunction,5756095,-0.000122,-0.026733,1.005615
dysfunction,5756115,-0.002808,-0.037964,1.007202
dysfunction,5756135,-0.003052,-0.039063,1.007324
dysfunction,5756155,0.015991,-0.037842,1.077026
dysfunction,5756175,-0.077271,-0.112305,1.130005
dysfunction,5756195,-0.123901,-0.116943,1.147217
dysfunction,5756215,-0.025269,0.098755,0.708130
dysfunction,5756235,-0.066650,0.099854,0.683960
dysfunction,5756255,0.142700,0.046387,1.093262
dysfunction,5756275,0.148315,0.074341,1.034424
dysfunction,5756295,-0.029541,-0.184570,1.322998
dysfunction,5756315,-0.165649,0.058105,0.728882
dysfunction,5756335,-0.171875,0.048218,0.757202
dysfunction,5756355,0.125000,0.101685,0.901245
dysfunction,5756375,0.117432,0.096802,0.867676
dysfunction,5756395,0.023437,-0.165771,1.363770
dysfunction,5756415,0.042725,-0.150391,1.356201
dysfunction,5756435,-0.177734,-0.007202,0.894897
dysfunction,5756455,-0.176147,-0.028564,0.968018
dysfunction,5756475,-0.031250,-0.028687,0.997925
dysfunction,5756495,-0.009888,-0.025513,1.019043
dysfunction,5756515,-0.011230,-0.008667,1.002075
dysfunction,5756535,-0.014893,-0.006470,1.002563
dysfunction,5756555,-0.038452,-0.013428,0.996704
dysfunction,5756575,0.020142,0.061401,0.881348
dysfunction,5756595,0.035645,0.123535,0.746826
dysfunction,5756615,0.096924,-0.061523,1.237549
dysfunction,5756635,-0.130493,-0.033936,1.216797
dysfunction,5756655,-0.114380,-0.116333,1.131592
dysfunction,5756675,-0.055786,0.121826,0.673828
dysfunction,5756695,-0.076172,0.110840,0.670654
dysfunction,5756715,0.131836,0.027466,1.142822
dysfunction,5756735,0.135254,0.051636,1.108032
dysfunction,5756755,-0.057251,-0.158569,1.233398
dysfunction,5756775,-0.043335,-0.156006,1.241577
dysfunction,5756795,-0.136475,0.036743,0.758057
dysfunction,5756815,0.136475,0.088989,0.803223
dysfunction,5756835,0.143311,0.097900,0.985229
dysfunction,5756855,-0.023804,-0.107910,1.192871
dysfunction,5756875,-0.015503,-0.087402,1.171753
dysfunction,5756895,-0.168945,-0.044922,0.923462
dysfunction,5756915,-0.178101,-0.049561,0.958374
dysfunction,5756935,0.125366,0.070435,0.909668
dysfunction,5756955,0.112915,0.050293,0.899170
dysfunction,5756975,0.057373,-0.044189,1.130127
dysfunction,5756995,-0.190918,-0.047241,1.017212
dysfunction,5757015,-0.187012,-0.060547,1.046997
dysfunction,5757035,0.025269,0.055664,0.802368
dysfunction,5757055,-0.017578,0.053833,0.788330
dysfunction,5757075,0.119263,0.025879,1.107178
dysfunction,5757095,0.126953,0.039063,1.099487
dysfunction,5757115,-0.091309,-0.137573,1.182983
dysfunction,5757135,-0.072876,-0.146973,1.203247
dysfunction,5757155,-0.039673,-0.017334,0.971802
dysfunction,5757175,-0.018066,-0.022217,1.002197
dysfunction,5757195,-0.015137,-0.005981,1.000244
dysfunction,5757215,-0.014038,-0.008545,1.002075
dysfunction,5757235,-0.011963,-0.008423,1.002197
dysfunction,5757255,-0.011841,-0.010620,1.002319
dysfunction,5757275,-0.012817,-0.009155,1.001221
dysfunction,5757295,-0.011597,-0.008423,1.000854
dysfunction,5757315,-0.014282,-0.010742,1.004761
dysfunction,5757335,-0.013184,-0.009399,1.002563
dysfunction,5757355,-0.012085,-0.009155,1.000854
dysfunction,5757375,-0.012817,-0.011108,1.001953
dysfunction,5757395,-0.013306,-0.009766,1.003174
dysfunction,5757415,-0.013062,-0.009277,1.000854
dysfunction,5757435,-0.012695,-0.010132,1.004272
dysfunction,5757455,-0.012085,-0.008179,1.000854
dysfunction,5757475,-0.012085,-0.010986,1.002441
dysfunction,5757495,-0.012329,-0.008423,1.001709
dysfunction,5757515,-0.012451,-0.007446,1.001709
dysfunction,5757535,-0.012573,-0.009888,1.003296
dysfunction,5757555,-0.013794,-0.008911,1.000977
dysfunction,5757575,-0.012695,-0.010010,1.001465
dysfunction,5757595,-0.012817,-0.009399,1.001221
dysfunction,5757615,-0.012817,-0.009033,1.002197
dysfunction,5757635,-0.014038,-0.008911,1.002930
dysfunction,5757655,-0.011719,-0.010010,1.001953
dysfunction,5757675,-0.012573,-0.008057,1.001099
dysfunction,5757695,-0.012329,-0.008911,1.002563
dysfunction,5757715,-0.012695,-0.008545,1.001587
dysfunction,5757735,-0.012695,-0.009766,1.003052
dysfunction,5757755,-0.011963,-0.008301,1.002197
dysfunction,5757775,-0.012085,-0.008789,1.001953
dysfunction,5757795,-0.016846,-0.012451,1.003418
dysfunction,5757815,-0.044189,-0.057983,1.057373
dysfunction,5757835,-0.030273,0.066162,0.805176
dysfunction,5757855,0.106079,0.003540,1.126465
dysfunction,5757875,0.118896,0.020630,1.112915
dysfunction,5757895,-0.073364,-0.124512,1.195923
dysfunction,5757915,-0.057251,-0.135864,1.228394
dysfunction,5757935,-0.121948,0.059326,0.727417
dysfunction,5757955,-0.145874,0.046875,0.745972
dysfunction,5757975,0.134155,0.089844,0.986206
dysfunction,5757995,0.127197,0.103760,0.944336
dysfunction,5758015,0.037354,-0.116699,1.245361
dysfunction,5758035,-0.195801,-0.031250,0.891113
dysfunction,5758055,-0.194702,-0.044434,0.926270
dysfunction,5758075,0.080811,0.116577,0.840332
dysfunction,5758095,0.065063,0.113892,0.823975
dysfunction,5758115,0.082520,-0.078491,1.232178
dysfunction,5758135,0.069092,-0.090454,1.261719
dysfunction,5758155,-0.180542,-0.028564,0.920532
dysfunction,5758175,-0.061035,0.099121,0.676636
dysfunction,5758195,0.013428,-0.078247,1.123901
dysfunction,5758215,0.022339,-0.187256,1.340088
dysfunction,5758235,-0.091187,0.042358,1.051514
dysfunction,5758255,0.080078,0.452637,0.619873
dysfunction,5758275,-0.076416,-0.024170,0.709106
dysfunction,5758295,-0.011963,0.021606,1.106323
dysfunction,5758315,0.012817,-0.020020,1.007446
dysfunction,5758335,0.003296,-0.003174,1.006470
dysfunction,5758355,-0.007935,0.000000,1.000488
dysfunction,5758375,-0.006958,0.004272,1.000732
dysfunction,5758395,-0.010376,0.003174,0.997314
dysfunction,5758415,0.006104,-0.005249,0.997681
dysfunction,5758435,0.097168,-0.018311,1.266479
dysfunction,5758455,0.098755,-0.011597,1.274658
dysfunction,5758475,-0.142090,0.012817,0.770996
dysfunction,5758495,-0.125122,-0.000366,0.829712
dysfunction,5758515,-0.018066,0.032959,0.908447
dysfunction,5758535,0.050781,0.010864,0.906250
dysfunction,5758555,0.034546,0.017456,1.297974
dysfunction,5758575,-0.037354,-0.041382,0.869629
dysfunction,5758595,-0.025757,-0.039795,0.898437
dysfunction,5758615,-0.061035,0.015991,0.819458
dysfunction,5758635,-0.063232,0.016235,0.804687
dysfunction,5758655,0.021240,0.042114,1.285889
dysfunction,5758675,0.034058,0.042969,1.266724
dysfunction,5758695,0.025757,-0.062378,1.013062
dysfunction,5758715,-0.077271,0.021240,1.041748
dysfunction,5758735,-0.080688,0.022705,0.751587
dysfunction,5758755,0.028442,0.052612,1.182373
dysfunction,5758775,0.024170,0.051025,1.157104
dysfunction,5758795,0.040039,-0.048340,1.124878
dysfunction,5758815,0.012939,0.000122,1.098755
dysfunction,5758835,-0.011963,0.011597,0.942261
dysfunction,5758855,-0.005615,0.003418,0.964600
dysfunction,5758875,-0.001099,0.005981,0.974121
dysfunction,5758895,-0.009888,0.010010,0.971436
dysfunction,5758915,-0.078247,0.013550,0.796021
dysfunction,5758935,0.043335,0.045898,1.186768
dysfunction,5758955,0.031494,0.062744,1.146973
dysfunction,5758975,0.048462,-0.052734,1.111450
dysfunction,5758995,-0.017700,-0.153442,0.884033
dysfunction,5759015,-0.083740,-0.090088,0.872437
dysfunction,5759035,-0.007324,-0.071533,1.094971
dysfunction,5759055,0.051025,0.150513,0.960205
dysfunction,5759075,0.067627,-0.037720,1.246338
dysfunction,5759095,0.077515,-0.027710,1.277344
dysfunction,5759115,-0.032471,-0.035767,0.930786
dysfunction,5759135,-0.045288,-0.031738,0.894897
dysfunction,5759155,-0.025513,0.041870,0.877075
dysfunction,5759175,-0.031372,0.025146,0.845947
dysfunction,5759195,-0.032715,0.011230,1.370850
dysfunction,5759215,0.127686,0.240479,2.165039
dysfunction,5759235,0.094971,0.227295,0.683472
dysfunction,5759255,-0.024536,-0.058105,0.972412
dysfunction,5759275,0.007080,-0.119263,0.854004
dysfunction,5759295,0.058594,-0.004028,1.165649
dysfunction,5759315,0.044189,-0.016113,1.171997
dysfunction,5759335,-0.035156,-0.003296,1.075317
dysfunction,5759355,-0.029907,-0.053955,1.166138
dysfunction,5759375,-0.040039,0.063110,0.767944
dysfunction,5759395,-0.035645,0.056763,0.780029
dysfunction,5759415,0.068604,-0.011597,1.086548
dysfunction,5759435,-0.111206,-0.048828,0.840332
dysfunction,5759455,-0.048706,0.038940,0.858765
dysfunction,5759475,-0.036499,0.012329,1.040161
dysfunction,5759495,-0.016602,0.049316,0.980835
dysfunction,5759515,-0.047241,0.025269,0.984375
dysfunction,5759535,0.002441,0.010010,0.965210
dysfunction,5759555,-0.002808,0.007324,0.973022
dysfunction,5759575,-0.001953,-0.004761,1.011719
dysfunction,5759595,-0.011353,0.010986,0.969604
dysfunction,5759615,-0.008789,-0.042480,1.197510
dysfunction,5759635,-0.027222,-0.044312,1.258789
dysfunction,5759655,-0.069458,0.048462,0.899048
dysfunction,5759675,-0.021606,-0.064697,1.009766
dysfunction,5759695,0.065796,-0.007324,0.787476
dysfunction,5759715,-0.052856,-0.052612,0.895874
dysfunction,5759735,-0.052490,-0.023926,1.238037
dysfunction,5759755,-0.001465,-0.057983,1.199097
dysfunction,5759775,-0.029175,-0.049927,1.160889
dysfunction,5759795,0.026611,0.014282,0.724731
dysfunction,5759815,-0.000244,0.018066,0.718872
dysfunction,5759835,0.005005,-0.031738,1.187866
dysfunction,5759855,0.024658,-0.016724,1.156738
dysfunction,5759875,-0.080688,0.000366,1.785156
dysfunction,5759895,-0.015869,0.001221,1.023926
dysfunction,5759915,-0.010498,0.090088,0.552490
dysfunction,5759935,0.083862,-0.036987,1.117432
dysfunction,5759955,0.089600,-0.033447,1.027222
dysfunction,5759975,-0.022583,-0.027832,1.112183
dysfunction,5759995,-0.029297,-0.020264,1.117920
dysfunction,5760015,-0.119873,0.086914,0.892456
dysfunction,5760035,-0.111694,0.095459,0.894287
dysfunction,5760055,0.123535,-0.058838,0.901489
dysfunction,5760075,0.351929,0.191284,1.005981
dysfunction,5760095,-0.108521,-0.065063,0.985352
dysfunction,5760115,-0.075073,-0.045654,1.345581
dysfunction,5760135,-0.077026,-0.012695,1.182007
dysfunction,5760155,0.129639,-0.045410,0.735107
dysfunction,5760175,0.093018,-0.047363,0.781738
dysfunction,5760195,0.002563,0.008423,1.194458
dysfunction,5760215,0.031250,-0.006592,1.193726
dysfunction,5760235,-0.071655,-0.011719,1.100830
dysfunction,5760255,-0.066162,-0.034424,1.122437
dysfunction,5760275,-0.007080,0.066528,0.755493
dysfunction,5760295,0.071777,-0.007935,1.100342
dysfunction,5760315,0.090698,0.113403,0.778442
dysfunction,5760335,-0.031738,0.023682,0.941406
dysfunction,5760355,-0.093872,0.041870,1.004883
dysfunction,5760375,-0.084351,0.118164,0.749634
dysfunction,5760395,-0.017456,0.014160,0.998779
dysfunction,5760415,-0.001831,-0.004028,1.061646
dysfunction,5760435,0.002930,-0.004883,1.021851
dysfunction,5760455,-0.001953,0.001221,0.956299
dysfunction,5760475,-0.010254,-0.006958,1.018066
dysfunction,5760495,-0.006836,-0.001343,1.022339
dysfunction,5760515,-0.031738,0.035889,0.999023
dysfunction,5760535,-0.027344,0.270264,0.808960
dysfunction,5760555,-0.021118,-0.056274,1.091797
dysfunction,5760575,0.003540,-0.003052,1.023682
dysfunction,5760595,-0.023804,0.009399,0.870972
dysfunction,5760615,-0.007935,-0.007202,0.964478
dysfunction,5760635,-0.012085,0.001953,1.051880
dysfunction,5760655,-0.004639,0.000977,0.988892
dysfunction,5760675,-0.005371,-0.010864,0.986694
dysfunction,5760695,-0.004761,-0.006348,0.999878
dysfunction,5760715,-0.008911,-0.001465,1.000854
dysfunction,5760735,-0.014282,-0.003662,0.995728
dysfunction,5760755,0.050659,0.040894,0.760742
dysfunction,5760775,-0.006958,-0.003418,1.108276
dysfunction,5760795,-0.001465,0.030762,0.785645
dysfunction,5760815,-0.014893,0.014648,0.854004
dysfunction,5760835,-0.008667,-0.009644,1.069946
dysfunction,5760855,-0.013794,0.002808,1.044678
dysfunction,5760875,-0.003418,0.000488,0.997681
dysfunction,5760895,-0.006836,-0.008301,0.989136
dysfunction,5760915,-0.005859,-0.003662,0.996460
dysfunction,5760935,-0.008301,-0.005127,1.001343
dysfunction,5760955,0.094971,0.310913,0.593140
dysfunction,5760975,-0.016724,-0.004272,0.735962
dysfunction,5760995,0.004639,0.001099,1.038574
dysfunction,5761015,0.010742,-0.002930,1.062012
dysfunction,5761035,-0.006592,-0.007324,1.046753
dysfunction,5761055,-0.006958,0.017334,0.958374
dysfunction,5761075,0.000000,0.013062,0.950806
dysfunction,5761095,-0.004761,-0.007690,1.049438
dysfunction,5761115,-0.003662,-0.004028,1.020752
dysfunction,5761135,-0.006836,-0.005737,1.000244
dysfunction,5761155,-0.011475,-0.001221,0.991821
dysfunction,5761175,0.088745,0.339966,0.472534
dysfunction,5761195,-0.003906,0.003418,0.709229
dysfunction,5761215,0.007446,0.015137,1.028687
dysfunction,5761235,0.015991,0.010986,1.027100
dysfunction,5761255,0.002441,-0.001099,1.034302
dysfunction,5761275,-0.012695,0.015015,0.962524
dysfunction,5761295,-0.017456,0.011230,0.956665
dysfunction,5761315,-0.008789,-0.018677,1.061646
dysfunction,5761335,-0.007446,-0.006836,0.988892
dysfunction,5761355,-0.011108,-0.007202,1.000977
dysfunction,5761375,-0.011841,-0.002686,1.001587
dysfunction,5761395,-0.035034,-0.019287,0.948120
dysfunction,5761415,0.108521,0.054199,1.215820
dysfunction,5761435,0.001465,-0.027100,1.260620
dysfunction,5761455,-0.017334,0.014526,0.853760
dysfunction,5761475,-0.000488,0.000610,0.832397
dysfunction,5761495,-0.008179,0.005249,1.037964
dysfunction,5761515,-0.001465,0.007446,1.009155
dysfunction,5761535,-0.015381,-0.003296,1.003296
dysfunction,5761555,-0.013306,-0.004639,0.976074
dysfunction,5761575,-0.011353,-0.007202,0.990479
dysfunction,5761595,-0.009399,-0.011597,1.031128
dysfunction,5761615,-0.010864,0.000977,1.021118
dysfunction,5761635,0.100098,0.238037,0.535767
dysfunction,5761655,0.005249,0.010132,0.832397
dysfunction,5761675,0.016357,0.011963,1.046509
dysfunction,5761695,0.003174,0.034302,0.963379
dysfunction,5761715,0.078857,-0.076782,1.104736
dysfunction,5761735,-0.058350,-0.061523,1.210571
dysfunction,5761755,-0.047363,-0.059692,1.217773
dysfunction,5761775,-0.103760,0.069458,0.913818
dysfunction,5761795,-0.090698,0.078857,0.928223
dysfunction,5761815,0.111450,-0.048950,0.850586
dysfunction,5761835,-0.053467,-0.070190,1.268188
dysfunction,5761855,0.097412,0.213501,0.902832
dysfunction,5761875,-0.145386,0.077515,0.724487
dysfunction,5761895,-0.049316,-0.059937,1.161499
dysfunction,5761915,0.050659,0.018188,0.820923
dysfunction,5761935,0.012939,0.000000,0.840698
dysfunction,5761955,-0.050781,-0.023926,1.180054
dysfunction,5761975,-0.020264,-0.011963,1.163452
dysfunction,5761995,-0.063965,-0.052856,1.177490
dysfunction,5762015,0.001587,0.027710,0.767212
dysfunction,5762035,-0.023804,0.045410,0.765381
dysfunction,5762055,0.038452,-0.038452,1.102051
dysfunction,5762075,-0.017578,-0.044800,0.849731
dysfunction,5762095,-0.097900,-0.068237,1.317017
dysfunction,5762115,-0.042480,-0.104980,1.537476
dysfunction,5762135,-0.105347,0.018677,0.839966
dysfunction,5762155,-0.076294,0.095093,0.714111
dysfunction,5762175,0.090576,-0.048218,0.942139
dysfunction,5762195,-0.000854,-0.052856,1.299194
dysfunction,5762215,-0.006836,-0.031128,1.262329
dysfunction,5762235,-0.120361,0.102905,0.810913
dysfunction,5762255,-0.100098,0.090088,0.875244
dysfunction,5762275,0.088623,-0.016235,0.833740
dysfunction,5762295,0.090088,-0.009888,0.814941
dysfunction,5762315,0.108765,0.251221,0.814209
dysfunction,5762335,-0.166504,0.008423,0.916138
dysfunction,5762355,-0.038574,-0.060791,1.180786
dysfunction,5762375,-0.021118,0.039917,0.957397
dysfunction,5762395,-0.007568,0.001099,1.046631
dysfunction,5762415,-0.007324,0.005981,0.947510
dysfunction,5762435,-0.003540,0.008423,0.952515
dysfunction,5762455,-0.011597,-0.010498,1.075317
dysfunction,5762475,-0.015625,-0.043335,1.229126
dysfunction,5762495,-0.061035,0.069580,0.864868
dysfunction,5762515,0.101807,-0.040771,0.904907
dysfunction,5762535,0.318726,0.264038,0.721436
dysfunction,5762555,-0.153564,-0.066284,1.090210
dysfunction,5762575,-0.035156,0.020020,1.247314
dysfunction,5762595,-0.048828,-0.031372,1.166748
dysfunction,5762615,-0.048828,-0.009399,1.115601
dysfunction,5762635,0.063843,0.033203,0.690063
dysfunction,5762655,0.050781,0.026123,0.706055
dysfunction,5762675,0.046631,-0.007568,1.201660
dysfunction,5762695,-0.074707,-0.005859,1.107544
dysfunction,5762715,-0.063599,-0.038574,1.141479
dysfunction,5762735,-0.017090,0.071533,0.763916
dysfunction,5762755,-0.002930,0.051147,0.448242
dysfunction,5762775,0.077515,0.046143,0.883057
dysfunction,5762795,0.098999,-0.046509,1.078857
dysfunction,5762815,-0.017700,-0.041748,1.189697
dysfunction,5762835,-0.022583,-0.026001,1.127808
dysfunction,5762855,-0.083740,0.121704,0.729614
dysfunction,5762875,0.084106,-0.037109,0.943237
dysfunction,5762895,-0.012329,-0.014038,1.051147
dysfunction,5762915,0.009888,0.006958,0.971680
dysfunction,5762935,-0.006714,-0.005249,0.989258
dysfunction,5762955,-0.004150,0.000854,1.004517
dysfunction,5762975,0.088867,0.254028,0.565430
dysfunction,5762995,-0.087036,-0.108643,1.104126
dysfunction,5763015,-0.082031,-0.072876,1.378418
dysfunction,5763035,-0.062988,0.024536,0.941650
dysfunction,5763055,0.095093,-0.033081,0.862671
dysfunction,5763075,0.093384,-0.045532,0.882690
dysfunction,5763095,-0.044800,-0.064453,1.334351
dysfunction,5763115,-0.035400,-0.059570,1.341797
dysfunction,5763135,-0.106934,0.079346,0.896118
dysfunction,5763155,-0.083740,0.065918,0.938477
dysfunction,5763175,0.075684,-0.004272,0.790039
dysfunction,5763195,0.177734,0.254028,0.298340
dysfunction,5763215,-0.092407,0.044800,1.001099
dysfunction,5763235,-0.124146,0.055542,1.224731
dysfunction,5763255,-0.014893,-0.051880,1.164063
dysfunction,5763275,0.077026,0.008911,0.623535
dysfunction,5763295,0.011719,0.052246,0.691406
dysfunction,5763315,0.043213,-0.021118,1.159790
dysfunction,5763335,0.088379,-0.041138,1.127319
dysfunction,5763355,-0.049316,-0.019043,1.135132
dysfunction,5763375,-0.044800,-0.073486,1.197144
dysfunction,5763395,-0.065796,0.096313,0.768555
dysfunction,5763415,0.097046,-0.034912,1.012085
dysfunction,5763435,0.058716,0.111450,0.609741
dysfunction,5763455,-0.082153,-0.072021,1.244385
dysfunction,5763475,-0.013916,-0.045532,1.198486
dysfunction,5763495,-0.081055,0.100830,0.679077
dysfunction,5763515,-0.058472,0.094482,0.816406
dysfunction,5763535,0.035889,-0.017822,0.911987
dysfunction,5763555,-0.007202,-0.008545,0.953247
dysfunction,5763575,0.009033,-0.001587,0.975708
dysfunction,5763595,0.000244,0.000244,0.993164
dysfunction,5763615,-0.010010,0.001953,1.006592
dysfunction,5763635,-0.013184,0.006836,0.999878
dysfunction,5763655,-0.227783,-0.127319,0.200562
dysfunction,5763675,-0.116333,0.149902,0.524780
dysfunction,5763695,-0.000610,-0.024780,1.173096
dysfunction,5763715,-0.040283,-0.042358,1.015137
dysfunction,5763735,-0.042603,0.012817,0.902222
dysfunction,5763755,-0.024170,0.013672,0.989746
dysfunction,5763775,-0.013184,-0.004639,1.060181
dysfunction,5763795,0.003662,0.008057,1.029297
dysfunction,5763815,-0.006226,0.001099,0.969116
dysfunction,5763835,0.000854,-0.002319,0.996094
dysfunction,5763855,-0.005981,0.003906,1.005127
dysfunction,5763875,-0.103271,-0.083130,0.632935
dysfunction,5763895,-0.090698,-0.025269,0.904053
dysfunction,5763915,0.006348,0.022705,0.865967
dysfunction,5763935,-0.020386,-0.027100,0.987915
dysfunction,5763955,-0.014648,-0.002930,0.949707
dysfunction,5763975,-0.013550,0.002075,0.998657
dysfunction,5763995,-0.011230,-0.004883,1.066162
dysfunction,5764015,-0.002563,0.007324,1.025269
dysfunction,5764035,-0.010620,0.004639,0.964111
dysfunction,5764055,-0.004272,-0.003296,0.990601
dysfunction,5764075,-0.011475,-0.006958,1.011841
dysfunction,5764095,-0.011963,0.001465,0.997925
dysfunction,5764115,0.025146,0.256958,0.255981
dysfunction,5764135,0.057129,0.072021,0.593384
dysfunction,5764155,0.007813,-0.004517,1.052856
dysfunction,5764175,0.005371,-0.003662,1.020752
dysfunction,5764195,-0.009888,-0.017456,1.058594
dysfunction,5764215,-0.009521,0.006226,0.982422
dysfunction,5764235,-0.016235,0.009277,0.970947
dysfunction,5764255,-0.007813,-0.004883,1.052246
dysfunction,5764275,-0.007446,0.000244,0.981567
dysfunction,5764295,-0.005249,-0.007080,0.998413
dysfunction,5764315,-0.011719,-0.002808,1.002441
dysfunction,5764335,-0.014160,-0.012451,1.004150
dysfunction,5764355,0.095337,-0.181274,1.702026
dysfunction,5764375,0.014282,0.008057,1.152588
dysfunction,5764395,-0.027344,-0.024658,0.877075
dysfunction,5764415,-0.004883,-0.039795,0.846069
dysfunction,5764435,-0.014404,-0.011841,1.041504
dysfunction,5764455,0.002563,0.012207,0.976196
dysfunction,5764475,-0.012085,0.002075,0.995728
dysfunction,5764495,-0.001587,0.001465,0.999268
dysfunction,5764515,-0.005737,-0.003540,0.995972
dysfunction,5764535,-0.003662,-0.005371,1.024414
dysfunction,5764555,-0.010010,0.002319,1.009155
dysfunction,5764575,-0.007324,0.004761,0.990112
dysfunction,5764595,-0.323120,-0.607544,2.542969
dysfunction,5764615,-0.079346,-0.058594,1.110474
dysfunction,5764635,-0.042358,-0.091431,1.079590
dysfunction,5764655,-0.068237,-0.050171,1.114014
dysfunction,5764675,0.005981,0.028564,0.921509
dysfunction,5764695,0.001953,-0.015991,0.962158
dysfunction,5764715,-0.001953,0.009155,0.880127
dysfunction,5764735,0.034180,-0.015869,0.828003
dysfunction,5764755,-0.019653,-0.029663,1.236450
dysfunction,5764775,-0.044556,0.013184,0.995361
dysfunction,5764795,-0.083130,0.023560,1.012451
dysfunction,5764815,-0.015381,-0.097168,0.621826
dysfunction,5764835,0.130493,-0.042236,0.731812
dysfunction,5764855,0.024414,-0.103882,1.492554
dysfunction,5764875,0.091187,-0.029541,1.231934
dysfunction,5764895,-0.021118,0.034424,0.953613
dysfunction,5764915,-0.061523,-0.046753,1.144775
dysfunction,5764935,-0.053711,0.081055,0.724854
dysfunction,5764955,0.113892,-0.014160,1.036133
dysfunction,5764975,0.119751,-0.051636,1.019043
dysfunction,5764995,-0.078369,-0.078003,1.251465
dysfunction,5765015,-0.088013,-0.063965,1.262817
dysfunction,5765035,-0.083496,0.068481,0.868652
dysfunction,5765055,-0.290405,-0.091675,0.317383
dysfunction,5765075,-0.125122,0.076294,0.250732
dysfunction,5765095,0.001953,-0.072021,1.085327
dysfunction,5765115,-0.003052,0.024292,1.167236
dysfunction,5765135,-0.064697,0.072754,0.844604
dysfunction,5765155,-0.051392,0.024414,0.974121
dysfunction,5765175,0.030396,0.012329,0.819702
dysfunction,5765195,0.053101,0.023926,0.750000
dysfunction,5765215,0.002686,-0.041748,1.152832
dysfunction,5765235,-0.019043,-0.017090,0.995728
dysfunction,5765255,-0.008789,-0.000366,1.005493
dysfunction,5765275,-0.013550,0.011353,1.013672
dysfunction,5765295,-0.155151,-0.097778,0.502197
dysfunction,5765315,-0.207642,-0.087402,0.799683
dysfunction,5765335,-0.049805,-0.019287,1.073364
dysfunction,5765355,0.028564,-0.026123,1.131836
dysfunction,5765375,0.036865,-0.013306,1.123291
dysfunction,5765395,-0.059937,-0.067505,1.205688
dysfunction,5765415,-0.073120,-0.060913,1.190918
dysfunction,5765435,-0.071289,0.051025,0.782349
dysfunction,5765455,0.090210,-0.040894,0.784302
dysfunction,5765475,0.101685,-0.049316,1.017212
dysfunction,5765495,-0.055420,-0.074585,1.236938
dysfunction,5765515,-0.050537,-0.040283,1.225586
dysfunction,5765535,-0.253540,-0.429077,2.290894
dysfunction,5765555,-0.127808,0.086060,0.862427
dysfunction,5765575,0.176636,-0.049561,0.804687
dysfunction,5765595,0.126831,-0.052002,0.763550
dysfunction,5765615,-0.029419,-0.038452,1.326294
dysfunction,5765635,-0.127441,0.105469,0.894043
dysfunction,5765655,-0.143799,0.081909,0.943481
dysfunction,5765675,0.096191,-0.033081,0.803467
dysfunction,5765695,0.068237,0.000732,0.767090
dysfunction,5765715,-0.005249,-0.031616,1.197388
dysfunction,5765735,-0.029785,-0.023804,1.078735
dysfunction,5765755,-0.050293,-0.071655,1.761963
dysfunction,5765775,-0.173096,0.019043,1.356689
dysfunction,5765795,0.027588,-0.004395,0.753052
dysfunction,5765815,0.063110,-0.023682,1.163574
dysfunction,5765835,0.078491,-0.023804,1.108032
dysfunction,5765855,-0.041382,-0.015015,1.150635
dysfunction,5765875,-0.077026,-0.014648,1.164917
dysfunction,5765895,-0.086670,0.062500,0.805420
dysfunction,5765915,-0.084473,0.087280,0.809326
dysfunction,5765935,0.127197,-0.063599,0.956299
dysfunction,5765955,0.137085,-0.043701,0.930176
dysfunction,5765975,-0.041748,-0.040039,1.196167
dysfunction,5765995,-0.158081,0.035400,0.854858
dysfunction,5766015,0.036499,0.123535,0.448608
dysfunction,5766035,0.029907,0.000732,1.249512
dysfunction,5766055,0.048340,0.001221,1.020752
dysfunction,5766075,0.002930,0.055420,0.815186
dysfunction,5766095,0.011597,0.015869,0.983887
dysfunction,5766115,-0.008057,0.012085,0.992432
dysfunction,5766135,-0.016846,-0.007935,1.057983
dysfunction,5766155,-0.007690,-0.007324,0.990356
dysfunction,5766175,-0.004761,-0.012329,0.997803
dysfunction,5766195,-0.013550,-0.000854,1.003052
dysfunction,5766215,-0.012573,0.004517,1.008179
dysfunction,5766235,-0.003540,0.000000,1.017090
dysfunction,5766255,-0.208984,-0.472656,2.652710
dysfunction,5766275,-0.034668,-0.024414,1.031006
dysfunction,5766295,0.067627,0.066650,0.861328
dysfunction,5766315,0.023071,0.000244,0.923584
dysfunction,5766335,-0.005127,0.016479,1.037231
dysfunction,5766355,-0.015259,-0.007202,0.988403
dysfunction,5766375,-0.016479,0.002075,0.973999
dysfunction,5766395,-0.002808,-0.002075,1.033203
dysfunction,5766415,-0.008911,-0.013306,1.000244
dysfunction,5766435,-0.002930,-0.004150,1.009033
dysfunction,5766455,-0.014771,0.009521,0.990845
dysfunction,5766475,-0.006836,0.002075,0.998169
dysfunction,5766495,-0.141113,0.139282,2.104248
dysfunction,5766515,-0.079834,-0.064697,0.978271
dysfunction,5766535,0.010986,-0.025635,1.127441
dysfunction,5766555,0.010132,-0.029541,1.169067
dysfunction,5766575,-0.013428,0.000366,1.006348
dysfunction,5766595,0.011108,0.005005,0.964111
dysfunction,5766615,-0.008667,-0.000488,0.967041
dysfunction,5766635,-0.019775,-0.001221,1.011108
dysfunction,5766655,-0.004639,-0.009155,1.024536
dysfunction,5766675,-0.001099,-0.007080,0.993408
dysfunction,5766695,-0.015503,0.003662,0.990845
dysfunction,5766715,-0.003906,-0.000366,1.014771
dysfunction,5766735,-0.005127,-0.001099,1.005981
dysfunction,5766755,-0.006348,0.003418,1.012329
dysfunction,5766775,-0.004517,-0.005127,1.007324
dysfunction,5766795,-0.004517,-0.002930,0.996094
dysfunction,5766815,-0.010010,0.002563,0.998291
dysfunction,5766835,-0.006226,0.000854,0.997192
dysfunction,5766855,-0.002075,-0.001953,1.013794
dysfunction,5766875,-0.017456,-0.018311,1.122192
dysfunction,5766895,-0.007813,-0.052002,1.072388
dysfunction,5766915,-0.049561,-0.017334,1.047852
dysfunction,5766935,0.001465,0.061646,0.726807
dysfunction,5766955,-0.018799,0.067017,0.717041
dysfunction,5766975,0.050171,-0.005005,1.161987
dysfunction,5766995,0.053955,-0.033936,1.131958
dysfunction,5767015,-0.028320,-0.044434,1.183228
dysfunction,5767035,-0.059204,0.075439,0.761475
dysfunction,5767055,-0.065674,0.085815,0.768677
dysfunction,5767075,0.101318,-0.037842,1.010742
dysfunction,5767095,0.136841,-0.045532,0.968506
dysfunction,5767115,-0.069214,-0.067505,1.260864
dysfunction,5767135,-0.088745,-0.069336,1.286011
dysfunction,5767155,-0.078369,0.054077,0.870605
dysfunction,5767175,0.150024,0.052124,0.895264
dysfunction,5767195,0.137939,-0.012695,0.839233
dysfunction,5767215,-0.055664,-0.035156,1.259644
dysfunction,5767235,-0.046753,-0.030884,1.243408
dysfunction,5767255,-0.097778,0.024414,0.982178
dysfunction,5767275,-0.100464,0.010864,1.016602
dysfunction,5767295,0.087402,0.015259,0.785400
dysfunction,5767315,0.075195,0.009766,0.792847
dysfunction,5767335,0.023315,0.000610,1.141235
dysfunction,5767355,-0.121948,-0.019043,1.124390
dysfunction,5767375,-0.112305,-0.038086,1.115967
dysfunction,5767395,0.010864,0.059204,0.783203
dysfunction,5767415,0.002441,0.053345,0.773315
dysfunction,5767435,0.037476,-0.024414,1.115845
dysfunction,5767455,-0.015015,-0.042725,1.080933
dysfunction,5767475,0.011230,0.006226,1.003418
dysfunction,5767495,0.002563,0.001953,1.000122
dysfunction,5767515,-0.005981,0.000122,1.005371
dysfunction,5767535,-0.009399,-0.002075,1.000977
dysfunction,5767555,-0.008667,0.000000,1.001587
dysfunction,5767575,-0.008057,-0.000977,1.001587
dysfunction,5767595,-0.007813,-0.000122,1.001465
dysfunction,5767615,-0.008789,-0.000977,1.001831
dysfunction,5767635,-0.007813,-0.002319,1.001343
dysfunction,5767655,-0.008179,-0.001953,1.000732
dysfunction,5767675,-0.007324,-0.002075,1.002441
dysfunction,5767695,-0.008179,-0.000977,1.003174
dysfunction,5767715,-0.008545,-0.000732,1.001221
dysfunction,5767735,-0.007690,-0.000610,1.001099
dysfunction,5767755,-0.008545,-0.000854,1.000610
dysfunction,5767775,-0.007324,-0.001343,1.002563
dysfunction,5767795,-0.007690,-0.002686,1.003174
dysfunction,5767815,-0.007935,-0.001831,1.001587
dysfunction,5767835,-0.007446,-0.001099,1.001465
dysfunction,5767855,-0.008057,-0.001465,1.000854
dysfunction,5767875,-0.007568,-0.000854,1.000977
dysfunction,5767895,-0.008545,-0.000854,1.001953
dysfunction,5767915,-0.009277,-0.001099,1.000977
dysfunction,5767935,-0.008789,-0.001099,1.001831
dysfunction,5767955,-0.008789,-0.000732,1.002075
dysfunction,5767975,-0.007568,-0.000732,1.000977
dysfunction,5767995,-0.007690,-0.001099,1.001221
dysfunction,5768015,-0.007690,-0.001587,1.000854
dysfunction,5768035,-0.008667,-0.001343,1.001221
dysfunction,5768055,-0.008667,-0.000732,1.001709
dysfunction,5768075,-0.007935,-0.000488,1.000854
dysfunction,5768095,-0.007935,-0.000488,1.001953
dysfunction,5768115,-0.007324,-0.001953,1.003784
dysfunction,5768135,-0.008789,-0.000610,1.001953
dysfunction,5768155,-0.008179,-0.000854,1.002075
dysfunction,5768175,-0.008911,-0.001099,1.001709
dysfunction,5768195,-0.008667,-0.001099,1.001465
dysfunction,5768215,-0.009155,-0.000977,1.001099
dysfunction,5768235,-0.008301,-0.001343,1.002441
dysfunction,5768255,-0.008423,-0.001465,1.000854
dysfunction,5768275,-0.008911,-0.001709,1.001343
dysfunction,5768295,-0.008423,-0.002319,1.001465
dysfunction,5768315,-0.009033,-0.002075,1.002319
dysfunction,5768335,-0.446045,-0.082397,-0.061035
dysfunction,5768355,-0.123901,-0.035034,0.782227
dysfunction,5768375,-0.015381,-0.000854,1.094482
dysfunction,5768395,-0.086182,-0.106201,1.005737
dysfunction,5768415,-0.192383,-0.135132,1.304443
dysfunction,5768435,0.043213,0.056519,0.761353
dysfunction,5768455,0.022095,0.083984,0.749634
dysfunction,5768475,0.158936,-0.002808,1.046021
dysfunction,5768495,0.174683,-0.001343,0.995850
dysfunction,5768515,-0.134766,-0.065430,1.180542
dysfunction,5768535,-0.151978,-0.096436,1.082031
dysfunction,5768555,-0.020508,0.057129,0.743286
dysfunction,5768575,0.210815,0.012817,0.803467
dysfunction,5768595,0.214966,0.005737,0.845825
dysfunction,5768615,-0.115479,-0.026123,1.289551
dysfunction,5768635,-0.106689,-0.025146,1.254639
dysfunction,5768655,-0.120239,0.031372,0.910767
dysfunction,5768675,-0.111328,0.036621,0.935547
dysfunction,5768695,0.150024,0.001831,0.814819
dysfunction,5768715,0.151123,0.011719,0.817505
dysfunction,5768735,-0.013062,0.020264,1.126831
dysfunction,5768755,0.841553,0.115967,2.292725
dysfunction,5768775,0.165894,0.158813,0.880127
dysfunction,5768795,0.235840,0.088013,0.493774
dysfunction,5768815,0.033813,0.005981,0.782959
dysfunction,5768835,0.058350,0.015869,1.189575
dysfunction,5768855,0.077515,0.017090,1.139160
dysfunction,5768875,-0.103760,0.009399,1.020020
dysfunction,5768895,0.000244,0.004395,0.959839
dysfunction,5768915,-0.011108,-0.000610,1.003662
dysfunction,5768935,-0.004150,-0.004639,1.010376
dysfunction,5768955,0.540405,0.846680,0.806641
dysfunction,5768975,-0.080933,0.105713,0.606079
dysfunction,5768995,-0.052002,-0.018677,0.905273
dysfunction,5769015,-0.016113,0.009155,0.904419
dysfunction,5769035,-0.034546,0.028809,0.902954
dysfunction,5769055,0.043945,-0.000366,1.062134
dysfunction,5769075,-0.079590,0.008789,1.020020
dysfunction,5769095,-0.089233,-0.061768,1.236694
dysfunction,5769115,-0.076538,0.040039,0.862671
dysfunction,5769135,-0.069824,0.055908,0.884644
dysfunction,5769155,0.153076,-0.035522,0.953125
dysfunction,5769175,-0.514526,-0.366943,1.622437
dysfunction,5769195,-0.347778,-0.246826,1.192139
dysfunction,5769215,-0.171631,0.059814,0.939819
dysfunction,5769235,-0.099854,0.089355,1.000854
dysfunction,5769255,0.109253,-0.043945,1.005859
dysfunction,5769275,0.135864,-0.053589,0.871094
dysfunction,5769295,-0.032471,-0.043579,1.187988
dysfunction,5769315,-0.031372,-0.038818,1.215332
dysfunction,5769335,-0.105835,0.025635,1.037720
dysfunction,5769355,-0.095215,0.011841,1.051147
dysfunction,5769375,0.071777,0.004150,0.771484
dysfunction,5769395,-0.343140,-0.465210,0.163574
dysfunction,5769415,-0.065308,0.119019,0.544067
dysfunction,5769435,-0.072754,-0.158447,1.394653
dysfunction,5769455,-0.008667,-0.000244,0.975342
dysfunction,5769475,-0.029419,0.002441,0.866821
dysfunction,5769495,-0.030762,0.034912,0.839600
dysfunction,5769515,-0.060913,-0.067261,1.403320
dysfunction,5769535,-0.026611,-0.065918,1.343750
dysfunction,5769555,-0.091797,0.106079,0.813599
dysfunction,5769575,-0.074219,0.072144,0.890747
dysfunction,5769595,0.092041,0.003296,0.807251
dysfunction,5769615,0.126343,-0.284546,2.147095
dysfunction,5769635,-0.017944,-0.057373,1.175781
dysfunction,5769655,-0.021362,0.246094,0.633789
dysfunction,5769675,-0.059814,-0.002808,1.014648
dysfunction,5769695,-0.004150,0.057129,0.803955
dysfunction,5769715,-0.001099,0.053955,0.793335
dysfunction,5769735,0.018555,-0.002563,1.137207
dysfunction,5769755,0.053833,-0.006592,1.106445
dysfunction,5769775,-0.071899,-0.076538,1.236816
dysfunction,5769795,0.010376,0.067139,0.850708
dysfunction,5769815,0.001465,0.011719,0.997681
dysfunction,5769835,0.477173,0.093018,1.769287
dysfunction,5769855,0.031494,0.007202,0.885254
dysfunction,5769875,0.031616,0.113892,0.784180
dysfunction,5769895,0.033569,0.069824,0.858032
dysfunction,5769915,-0.085327,-0.097656,1.396118
dysfunction,5769935,-0.088013,-0.080078,1.357300
dysfunction,5769955,-0.027344,0.108398,0.679321
dysfunction,5769975,0.137939,-0.012207,0.942993
dysfunction,5769995,0.127808,-0.028442,0.897461
dysfunction,5770015,-0.082031,-0.068115,1.306274
dysfunction,5770035,0.687744,0.301514,2.764771
dysfunction,5770055,-0.017700,0.049438,1.314575
dysfunction,5770075,-0.028809,0.199951,0.467651
dysfunction,5770095,0.035278,0.013550,0.890381
dysfunction,5770115,0.003784,0.039307,0.802734
dysfunction,5770135,-0.036255,-0.023560,1.198853
dysfunction,5770155,-0.031250,-0.006226,1.036255
dysfunction,5770175,-0.056152,-0.038696,1.137573
dysfunction,5770195,0.034302,0.042236,0.742798
dysfunction,5770215,-0.020020,-0.015381,1.023438
dysfunction,5770235,-0.013916,-0.011108,0.989990
dysfunction,5770255,-0.008789,-0.011108,0.985596
dysfunction,5770275,-0.129395,0.144897,0.723511
dysfunction,5770295,-0.002808,0.004517,1.413574
dysfunction,5770315,0.013794,0.117065,0.771484
dysfunction,5770335,-0.048218,-0.011841,1.122803
dysfunction,5770355,-0.055908,-0.039551,1.210693
dysfunction,5770375,0.028809,-0.044556,1.092896
dysfunction,5770395,0.025757,-0.048828,1.092773
dysfunction,5770415,0.015259,0.100708,0.635254
dysfunction,5770435,0.039795,0.082153,0.644897
dysfunction,5770455,-0.025391,-0.015259,1.224121
dysfunction,5770475,0.663330,0.322998,1.746826
dysfunction,5770495,0.053955,0.028564,0.842163
dysfunction,5770515,0.080322,0.160645,0.556763
dysfunction,5770535,0.005981,0.114014,0.645386
dysfunction,5770555,0.065430,0.002441,1.140259
dysfunction,5770575,0.090088,-0.017822,1.104004
dysfunction,5770595,-0.066284,-0.067139,1.194336
dysfunction,5770615,-0.115356,-0.079102,1.280273
dysfunction,5770635,-0.038696,0.075806,0.842041
dysfunction,5770655,0.153931,0.008179,0.863892
dysfunction,5770675,0.162964,0.020752,0.838745
dysfunction,5770695,-0.458862,-0.381958,0.591309
dysfunction,5770715,-0.204468,-0.170776,1.078247
dysfunction,5770735,-0.129272,-0.175537,1.433105
dysfunction,5770755,-0.052246,-0.039429,1.230713
dysfunction,5770775,0.138672,0.050781,0.734985
dysfunction,5770795,0.124634,0.083130,0.662720
dysfunction,5770815,-0.063965,-0.015869,1.243408
dysfunction,5770835,-0.074463,-0.078857,1.183105
dysfunction,5770855,-0.041138,-0.062012,1.164795
dysfunction,5770875,0.034058,0.092407,0.672974
dysfunction,5770895,-0.012329,0.001343,0.983643
dysfunction,5770915,-0.510864,-0.510010,-0.221924
dysfunction,5770935,-0.214233,-0.181885,0.792114
dysfunction,5770955,-0.065430,-0.138428,1.286255
dysfunction,5770975,-0.052979,-0.039307,1.154053
dysfunction,5770995,0.000000,0.011597,1.001099
dysfunction,5771015,0.001831,0.026123,0.937256
dysfunction,5771035,-0.004272,0.011963,0.955811
dysfunction,5771055,0.001465,-0.002930,1.066650
dysfunction,5771075,-0.008423,-0.002441,1.034546
dysfunction,5771095,-0.003418,0.001831,0.991211
dysfunction,5771115,-0.004150,0.004883,0.984863
dysfunction,5771135,-0.159668,-0.267578,0.620605
dysfunction,5771155,-0.110718,-0.212646,1.238159
dysfunction,5771175,-0.041748,-0.066528,1.406738
dysfunction,5771195,-0.019165,-0.012573,0.979858
dysfunction,5771215,-0.008667,-0.019775,1.019043
dysfunction,5771235,-0.029785,-0.023437,1.041992
dysfunction,5771255,-0.001221,0.006958,0.993408
dysfunction,5771275,-0.004517,-0.005371,1.041504
dysfunction,5771295,-0.010010,-0.001343,1.026978
dysfunction,5771315,-0.009277,0.004150,0.981079
dysfunction,5771335,-0.005371,0.001221,0.978760
dysfunction,5771355,0.991089,0.774658,1.804688
dysfunction,5771375,-0.131470,0.119995,0.939697
dysfunction,5771395,0.012573,0.081055,0.696167
dysfunction,5771415,-0.024292,-0.047852,1.163696
dysfunction,5771435,0.005615,0.001099,1.107666
dysfunction,5771455,-0.003418,0.012939,0.941284
dysfunction,5771475,-0.001953,0.012939,0.930786
dysfunction,5771495,-0.005859,-0.004150,1.057007
dysfunction,5771515,-0.089600,-0.031494,1.066406
dysfunction,5771535,0.169067,-0.005127,0.922363
dysfunction,5771555,0.008667,0.000732,1.073486
dysfunction,5771575,-0.085449,0.012207,1.295166
dysfunction,5771595,-0.065430,0.017578,0.950562
dysfunction,5771615,-0.068115,0.044800,0.930664
dysfunction,5771635,0.053101,-0.027222,0.908569
dysfunction,5771655,0.043335,-0.034058,0.860840
dysfunction,5771675,0.011353,-0.008057,1.195557
dysfunction,5771695,-0.044067,-0.003662,1.034180
dysfunction,5771715,-0.075073,-0.021973,1.139893
dysfunction,5771735,0.061279,0.060181,0.746826
dysfunction,5771755,0.052246,0.058716,0.750488
dysfunction,5771775,0.096802,0.015137,1.067749
dysfunction,5771795,0.091431,-0.030029,1.010742
dysfunction,5771815,-0.121826,-0.059448,1.281982
dysfunction,5771835,-0.152588,-0.059814,1.276123
dysfunction,5771855,-0.001953,0.062622,0.792358
dysfunction,5771875,0.163696,0.005859,0.933716
dysfunction,5771895,0.178223,-0.022217,0.927246
dysfunction,5771915,-0.125732,-0.063232,1.262695
dysfunction,5771935,-0.134033,-0.043579,1.250488
dysfunction,5771955,-0.098999,0.046265,0.932007
dysfunction,5771975,-0.123169,0.034668,0.940063
dysfunction,5771995,0.201782,0.003052,0.832520
dysfunction,5772015,-0.361572,0.201782,0.488770
dysfunction,5772035,-0.072998,-0.086426,1.029419
dysfunction,5772055,-0.012695,-0.006592,0.894409
dysfunction,5772075,-0.031982,-0.001465,0.979980
