label,t_ms,ax,ay,az
normal,5215835,0.003540,0.017334,0.988892
normal,5215855,-0.002197,0.039917,0.998169
normal,5215875,0.012573,0.063843,1.005249
normal,5215895,0.049438,-0.031372,1.101318
normal,5215915,0.053223,-0.029785,1.104736
normal,5215935,-0.035156,0.003540,0.932251
normal,5215955,-0.005005,0.077393,0.958252
normal,5215975,-0.010376,0.079590,0.948120
normal,5215995,0.060303,-0.012207,1.106567
normal,5216015,0.061401,-0.005615,1.103149
normal,5216035,-0.016235,-0.028320,0.979614
normal,5216055,-0.010498,-0.035156,0.994751
normal,5216075,-0.029541,0.075439,0.913452
normal,5216095,-0.032593,0.071289,0.909546
normal,5216115,0.053467,0.027954,1.076050
normal,5216135,0.007446,-0.046021,1.030640
normal,5216155,0.016235,-0.046997,1.044922
normal,5216175,-0.040405,0.058350,0.900757
normal,5216195,-0.041626,0.052002,0.902710
normal,5216215,0.033936,0.057373,1.032715
normal,5216235,0.031006,0.061768,1.025391
normal,5216255,0.038696,-0.043823,1.085327
normal,5216275,0.051758,-0.040649,1.091064
normal,5216295,-0.040283,0.023560,0.916870
normal,5216315,0.010132,0.074219,0.983032
normal,5216335,0.005005,0.076294,0.974854
normal,5216355,0.055176,-0.026978,1.105103
normal,5216375,0.057495,-0.020752,1.106934
normal,5216395,-0.028931,-0.010254,0.952515
normal,5216415,-0.023071,-0.019287,0.967407
normal,5216435,-0.020386,0.065430,0.933716
normal,5216455,0.006714,0.014893,0.999146
normal,5216475,0.006958,0.018188,1.001587
normal,5216495,0.007813,0.018799,1.003174
normal,5216515,0.006348,0.017090,1.000854
normal,5216535,0.007690,0.017456,1.000854
normal,5216555,0.006958,0.017212,1.001709
normal,5216575,0.006836,0.018066,1.001221
normal,5216595,0.006348,0.017334,1.001221
normal,5216615,0.007202,0.018066,1.000732
normal,5216635,0.007080,0.017700,1.001099
normal,5216655,0.006714,0.017578,1.000977
normal,5216675,0.006348,0.017090,1.000977
normal,5216695,0.007202,0.017578,1.000854
normal,5216715,0.006348,0.016968,1.000854
normal,5216735,0.006714,0.017700,1.000854
normal,5216755,0.006226,0.017578,1.000732
normal,5216775,0.005737,0.017822,1.001221
normal,5216795,0.006470,0.017456,1.000977
normal,5216815,0.006836,0.017578,1.001099
normal,5216835,0.008057,0.017212,1.000977
normal,5216855,0.007080,0.016968,1.000732
normal,5216875,0.006470,0.017700,1.000854
normal,5216895,0.010376,0.011353,1.008423
normal,5216915,0.028564,-0.024170,1.036255
normal,5216935,-0.040771,0.055176,0.901123
normal,5216955,-0.041748,0.052124,0.902832
normal,5216975,0.036743,0.054565,1.041992
normal,5216995,0.029541,-0.045654,1.069336
normal,5217015,0.036499,-0.043701,1.081421
normal,5217035,-0.042358,0.033691,0.909302
normal,5217055,-0.041504,0.024658,0.915039
normal,5217075,0.012207,0.073242,0.989868
normal,5217095,0.006592,0.074707,0.979858
normal,5217115,0.054443,-0.028076,1.104370
normal,5217135,0.056519,-0.024902,1.106689
normal,5217155,-0.030029,-0.007935,0.948364
normal,5217175,-0.011475,0.079468,0.942139
normal,5217195,-0.016235,0.077881,0.935913
normal,5217215,0.060547,-0.003418,1.101318
normal,5217235,0.060181,0.002319,1.098633
normal,5217255,-0.010132,-0.035522,0.996094
normal,5217275,-0.003174,-0.041504,1.009521
normal,5217295,-0.032837,0.071289,0.908325
normal,5217315,0.052734,0.065674,0.904663
normal,5217335,0.050049,0.036743,1.066284
normal,5217355,0.015991,-0.047119,1.044800
normal,5217375,0.022583,-0.048096,1.057617
normal,5217395,-0.010132,0.030640,0.985718
normal,5217415,0.004150,0.016235,1.003540
normal,5217435,0.006470,0.016968,1.000854
normal,5217455,0.006470,0.017578,1.001465
normal,5217475,0.009277,0.026001,1.007324
normal,5217495,0.029541,0.045410,1.054565
normal,5217515,0.020752,-0.046509,1.047729
normal,5217535,-0.040894,0.053467,0.899780
normal,5217555,-0.041138,0.046265,0.904907
normal,5217575,0.031982,0.059326,1.030029
normal,5217595,0.024292,0.066528,1.013428
normal,5217615,0.041016,-0.041138,1.089355
normal,5217635,0.046875,-0.036865,1.096069
normal,5217655,-0.039429,0.015259,0.923340
normal,5217675,0.006348,0.075684,0.977783
normal,5217695,-0.001831,0.077759,0.962524
normal,5217715,0.057617,-0.023071,1.106079
normal,5217735,0.058350,-0.015991,1.106079
normal,5217755,-0.025146,-0.016479,0.963379
normal,5217775,-0.020630,-0.023926,0.972412
normal,5217795,-0.023071,0.077026,0.924316
normal,5217815,-0.025757,0.074829,0.919067
normal,5217835,0.057861,0.014038,1.089355
normal,5217855,-0.001221,-0.041504,1.013062
normal,5217875,0.003906,-0.045288,1.021851
normal,5217895,-0.036743,0.066040,0.904907
normal,5217915,-0.039551,0.062134,0.902222
normal,5217935,0.044556,0.046753,1.055420
normal,5217955,0.038086,0.052979,1.043213
normal,5217975,0.028320,-0.046875,1.068726
normal,5217995,0.036255,-0.045288,1.081055
normal,5218015,-0.042603,0.036499,0.907715
normal,5218035,0.021362,0.067505,1.007202
normal,5218055,0.014526,0.072266,0.994019
normal,5218075,0.032593,-0.018433,1.055176
normal,5218095,0.006958,0.016724,1.002197
normal,5218115,0.005981,0.016724,1.001343
normal,5218135,0.008911,0.016479,1.003906
normal,5218155,0.007690,0.018066,1.001953
normal,5218175,0.006592,0.017700,1.001831
normal,5218195,0.007568,0.018188,1.002441
normal,5218215,0.005981,0.017090,1.000610
normal,5218235,0.006958,0.017456,1.001099
normal,5218255,0.006958,0.016724,1.002075
normal,5218275,0.006958,0.017578,1.001465
normal,5218295,0.006958,0.017456,1.001099
normal,5218315,0.007080,0.017700,1.001465
normal,5218335,0.006470,0.017578,1.001465
normal,5218355,0.007813,0.016724,1.001343
normal,5218375,0.007202,0.018433,1.000977
normal,5218395,0.007568,0.017456,1.001953
normal,5218415,0.006470,0.016846,1.001465
normal,5218435,0.006104,0.017578,1.001221
normal,5218455,0.007080,0.017090,1.000977
normal,5218475,0.006592,0.017700,1.000854
normal,5218495,0.007080,0.017334,1.001221
normal,5218515,0.005615,0.016479,1.002075
normal,5218535,-0.004883,0.021973,1.038696
normal,5218555,-0.039429,0.042969,0.907349
normal,5218575,0.039063,0.050659,1.051392
normal,5218595,0.032715,0.057983,1.034790
normal,5218615,0.034424,-0.045044,1.076416
normal,5218635,0.040039,-0.042725,1.084961
normal,5218655,-0.041138,0.027222,0.913208
normal,5218675,-0.040161,0.021240,0.917725
normal,5218695,0.009155,0.075439,0.982422
normal,5218715,0.052979,-0.031494,1.103149
normal,5218735,0.056152,-0.026123,1.105713
normal,5218755,-0.031006,-0.005737,0.946533
normal,5218775,-0.027954,-0.011719,0.954834
normal,5218795,-0.014160,0.077515,0.938477
normal,5218815,-0.019775,0.077759,0.929810
normal,5218835,0.060669,0.000854,1.100342
normal,5218855,0.059326,0.009521,1.093018
normal,5218875,-0.006470,-0.038208,1.004761
normal,5218895,-0.032593,0.069824,0.909058
normal,5218915,-0.035034,0.068237,0.906372
normal,5218935,0.051880,0.033813,1.070313
normal,5218955,0.046997,0.042969,1.058350
normal,5218975,0.019531,-0.047485,1.051270
normal,5218995,0.026978,-0.046875,1.065308
normal,5219015,-0.033081,0.040649,0.917603
normal,5219035,0.010254,0.016602,0.999634
normal,5219055,0.007813,0.017212,1.001343
normal,5219075,0.004761,0.018433,1.001831
normal,5219095,0.006714,0.014404,1.001831
normal,5219115,-0.016724,0.031006,0.955200
normal,5219135,-0.039917,0.051147,0.906128
normal,5219155,0.043579,0.044434,1.058105
normal,5219175,0.037720,0.052979,1.041260
normal,5219195,0.028320,-0.045532,1.067383
normal,5219215,0.051270,-0.043945,1.078369
normal,5219235,-0.042358,0.035278,0.909058
normal,5219255,0.021851,0.066284,1.008179
normal,5219275,0.014404,0.071411,0.992554
normal,5219295,0.049194,-0.036011,1.098877
normal,5219315,0.053223,-0.029419,1.103516
normal,5219335,-0.034790,0.002808,0.937500
normal,5219355,-0.031128,-0.005127,0.946655
normal,5219375,-0.010010,0.078979,0.945068
normal,5219395,0.059692,0.080444,0.937866
normal,5219415,0.060303,-0.005981,1.102905
normal,5219435,-0.015503,-0.029297,0.983154
normal,5219455,-0.011475,-0.033691,0.993164
normal,5219475,-0.029541,0.073730,0.913086
normal,5219495,-0.032104,0.071045,0.908325
normal,5219515,0.053101,0.027466,1.077271
normal,5219535,0.049683,0.036255,1.067139
normal,5219555,0.014404,-0.047241,1.041748
normal,5219575,-0.039429,0.056519,0.901733
normal,5219595,-0.040527,0.052734,0.902588
normal,5219615,0.036133,0.055908,1.037109
normal,5219635,0.029053,0.061890,1.023438
normal,5219655,0.037598,-0.043091,1.083984
normal,5219675,0.043579,-0.040039,1.092407
normal,5219695,-0.041626,0.023560,0.916870
normal,5219715,0.000732,0.017700,1.007446
normal,5219735,0.008423,0.016724,1.000854
normal,5219755,0.006226,0.020264,0.999878
normal,5219775,0.006348,0.016602,1.000732
normal,5219795,0.005615,0.017090,1.000854
normal,5219815,0.008057,0.017822,1.000854
normal,5219835,0.007568,0.016968,1.002319
normal,5219855,0.006226,0.017212,1.001099
normal,5219875,0.006226,0.017090,1.000732
normal,5219895,0.006104,0.017456,1.001099
normal,5219915,0.006836,0.017822,1.000854
normal,5219935,0.006836,0.017456,1.001099
normal,5219955,0.006348,0.017334,1.001099
normal,5219975,0.006226,0.017334,1.000977
normal,5219995,0.006714,0.017090,1.000854
normal,5220015,0.007324,0.017212,1.000732
normal,5220035,0.006958,0.016846,1.000854
normal,5220055,0.006836,0.017456,1.001953
normal,5220075,0.006104,0.016724,1.001343
normal,5220095,0.006470,0.017090,1.001953
normal,5220115,0.006958,0.017456,1.001099
normal,5220135,0.006958,0.018066,1.001221
normal,5220155,0.015381,0.014771,1.016846
normal,5220175,0.054810,-0.007568,1.093262
normal,5220195,-0.032959,-0.002808,0.935791
normal,5220215,-0.028442,-0.010742,0.952881
normal,5220235,-0.013062,0.077515,0.942627
normal,5220255,0.062012,0.077148,0.933716
normal,5220275,0.060181,0.000610,1.100342
normal,5220295,-0.014282,-0.031006,0.986572
normal,5220315,-0.007690,-0.038208,1.002197
normal,5220335,-0.031372,0.072510,0.910156
normal,5220355,-0.034058,0.068848,0.908691
normal,5220375,0.050903,0.032959,1.071777
normal,5220395,0.048462,0.039307,1.064331
normal,5220415,0.018921,-0.047241,1.049438
normal,5220435,-0.040649,0.054565,1.061523
normal,5220455,-0.042480,0.049927,0.902588
normal,5220475,0.031738,0.059326,1.027710
normal,5220495,0.027222,0.062744,1.017944
normal,5220515,0.041138,-0.040771,1.088257
normal,5220535,0.045166,-0.038818,1.095947
normal,5220555,-0.040283,0.019165,0.921753
normal,5220575,-0.037476,0.008667,0.930786
normal,5220595,0.002075,0.076904,0.968018
normal,5220615,0.057495,-0.024292,1.105835
normal,5220635,0.058472,-0.018677,1.105347
normal,5220655,0.009888,0.011719,0.999023
normal,5220675,0.007080,0.017334,1.000488
normal,5220695,0.009155,0.015747,1.002930
normal,5220715,0.007813,0.017822,1.001709
normal,5220735,0.003540,0.007568,0.990723
normal,5220755,-0.020630,-0.002441,0.944824
normal,5220775,-0.009399,0.074829,0.953491
normal,5220795,0.060181,-0.012817,1.106812
normal,5220815,0.061157,-0.005859,1.102661
normal,5220835,-0.017822,-0.025024,0.976196
normal,5220855,-0.011719,-0.032959,0.991455
normal,5220875,-0.027222,0.073975,0.916260
normal,5220895,-0.031494,0.071167,0.909790
normal,5220915,0.055176,0.025024,1.080811
normal,5220935,0.051636,0.033325,1.071289
normal,5220955,0.013672,-0.046509,1.040771
normal,5220975,-0.039673,0.059204,0.901489
normal,5220995,-0.040283,0.052368,0.903442
normal,5221015,0.036621,0.053955,1.038086
normal,5221035,0.032349,0.059326,1.028076
normal,5221055,0.037354,-0.042480,1.083740
normal,5221075,0.041504,-0.040649,1.089966
normal,5221095,-0.041260,0.024658,0.916748
normal,5221115,-0.048706,0.018311,0.922119
normal,5221135,0.007324,0.074951,0.977905
normal,5221155,0.054687,-0.027100,1.104736
normal,5221175,0.057129,-0.022949,1.106323
normal,5221195,-0.030640,-0.008667,0.951172
normal,5221215,-0.025635,-0.015747,0.961670
normal,5221235,-0.015869,0.076294,0.935181
normal,5221255,-0.021118,0.076782,0.923950
normal,5221275,0.060791,0.003662,1.096680
normal,5221295,-0.009033,0.027100,1.088013
normal,5221315,-0.002319,-0.039795,1.011230
normal,5221335,-0.003906,0.027588,0.991577
normal,5221355,0.002686,0.015991,1.004272
normal,5221375,0.007568,0.015503,1.002075
normal,5221395,0.005127,0.017334,0.999756
normal,5221415,0.006104,0.017578,1.000977
normal,5221435,0.009033,0.017944,1.000610
normal,5221455,0.007324,0.017334,1.000977
normal,5221475,0.006470,0.016602,1.000854
normal,5221495,0.007080,0.017700,1.000854
normal,5221515,0.006592,0.017334,1.000732
normal,5221535,0.006714,0.017700,1.001099
normal,5221555,0.006836,0.016968,1.000610
normal,5221575,0.007202,0.017212,1.000977
normal,5221595,0.007202,0.017700,1.000854
normal,5221615,0.006104,0.016968,1.000610
normal,5221635,0.006958,0.017090,1.000732
normal,5221655,0.006958,0.017090,1.000977
normal,5221675,0.006470,0.017578,1.001221
normal,5221695,0.007202,0.017700,1.000610
normal,5221715,0.006592,0.017700,1.000732
normal,5221735,0.006226,0.017578,1.000732
normal,5221755,0.007813,0.017456,1.001465
normal,5221775,0.008179,0.015259,1.002686
normal,5221795,0.033813,-0.015137,1.044922
normal,5221815,-0.039795,0.044556,0.902466
normal,5221835,0.039917,0.049805,1.043701
normal,5221855,0.032471,0.058228,1.026733
normal,5221875,0.034546,-0.039917,1.077881
normal,5221895,0.010864,-0.077026,1.083618
normal,5221915,-0.015869,0.047119,0.957031
normal,5221935,-0.032104,0.026733,0.935547
normal,5221955,0.011108,0.073608,0.974365
normal,5221975,0.003662,0.073730,0.964111
normal,5221995,0.055786,-0.022827,1.106323
normal,5222015,-0.030518,-0.005371,0.951294
normal,5222035,-0.026611,-0.011597,0.961304
normal,5222055,-0.015137,0.075195,0.931763
normal,5222075,-0.019897,0.074219,0.925049
normal,5222095,0.061279,0.004028,1.094604
normal,5222115,0.060547,0.010010,1.088989
normal,5222135,-0.005127,-0.037231,1.009766
normal,5222155,0.030640,-0.041382,1.024170
normal,5222175,-0.035156,0.065063,0.905640
normal,5222195,0.051514,0.035400,1.063721
normal,5222215,0.047852,0.041260,1.053589
normal,5222235,0.020386,-0.043823,1.056763
normal,5222255,0.027832,-0.043945,1.068481
normal,5222275,0.016602,0.010620,1.001099
normal,5222295,0.007935,0.018066,0.999878
normal,5222315,0.007324,0.017822,1.000366
normal,5222335,0.006958,0.017212,0.994873
normal,5222355,0.028076,0.020630,1.047241
normal,5222375,0.008179,-0.026733,1.008179
normal,5222395,0.003052,-0.037842,1.020752
normal,5222415,-0.035156,0.061523,0.908203
normal,5222435,-0.038330,0.060181,0.906250
normal,5222455,0.046875,0.042114,1.048706
normal,5222475,0.043091,0.048340,1.035522
normal,5222495,0.028931,-0.046387,1.070801
normal,5222515,-0.035645,0.038208,0.918335
normal,5222535,-0.042603,0.037598,0.909668
normal,5222555,0.024048,0.064697,1.004639
normal,5222575,0.018188,0.068359,0.990967
normal,5222595,0.048096,-0.031738,1.100586
normal,5222615,0.054199,-0.025757,1.104736
normal,5222635,-0.037720,0.005005,0.937500
normal,5222655,-0.033691,-0.005493,0.950073
normal,5222675,-0.007690,0.075317,0.944458
normal,5222695,0.059937,-0.011597,1.105225
normal,5222715,0.061646,-0.003052,1.101440
normal,5222735,-0.021240,-0.025391,0.983765
normal,5222755,-0.013306,-0.031250,0.997681
normal,5222775,-0.028198,0.072144,0.913330
normal,5222795,-0.031250,0.068726,0.909058
normal,5222815,0.056274,0.028320,1.074585
normal,5222835,0.052002,0.034058,1.067627
normal,5222855,0.011597,-0.044189,1.045654
normal,5222875,-0.041504,0.056274,0.901489
normal,5222895,-0.042236,0.051514,0.902588
normal,5222915,0.037476,0.055298,1.030518
normal,5222935,0.029053,0.055664,1.019165
normal,5222955,0.003418,0.015869,0.999146
normal,5222975,0.007324,0.019653,1.000610
normal,5222995,0.008789,0.017578,1.005615
normal,5223015,0.006470,0.018433,1.001709
normal,5223035,0.006592,0.018799,1.001221
normal,5223055,0.006226,0.018188,1.000854
normal,5223075,0.005859,0.018188,1.001221
normal,5223095,0.005859,0.017212,1.001709
normal,5223115,0.005493,0.016602,1.001099
normal,5223135,0.006958,0.018188,1.001465
normal,5223155,0.006348,0.016724,1.001465
normal,5223175,0.006470,0.017456,1.000732
normal,5223195,0.005981,0.018188,1.000977
normal,5223215,0.005737,0.017212,1.000610
normal,5223235,0.007080,0.017578,1.001099
normal,5223255,0.005615,0.018433,1.002075
normal,5223275,0.006836,0.017822,1.001221
normal,5223295,0.005493,0.018555,1.000854
normal,5223315,0.005737,0.018677,1.000854
normal,5223335,0.005981,0.018188,1.001221
normal,5223355,0.005859,0.018066,1.001465
normal,5223375,0.005859,0.018188,1.001831
normal,5223395,0.006470,0.019409,1.000732
normal,5223415,0.021606,0.016724,1.034912
normal,5223435,0.055054,0.011108,1.097168
normal,5223455,-0.015259,-0.030396,0.988159
normal,5223475,-0.007690,-0.036621,1.006958
normal,5223495,-0.031982,0.069336,0.909912
normal,5223515,-0.034790,0.065186,0.905640
normal,5223535,0.052490,0.035767,1.067871
normal,5223555,0.010010,-0.043701,1.042725
normal,5223575,0.017456,-0.044800,1.056763
normal,5223595,-0.043457,0.052734,0.900146
normal,5223615,-0.044434,0.045776,0.902588
normal,5223635,0.030884,0.060913,1.023926
normal,5223655,0.026855,0.063599,1.013672
normal,5223675,0.041260,-0.037476,1.093750
normal,5223695,0.045654,-0.034424,1.099121
normal,5223715,-0.042725,0.015991,0.922974
normal,5223735,0.006470,0.075684,0.971069
normal,5223755,0.001587,0.076172,0.961548
normal,5223775,0.057251,-0.018799,1.107300
normal,5223795,0.059570,-0.014893,1.108398
normal,5223815,-0.028564,-0.016357,0.963867
normal,5223835,-0.023560,-0.023193,0.976807
normal,5223855,-0.022217,0.075928,0.921631
normal,5223875,-0.027344,0.073486,0.912354
normal,5223895,0.058960,0.014160,1.089966
normal,5223915,-0.014038,-0.040527,1.012085
normal,5223935,0.005737,0.023682,0.998535
normal,5223955,0.000366,0.003052,1.002075
normal,5223975,0.001953,0.024902,0.996460
normal,5223995,0.010986,0.012207,1.002441
normal,5224015,0.021729,-0.025879,1.032104
normal,5224035,-0.038696,0.056885,0.901978
normal,5224055,-0.049316,0.056030,0.899902
normal,5224075,0.040283,0.053223,1.042358
normal,5224095,0.023193,-0.044189,1.067261
normal,5224115,0.031738,-0.042114,1.080078
normal,5224135,-0.045044,0.037598,0.906982
normal,5224155,-0.043457,0.028931,0.911987
normal,5224175,0.017090,0.071167,0.991821
normal,5224195,0.010132,0.073486,0.981323
normal,5224215,0.050903,-0.027954,1.106079
normal,5224235,-0.038940,-0.025879,1.106567
normal,5224255,-0.035156,-0.003174,0.945801
normal,5224275,-0.009521,0.078491,0.943115
normal,5224295,-0.012817,0.077026,0.936035
normal,5224315,0.060059,-0.003906,1.103760
normal,5224335,0.060547,0.001709,1.099609
normal,5224355,-0.016235,-0.032715,0.994263
normal,5224375,-0.010010,-0.038574,1.007446
normal,5224395,-0.030396,0.061523,0.917114
normal,5224415,0.004028,0.015991,0.973389
normal,5224435,0.006348,0.018677,1.000977
normal,5224455,0.003784,0.019775,0.999146
normal,5224475,0.022095,0.015015,1.037476
normal,5224495,-0.001343,-0.013428,0.984863
normal,5224515,-0.017090,-0.030518,0.986816
normal,5224535,-0.028076,0.072510,0.912964
normal,5224555,-0.031616,0.070801,0.908447
normal,5224575,0.056885,0.024780,1.079834
normal,5224595,0.003296,-0.043579,1.030762
normal,5224615,0.009277,-0.045166,1.040894
normal,5224635,-0.040894,0.057373,0.899292
normal,5224655,-0.043579,0.053589,0.899292
normal,5224675,0.038086,0.055176,1.039063
normal,5224695,0.032959,0.060547,1.024170
normal,5224715,0.034180,-0.041016,1.084351
normal,5224735,0.039673,-0.038330,1.093262
normal,5224755,-0.044434,0.026855,0.913940
normal,5224775,0.013916,0.072876,0.988281
normal,5224795,0.006714,0.076904,0.973022
normal,5224815,0.052979,-0.027466,1.106201
normal,5224835,0.056030,-0.020020,1.108765
normal,5224855,-0.033691,-0.007690,0.951050
normal,5224875,-0.029663,-0.015259,0.962158
normal,5224895,-0.016968,0.077148,0.928467
normal,5224915,-0.021240,0.076660,0.923340
normal,5224935,0.060669,0.006958,1.097290
normal,5224955,-0.013184,-0.034668,1.000366
normal,5224975,-0.007446,-0.038696,1.009766
normal,5224995,-0.034424,0.068237,0.903931
normal,5225015,-0.037231,0.065918,0.902222
normal,5225035,0.049683,0.039307,1.063965
normal,5225055,0.045532,0.045898,1.055542
normal,5225075,0.020264,-0.044067,1.057983
normal,5225095,-0.044434,-0.044678,1.071899
normal,5225115,-0.035156,0.040894,0.916260
normal,5225135,0.004639,0.015259,1.008667
normal,5225155,0.005859,0.017944,1.001709
normal,5225175,0.001831,0.019409,0.997681
normal,5225195,0.003418,0.016602,0.999756
normal,5225215,-0.015381,0.039429,0.963623
normal,5225235,-0.026733,0.066406,0.929199
normal,5225255,0.060181,0.005615,1.099365
normal,5225275,-0.010498,-0.035278,1.090210
normal,5225295,-0.006226,-0.038452,1.010864
normal,5225315,-0.034424,0.067993,0.905029
normal,5225335,-0.038086,0.064453,0.900024
normal,5225355,0.049805,0.039063,1.065063
normal,5225375,0.043579,0.047974,1.051514
normal,5225395,0.019287,-0.044678,1.060059
normal,5225415,0.026489,-0.043335,1.072510
normal,5225435,-0.044067,0.041992,0.903320
normal,5225455,0.028442,0.062744,1.017578
normal,5225475,0.021606,0.069336,1.002075
normal,5225495,0.043213,-0.037354,1.097290
normal,5225515,0.047974,-0.031616,1.102539
normal,5225535,-0.041504,0.009644,0.928589
normal,5225555,-0.040161,0.004517,0.936523
normal,5225575,-0.004150,0.079224,0.952148
normal,5225595,-0.009033,0.078369,0.943237
normal,5225615,0.059204,-0.010498,1.106689
normal,5225635,-0.025024,-0.022705,0.973633
normal,5225655,-0.022461,-0.027466,0.983276
normal,5225675,-0.025757,0.074829,0.916016
normal,5225695,-0.029663,0.072632,0.911133
normal,5225715,0.056274,0.020386,1.084351
normal,5225735,0.054443,0.029297,1.075928
normal,5225755,0.002930,-0.044678,1.033447
normal,5225775,0.011475,-0.046509,1.048828
normal,5225795,-0.041138,0.058350,0.899414
normal,5225815,0.041016,0.050415,1.046143
normal,5225835,0.004150,0.016357,1.005737
normal,5225855,0.004395,0.018555,1.002075
normal,5225875,0.007324,0.016602,1.003784
normal,5225895,0.005127,0.018677,1.000732
normal,5225915,0.015381,-0.004639,1.012695
normal,5225935,-0.035034,0.058594,0.915894
normal,5225955,-0.037598,0.066772,0.904907
normal,5225975,0.051514,0.033936,1.073120
normal,5225995,0.007446,-0.044556,1.038696
normal,5226015,0.013062,-0.044678,1.049194
normal,5226035,-0.043457,0.053833,0.899414
normal,5226055,-0.044922,0.049438,0.898682
normal,5226075,0.033203,0.059937,1.027222
normal,5226095,0.029175,0.063232,1.018677
normal,5226115,0.038574,-0.040161,1.090698
normal,5226135,-0.045044,-0.035889,1.098389
normal,5226155,-0.043457,0.019775,0.917603
normal,5226175,0.007935,0.076538,0.975708
normal,5226195,0.002075,0.077515,0.965698
normal,5226215,0.055298,-0.022583,1.109253
normal,5226235,0.057861,-0.016113,1.108643
normal,5226255,-0.030518,-0.012573,0.958618
normal,5226275,-0.024902,-0.022461,0.973389
normal,5226295,-0.022095,0.077271,0.922607
normal,5226315,0.060181,0.004272,0.911499
normal,5226335,0.058472,0.013672,1.091187
normal,5226355,-0.007690,-0.037842,1.007324
normal,5226375,-0.000244,-0.042603,1.024292
normal,5226395,-0.037964,0.067017,0.899414
normal,5226415,-0.039185,0.062134,0.898682
normal,5226435,0.045410,0.046753,1.055176
normal,5226455,0.041016,0.051025,1.045288
normal,5226475,0.025024,-0.045166,1.069702
normal,5226495,-0.044556,0.045166,0.901245
normal,5226515,-0.045044,0.037720,0.904907
normal,5226535,0.023560,0.069092,1.005249
normal,5226555,0.018799,0.070190,0.994873
normal,5226575,0.045776,-0.033203,1.101685
normal,5226595,0.050293,-0.029053,1.105103
normal,5226615,-0.039307,0.004639,0.933228
normal,5226635,-0.036255,-0.003906,0.944458
normal,5226655,-0.007935,0.078735,0.945923
normal,5226675,0.059204,-0.011719,1.108276
normal,5226695,0.059204,-0.005981,1.105835
normal,5226715,-0.010376,0.036377,0.978271
normal,5226735,0.003174,0.018799,1.001099
normal,5226755,0.005615,0.018433,1.001953
normal,5226775,0.005371,0.019043,1.001587
normal,5226795,0.005005,0.018311,1.000854
normal,5226815,0.005981,0.019653,1.000732
normal,5226835,0.005859,0.018555,1.000854
normal,5226855,0.005005,0.018799,1.001099
normal,5226875,0.005981,0.018311,1.000732
normal,5226895,0.005859,0.017578,1.000977
normal,5226915,0.005493,0.018799,1.000854
normal,5226935,0.005615,0.018433,1.000732
normal,5226955,0.004761,0.018311,1.000732
normal,5226975,0.004761,0.018066,1.000610
normal,5226995,0.005493,0.018799,1.000610
normal,5227015,0.004761,0.018555,1.000977
normal,5227035,0.005249,0.017944,1.000977
normal,5227055,0.006104,0.019165,1.001343
normal,5227075,0.005249,0.018188,1.000854
normal,5227095,0.005249,0.018433,1.000732
normal,5227115,0.005493,0.018677,1.000732
normal,5227135,0.005005,0.017944,1.000732
normal,5227155,0.005249,0.018555,1.001221
normal,5227175,0.004761,0.017700,1.001343
normal,5227195,0.004150,0.019043,1.000977
normal,5227215,0.004761,0.018066,1.000854
normal,5227235,0.004761,0.018433,1.000610
normal,5227255,0.005127,0.017700,1.000977
normal,5227275,0.004272,0.017700,1.001099
normal,5227295,0.004761,0.018799,1.001099
normal,5227315,0.005981,0.018799,1.000732
normal,5227335,0.005371,0.018433,1.000854
normal,5227355,0.005493,0.017944,1.001221
normal,5227375,0.004517,0.018066,1.001587
normal,5227395,0.004272,0.018677,1.000610
normal,5227415,0.005005,0.018188,1.000854
normal,5227435,0.005249,0.019043,1.000854
normal,5227455,0.005127,0.017944,1.000732
normal,5227475,0.005493,0.018799,1.001099
normal,5227495,0.005005,0.018433,1.000854
normal,5227515,0.005493,0.018188,1.000854
normal,5227535,0.004517,0.018066,1.001099
normal,5227555,0.004517,0.018799,1.000610
normal,5227575,0.010254,0.022827,1.012573
normal,5227595,0.040161,0.026245,1.076782
normal,5227615,0.000977,-0.042358,1.018555
normal,5227635,0.005737,-0.044312,1.036987
normal,5227655,-0.040649,0.060547,0.898437
normal,5227675,-0.044067,0.055908,0.898315
normal,5227695,0.039673,0.054443,1.043701
normal,5227715,0.024902,-0.045288,1.070923
normal,5227735,0.030762,-0.042969,1.081787
normal,5227755,-0.045532,0.036621,0.905518
normal,5227775,-0.045410,0.028687,0.910400
normal,5227795,0.015381,0.073364,0.991699
normal,5227815,0.010498,0.074585,0.982544
normal,5227835,0.051636,-0.027466,1.107422
normal,5227855,0.053833,-0.023682,1.109253
normal,5227875,-0.036743,-0.003540,0.943726
normal,5227895,-0.009521,0.078491,0.942383
normal,5227915,-0.014160,0.078125,0.934814
normal,5227935,0.060303,-0.003540,1.106445
normal,5227955,0.060181,0.002808,1.102173
normal,5227975,-0.016113,-0.032837,0.992187
normal,5227995,-0.009521,-0.038940,1.008057
normal,5228015,-0.033081,0.072510,0.905029
normal,5228035,0.054565,0.090210,0.901123
normal,5228055,0.051636,0.035645,1.070801
normal,5228075,0.009888,-0.046143,1.043579
normal,5228095,0.016479,-0.045532,1.057373
normal,5228115,-0.044312,0.052856,0.898560
normal,5228135,-0.045410,0.046265,0.901245
normal,5228155,0.026855,0.057007,1.022949
normal,5228175,0.008545,0.022339,0.995850
normal,5228195,0.006104,0.019531,1.000610
normal,5228215,0.008423,0.015259,1.004639
normal,5228235,0.003906,0.022705,0.999634
normal,5228255,0.034302,0.001587,1.059082
normal,5228275,0.055786,-0.016602,1.107178
normal,5228295,-0.036377,-0.002563,0.940430
normal,5228315,-0.031250,-0.011719,0.955200
normal,5228335,-0.013672,0.077637,0.937500
normal,5228355,-0.019775,0.076660,0.925659
normal,5228375,0.059814,0.002441,1.102661
normal,5228395,-0.017334,-0.031494,0.990112
normal,5228415,-0.010132,-0.037598,1.006348
normal,5228435,-0.032104,0.072754,0.906494
normal,5228455,-0.036987,0.068115,0.901611
normal,5228475,0.051270,0.036255,1.070923
normal,5228495,0.047974,0.042725,1.061523
normal,5228515,0.016602,-0.045654,1.056641
normal,5228535,0.022339,-0.045776,1.065063
normal,5228555,-0.045776,0.046875,0.900146
normal,5228575,0.031982,0.061279,1.025635
normal,5228595,0.026001,0.065796,1.013672
normal,5228615,0.039795,-0.038696,1.094482
normal,5228635,0.044678,-0.035034,1.099731
normal,5228655,-0.043457,0.015503,0.921997
normal,5228675,-0.041138,0.008179,0.929077
normal,5228695,0.000610,0.078247,0.962036
normal,5228715,-0.007690,0.079224,0.948608
normal,5228735,0.058838,-0.014771,1.110229
normal,5228755,-0.029785,-0.016235,0.962158
normal,5228775,-0.014282,0.038696,0.977051
normal,5228795,0.008789,0.019897,0.998413
normal,5228815,0.004883,0.017212,1.001221
normal,5228835,0.005249,0.017700,1.002930
normal,5228855,0.018433,0.029663,1.034790
normal,5228875,0.018799,-0.031250,1.036011
normal,5228895,0.019043,-0.044556,1.052002
normal,5228915,-0.042236,0.052002,0.899170
normal,5228935,0.037354,0.055298,1.040771
normal,5228955,0.031250,0.061890,1.027344
normal,5228975,0.033936,-0.041626,1.085815
normal,5228995,0.038940,-0.039429,1.093018
normal,5229015,-0.043701,0.024048,0.915405
normal,5229035,-0.043823,0.017090,0.919556
normal,5229055,0.006836,0.076172,0.975830
normal,5229075,0.054077,0.068359,0.962280
normal,5229095,0.055542,-0.021118,1.110229
normal,5229115,-0.034424,-0.009644,0.952026
normal,5229135,-0.030762,-0.015869,0.960449
normal,5229155,-0.011597,0.085693,0.934448
normal,5229175,-0.015991,0.083740,0.927368
normal,5229195,0.055664,0.000122,1.091431
normal,5229215,0.058228,0.017578,1.091553
normal,5229235,-0.007446,-0.039429,1.012573
normal,5229255,-0.035522,0.070312,0.902710
normal,5229275,-0.038940,0.066772,0.898437
normal,5229295,0.049805,0.038696,1.066528
normal,5229315,0.043823,0.048950,1.054199
normal,5229335,0.018066,-0.047241,1.061523
normal,5229355,0.025146,-0.045532,1.073242
normal,5229375,-0.044922,0.043579,0.902710
normal,5229395,-0.045410,0.036499,0.905151
normal,5229415,0.015503,0.063721,1.002563
normal,5229435,0.002197,0.016968,0.999390
normal,5229455,0.005249,0.020386,1.000366
normal,5229475,0.003906,0.018677,0.999390
normal,5229495,0.021362,0.014160,1.038208
normal,5229515,-0.005859,-0.010376,0.976562
normal,5229535,-0.022339,-0.026367,0.976196
normal,5229555,-0.026001,0.074585,0.918091
normal,5229575,-0.030151,0.074097,0.912109
normal,5229595,0.056763,0.020142,1.090332
normal,5229615,-0.001953,-0.042969,1.021484
normal,5229635,0.003296,-0.043945,1.031250
normal,5229655,-0.039673,0.062744,0.900146
normal,5229675,-0.042969,0.058594,0.897095
normal,5229695,0.041870,0.050415,1.049927
normal,5229715,0.035767,0.058350,1.035889
normal,5229735,0.028931,-0.044067,1.078735
normal,5229755,0.035522,-0.041382,1.089355
normal,5229775,-0.045776,0.031860,0.907593
normal,5229795,0.019165,0.070435,1.000244
normal,5229815,0.010132,0.075195,0.982910
normal,5229835,0.049072,-0.030396,1.107300
normal,5229855,0.053223,-0.024780,1.111206
normal,5229875,-0.037354,-0.001709,0.941895
normal,5229895,-0.034546,-0.008789,0.951050
normal,5229915,-0.014404,0.079590,0.935303
normal,5229935,0.060303,0.078369,0.929565
normal,5229955,0.059937,0.001343,1.104614
normal,5229975,-0.017212,-0.032349,0.990723
normal,5229995,-0.012817,-0.035889,1.000977
normal,5230015,-0.033325,0.071655,0.906250
normal,5230035,-0.036133,0.069702,0.902710
normal,5230055,0.052368,0.034790,1.073853
normal,5230075,0.047729,0.041382,1.064209
normal,5230095,0.014282,-0.046143,1.052612
normal,5230115,-0.043701,0.054199,1.066040
normal,5230135,-0.046021,0.049438,0.898804
normal,5230155,0.032715,0.060791,1.028198
normal,5230175,0.026489,0.065552,1.017944
normal,5230195,0.011597,0.011963,1.009644
normal,5230215,0.006714,0.018921,1.000977
normal,5230235,0.005005,0.018311,1.001221
normal,5230255,0.004517,0.019165,1.000854
normal,5230275,0.004517,0.019043,1.000854
normal,5230295,0.004517,0.019043,1.000732
normal,5230315,0.003906,0.017822,1.001465
normal,5230335,0.004517,0.018677,1.000977
normal,5230355,0.004395,0.017578,1.001465
normal,5230375,0.004761,0.018433,1.000977
normal,5230395,0.004150,0.017456,1.000977
normal,5230415,0.004517,0.019043,1.001221
normal,5230435,0.004761,0.018799,1.001221
normal,5230455,0.005249,0.018555,1.001587
normal,5230475,0.004883,0.019043,1.001099
normal,5230495,0.004639,0.019043,1.000854
normal,5230515,0.004028,0.018311,1.000854
normal,5230535,0.004639,0.018066,1.001099
normal,5230555,0.005005,0.017700,1.000854
normal,5230575,0.005371,0.018799,1.000732
normal,5230595,0.005249,0.018921,1.001465
normal,5230615,0.004028,0.019287,1.001343
normal,5230635,0.003784,0.017334,1.001587
normal,5230655,0.004150,0.019165,1.000854
normal,5230675,0.004395,0.018188,1.001221
normal,5230695,0.004639,0.017822,1.001343
normal,5230715,0.003906,0.019043,1.000732
normal,5230735,0.004761,0.018799,1.001953
normal,5230755,0.005249,0.017822,1.000977
normal,5230775,0.005127,0.018311,1.000610
normal,5230795,0.004395,0.019165,1.001099
normal,5230815,0.004639,0.019043,1.001221
normal,5230835,0.004883,0.018799,1.001465
normal,5230855,0.004883,0.018921,1.001831
normal,5230875,0.004517,0.018799,1.001221
normal,5230895,0.005493,0.018799,1.001587
normal,5230915,0.004883,0.017578,1.001709
normal,5230935,0.004395,0.018555,1.001343
normal,5230955,0.004272,0.017944,1.001709
normal,5230975,0.004272,0.018921,1.001221
normal,5230995,0.004761,0.018555,1.000977
normal,5231015,0.005371,0.018677,1.001221
normal,5231035,0.008789,0.029297,1.015625
normal,5231055,0.033203,-0.022583,1.051880
normal,5231075,0.022949,-0.045532,1.062500
normal,5231095,-0.045898,0.046265,0.899170
normal,5231115,-0.046875,0.041138,0.901123
normal,5231135,0.025757,0.064453,1.017334
normal,5231155,0.040527,-0.038330,1.000977
normal,5231175,0.044312,-0.035889,1.102173
normal,5231195,-0.044800,0.016357,0.920532
normal,5231215,-0.041992,0.009399,0.928589
normal,5231235,0.000122,0.079468,0.962036
normal,5231255,-0.007813,0.079346,0.947510
normal,5231275,0.058594,-0.015747,1.112305
normal,5231295,0.059692,-0.007935,1.108521
normal,5231315,-0.025635,-0.023193,0.974609
normal,5231335,-0.023193,0.078369,0.920776
normal,5231355,-0.028564,0.075806,0.912354
normal,5231375,0.057861,0.014771,1.095215
normal,5231395,0.055786,0.024902,1.085327
normal,5231415,-0.000366,-0.043457,1.025269
normal,5231435,-0.005737,0.026001,0.992798
normal,5231455,0.004028,0.018433,1.000488
normal,5231475,0.003418,0.018433,1.000488
normal,5231495,0.004761,0.017700,1.002441
normal,5231515,0.005005,0.017822,1.002075
normal,5231535,0.004883,0.018066,1.001099
normal,5231555,0.004395,0.018799,1.000854
normal,5231575,0.005493,0.019165,1.001343
normal,5231595,0.004517,0.018188,1.000854
normal,5231615,0.004517,0.019287,1.001221
normal,5231635,0.004883,0.018799,1.000854
normal,5231655,0.004761,0.018433,1.001099
normal,5231675,0.004395,0.018311,1.002075
normal,5231695,0.003784,0.018677,1.001343
normal,5231715,0.005005,0.019043,1.001343
normal,5231735,0.004639,0.017944,1.001587
normal,5231755,0.004883,0.018188,1.000977
normal,5231775,0.005493,0.018677,1.001099
normal,5231795,0.005249,0.018555,1.001099
normal,5231815,0.004150,0.018433,1.001221
normal,5231835,0.003784,0.018555,1.001221
normal,5231855,0.003540,0.018066,1.001587
normal,5231875,0.004517,0.019165,1.000854
normal,5231895,0.003540,0.018433,1.000854
normal,5231915,0.004517,0.018066,1.000977
normal,5231935,0.004883,0.018799,1.001099
normal,5231955,0.004272,0.016968,1.001343
normal,5231975,0.004517,0.018066,1.001831
normal,5231995,0.005005,0.019043,1.001099
normal,5232015,0.005371,0.018799,1.000977
normal,5232035,0.005005,0.019409,1.000732
normal,5232055,0.003784,0.019043,1.001221
normal,5232075,0.004150,0.019043,1.001099
normal,5232095,0.004639,0.018188,1.001343
normal,5232115,0.004272,0.019043,1.001587
normal,5232135,0.004395,0.018433,1.000977
normal,5232155,0.004761,0.019653,1.000732
normal,5232175,0.004883,0.019531,1.000977
normal,5232195,0.004761,0.017822,1.001953
normal,5232215,0.005127,0.019287,1.000732
normal,5232235,0.004639,0.019165,1.000732
normal,5232255,0.004395,0.018677,1.000732
normal,5232275,0.004517,0.018433,1.001221
normal,5232295,0.005127,0.019653,1.001709
normal,5232315,0.005127,0.017090,1.006958
normal,5232335,0.004028,0.018188,1.003418
normal,5232355,0.007202,0.017700,1.004150
normal,5232375,0.009033,-0.000244,1.001221
normal,5232395,-0.011108,-0.026123,0.982300
normal,5232415,-0.031128,0.072388,0.916992
normal,5232435,-0.034424,0.070435,0.907837
normal,5232455,0.055054,0.026245,1.083496
normal,5232475,0.051880,0.036377,1.073486
normal,5232495,0.008057,-0.046265,1.041748
normal,5232515,0.014893,-0.045898,1.052612
normal,5232535,-0.044800,0.052612,0.898193
normal,5232555,0.039063,0.054810,1.043335
normal,5232575,0.031372,0.062134,1.026367
normal,5232595,0.033325,-0.042358,1.086182
normal,5232615,0.039673,-0.039795,1.094116
normal,5232635,-0.045044,0.024658,0.914062
normal,5232655,-0.015747,0.036133,0.976685
normal,5232675,0.010010,0.021118,0.997925
normal,5232695,0.005615,0.017334,1.003174
normal,5232715,0.003174,0.019653,0.999390
normal,5232735,0.004883,0.019775,1.000977
normal,5232755,-0.021729,0.048096,0.956055
normal,5232775,0.055542,0.004883,1.103638
normal,5232795,0.060059,0.004150,1.105347
normal,5232815,-0.015259,-0.031494,0.992065
normal,5232835,-0.010742,-0.036255,1.001221
normal,5232855,-0.034424,0.070679,0.906006
normal,5232875,0.054199,0.090698,0.901733
normal,5232895,0.051514,0.034302,1.074707
normal,5232915,0.009521,-0.046265,1.045044
normal,5232935,0.015015,-0.046631,1.054688
normal,5232955,-0.045410,0.053955,0.896729
normal,5232975,-0.000488,0.018433,1.009521
normal,5232995,0.005859,0.018799,1.000854
normal,5233015,0.004639,0.018188,1.003052
normal,5233035,0.003662,0.019775,1.002075
normal,5233055,0.021362,0.014771,0.944092
normal,5233075,0.055542,0.006348,1.102173
normal,5233095,-0.022217,-0.026367,0.976440
normal,5233115,-0.015259,-0.033325,0.994507
normal,5233135,-0.030762,0.074707,0.912964
normal,5233155,-0.034668,0.070923,0.906128
normal,5233175,0.054199,0.029663,1.080078
normal,5233195,0.050903,0.036133,1.072876
normal,5233215,0.009766,-0.046265,1.045776
normal,5233235,-0.042969,0.059448,0.897095
normal,5233255,-0.044922,0.053955,0.897339
normal,5233275,0.031494,0.054199,1.033813
normal,5233295,0.008301,0.022095,0.996216
normal,5233315,0.004761,0.020752,1.000488
normal,5233335,0.006592,0.017578,1.003662
normal,5233355,0.018677,0.001831,1.025024
normal,5233375,0.029175,-0.029175,1.052979
normal,5233395,-0.045288,0.050171,0.896484
normal,5233415,0.033569,0.058350,1.036133
normal,5233435,0.028687,0.063721,1.023193
normal,5233455,0.036011,-0.039429,1.086914
normal,5233475,0.041870,-0.037231,1.098755
normal,5233495,-0.045532,0.022339,0.914307
normal,5233515,-0.042969,0.012329,0.923706
normal,5233535,0.003662,0.078857,0.968506
normal,5233555,-0.003540,0.078735,0.956421
normal,5233575,0.057495,-0.017334,1.111084
normal,5233595,-0.033569,-0.010986,0.952515
normal,5233615,-0.027588,-0.020874,0.967285
normal,5233635,-0.021362,0.080078,0.923462
normal,5233655,-0.025146,0.077393,0.917114
normal,5233675,0.058838,0.011475,1.096436
normal,5233695,0.057007,0.018677,1.088989
normal,5233715,-0.004761,-0.042114,1.019409
normal,5233735,0.024902,-0.044556,1.031006
normal,5233755,0.007690,0.015869,1.003540
normal,5233775,0.003540,0.020752,1.000610
normal,5233795,0.003906,0.019531,1.000610
normal,5233815,0.007080,0.018066,1.003662
normal,5233835,0.003784,0.017700,1.002197
normal,5233855,0.004639,0.018555,1.000977
normal,5233875,0.005127,0.018921,1.002319
normal,5233895,0.004395,0.018188,1.000854
normal,5233915,0.004517,0.019531,1.000610
normal,5233935,0.004761,0.018311,1.000977
normal,5233955,0.004272,0.019531,1.000977
normal,5233975,0.003662,0.019287,1.000732
normal,5233995,0.004272,0.018799,1.000610
normal,5234015,0.004761,0.019409,1.000977
normal,5234035,0.004639,0.019165,1.000977
normal,5234055,0.004150,0.019531,1.000610
normal,5234075,0.004150,0.018188,1.000854
normal,5234095,0.004639,0.018555,1.000854
normal,5234115,0.004150,0.018555,1.000854
normal,5234135,0.003540,0.017822,1.000732
normal,5234155,0.005127,0.019653,1.001221
normal,5234175,0.005005,0.018677,1.000610
normal,5234195,0.004639,0.018188,1.000610
normal,5234215,0.003662,0.018555,1.000977
normal,5234235,0.003418,0.018311,1.000854
normal,5234255,0.004395,0.018799,1.001099
normal,5234275,0.004028,0.019531,1.000977
normal,5234295,0.003784,0.018799,1.001099
normal,5234315,0.003906,0.018799,1.000854
normal,5234335,0.004761,0.018921,1.000610
normal,5234355,0.004639,0.018433,1.000610
normal,5234375,0.004761,0.019287,1.000732
normal,5234395,0.004272,0.018188,1.000854
normal,5234415,0.004150,0.019531,1.001221
normal,5234435,0.004150,0.018555,1.001587
normal,5234455,0.005249,0.018799,1.000732
normal,5234475,0.005127,0.018677,1.001221
normal,5234495,0.003906,0.019043,1.000977
normal,5234515,0.004272,0.018799,1.000732
normal,5234535,0.003906,0.018433,1.001099
normal,5234555,0.004639,0.018555,1.000977
normal,5234575,0.004517,0.017822,1.000854
normal,5234595,0.003784,0.016724,1.000977
normal,5234615,-0.019775,0.037964,0.958252
normal,5234635,0.043213,0.019287,1.084595
normal,5234655,0.057007,0.020142,1.093262
normal,5234675,-0.001831,-0.041748,1.018311
normal,5234695,0.002686,-0.044067,1.029053
normal,5234715,-0.041260,0.062988,0.898560
normal,5234735,-0.043945,0.057983,0.895752
normal,5234755,0.042358,0.050781,1.050903
normal,5234775,0.023071,0.058350,1.036133
normal,5234795,0.028687,-0.043335,1.076904
normal,5234815,-0.046753,0.040283,0.901733
normal,5234835,-0.046265,0.031250,0.907837
normal,5234855,0.019043,0.072144,1.000610
normal,5234875,0.010010,0.075806,0.984009
normal,5234895,0.032715,-0.020264,1.059692
normal,5234915,0.006836,0.018555,1.001953
normal,5234935,0.003052,0.017334,1.001343
normal,5234955,0.003174,0.019653,1.001343
normal,5234975,0.020508,0.016113,1.035889
normal,5234995,-0.003906,-0.009521,0.979492
normal,5235015,-0.020508,-0.027466,0.978516
normal,5235035,-0.028320,0.074463,0.915283
normal,5235055,-0.032349,0.073975,0.909912
normal,5235075,0.056885,0.022217,1.089111
normal,5235095,0.053467,0.031738,1.078125
normal,5235115,0.005493,-0.045532,1.033936
normal,5235135,-0.042236,0.062012,0.897583
normal,5235155,-0.044678,0.059326,0.896118
normal,5235175,0.040771,0.052734,1.048584
normal,5235195,0.033936,0.059814,1.032593
normal,5235215,0.028687,-0.043823,1.081177
normal,5235235,0.036133,-0.040161,1.090698
normal,5235255,-0.047119,0.029785,0.907715
normal,5235275,-0.045166,0.021729,0.914429
normal,5235295,0.008301,0.076904,0.979736
normal,5235315,0.050415,-0.029907,1.107666
normal,5235335,0.053833,-0.022827,1.111084
normal,5235355,-0.036987,-0.003540,0.942383
normal,5235375,-0.002075,0.022949,0.993164
normal,5235395,0.003052,0.019775,1.000732
normal,5235415,0.002197,0.018555,0.999634
normal,5235435,0.005737,0.018311,1.003540
normal,5235455,0.004883,0.017456,1.001099
normal,5235475,0.005005,0.018799,1.000854
normal,5235495,0.004028,0.018921,1.001099
normal,5235515,0.003784,0.020020,1.000854
normal,5235535,0.004395,0.018677,1.000977
normal,5235555,0.004028,0.018188,1.000854
normal,5235575,0.003418,0.018188,1.000977
normal,5235595,0.004639,0.019409,1.000977
normal,5235615,0.003174,0.020752,1.005493
normal,5235635,0.004395,0.017822,1.001831
normal,5235655,0.004639,0.019165,1.000488
normal,5235675,0.005127,0.018555,1.000977
normal,5235695,0.004517,0.018921,1.000732
normal,5235715,0.004150,0.018799,1.002197
normal,5235735,0.004761,0.019165,1.001221
normal,5235755,0.004272,0.018188,1.000610
normal,5235775,0.003784,0.018677,1.000610
normal,5235795,0.003296,0.018921,1.000610
normal,5235815,0.004028,0.019165,1.000488
normal,5235835,0.003906,0.018066,1.001587
normal,5235855,0.004150,0.018188,1.000854
normal,5235875,0.003784,0.018433,1.000977
normal,5235895,0.005249,0.019531,1.001221
normal,5235915,0.003906,0.019165,1.000854
normal,5235935,0.003784,0.018433,1.000732
normal,5235955,0.004272,0.018555,1.000732
normal,5235975,0.003662,0.018433,1.000977
normal,5235995,0.004639,0.019775,1.000732
normal,5236015,0.004883,0.019165,1.000732
normal,5236035,0.004028,0.018799,1.000732
normal,5236055,0.004028,0.018677,1.001343
normal,5236075,0.004761,0.018433,1.000732
normal,5236095,0.005005,0.019165,1.001099
normal,5236115,0.005249,0.018555,1.000854
normal,5236135,0.004517,0.018799,1.000610
normal,5236155,0.003784,0.018555,1.000610
normal,5236175,0.004272,0.019531,1.000854
normal,5236195,0.004639,0.018677,1.001099
normal,5236215,-0.000122,0.022217,0.995239
normal,5236235,-0.035522,0.052368,0.924194
normal,5236255,0.054565,0.023315,1.094116
normal,5236275,0.053955,0.029785,1.080811
normal,5236295,0.004639,-0.044800,1.033569
normal,5236315,0.010498,-0.045532,1.042480
normal,5236335,-0.043335,0.056274,0.896606
normal,5236355,0.041992,0.051514,1.049927
normal,5236375,0.036011,0.058105,1.037720
normal,5236395,0.030762,-0.044189,1.080322
normal,5236415,0.035278,-0.041626,1.086670
normal,5236435,-0.046143,0.029907,0.907227
normal,5236455,-0.046631,0.023926,0.911499
normal,5236475,0.010620,0.075317,0.985474
normal,5236495,0.004028,0.077515,0.971680
normal,5236515,0.053833,-0.025757,1.110962
normal,5236535,-0.037964,-0.002930,0.941406
normal,5236555,-0.034668,-0.009888,0.950562
normal,5236575,-0.014282,0.079346,0.936768
normal,5236595,-0.019775,0.079590,0.925171
normal,5236615,0.059692,0.000000,1.105225
normal,5236635,0.059082,0.011719,1.097412
normal,5236655,-0.012573,-0.036377,1.001099
normal,5236675,-0.033813,-0.041016,1.014893
normal,5236695,-0.037964,0.069458,0.900757
normal,5236715,0.051880,0.033325,1.075073
normal,5236735,0.003540,0.016113,1.005127
normal,5236755,0.002441,0.019287,1.003784
normal,5236775,0.001953,0.020386,0.999634
normal,5236795,0.004517,0.018188,1.001221
normal,5236815,0.034912,0.002808,1.060181
normal,5236835,-0.028442,0.005371,0.934326
normal,5236855,-0.005737,0.076782,0.940186
normal,5236875,-0.010864,0.077881,0.944824
normal,5236895,0.058594,-0.010742,1.109863
normal,5236915,0.059326,-0.003662,1.107544
normal,5236935,-0.021362,-0.027344,0.980347
normal,5236955,-0.016846,-0.032104,0.990845
normal,5236975,-0.031250,0.074707,0.908203
normal,5236995,-0.033691,0.071777,0.904663
normal,5237015,0.053833,0.028320,1.082642
normal,5237035,0.003784,-0.045410,1.032715
normal,5237055,0.007935,-0.046997,1.041504
normal,5237075,-0.043701,0.058228,0.895386
normal,5237095,-0.045410,0.053955,0.895874
normal,5237115,0.035889,0.056519,1.038818
normal,5237135,0.029541,0.063110,1.025024
normal,5237155,0.034058,-0.042847,1.086670
normal,5237175,0.040161,-0.037964,1.096191
normal,5237195,-0.046631,0.024658,0.913330
normal,5237215,0.011719,0.074463,0.987183
normal,5237235,0.003540,0.078247,0.972168
normal,5237255,0.052979,-0.025269,1.110596
normal,5237275,0.056641,-0.018921,1.111816
normal,5237295,-0.034912,-0.009644,0.950928
normal,5237315,-0.030396,-0.018433,0.962769
normal,5237335,-0.019897,0.079224,0.927002
normal,5237355,-0.024658,0.077393,0.920166
normal,5237375,0.058838,0.009521,1.098633
normal,5237395,-0.013428,-0.037842,1.000610
normal,5237415,0.002563,0.016235,0.997559
normal,5237435,0.000488,0.017822,1.002808
normal,5237455,0.007446,0.016235,1.004272
normal,5237475,0.003540,0.018311,1.000488
normal,5237495,0.004761,0.019409,1.000854
normal,5237515,0.004272,0.018677,1.000854
normal,5237535,0.004150,0.018555,1.001343
normal,5237555,0.004883,0.018677,1.000610
normal,5237575,0.003418,0.019165,1.000854
normal,5237595,0.004883,0.017944,1.000977
normal,5237615,0.003418,0.018433,1.000732
normal,5237635,0.004028,0.018799,1.000732
normal,5237655,0.003662,0.018555,1.000732
normal,5237675,0.003174,0.018433,1.000854
normal,5237695,0.004150,0.018555,1.000854
normal,5237715,0.003906,0.018188,1.000854
normal,5237735,0.004639,0.019165,1.000610
normal,5237755,0.004395,0.018799,1.001343
normal,5237775,0.003662,0.018311,1.000854
normal,5237795,0.004150,0.018066,1.000732
normal,5237815,0.004395,0.018921,1.000977
normal,5237835,0.004028,0.019531,1.000610
normal,5237855,-0.030029,0.041260,0.933105
normal,5237875,0.040039,0.037476,1.069946
normal,5237895,0.012329,-0.046753,1.044434
normal,5237915,0.019897,-0.045532,1.060547
normal,5237935,-0.045532,0.051025,0.896973
normal,5237955,-0.046875,0.043457,0.900757
normal,5237975,0.028076,0.066040,1.020996
normal,5237995,0.022949,0.068481,1.010742
normal,5238015,0.042480,-0.037231,1.099609
normal,5238035,0.046021,-0.033081,1.104004
normal,5238055,-0.042969,0.012451,0.923462
normal,5238075,0.001221,0.079102,0.965942
normal,5238095,-0.003174,0.079224,0.957886
normal,5238115,0.057373,-0.015747,1.112793
normal,5238135,0.058350,-0.011841,1.111206
normal,5238155,-0.027710,-0.019897,0.966309
normal,5238175,-0.022705,-0.026978,0.979736
normal,5238195,-0.026123,0.077271,0.916504
normal,5238215,-0.031372,0.074951,0.908936
normal,5238235,0.057129,0.018921,1.090698
normal,5238255,-0.003662,-0.042725,1.018677
normal,5238275,0.002197,-0.045288,1.031982
normal,5238295,-0.040894,0.064697,0.898560
normal,5238315,-0.043335,0.058350,0.896362
normal,5238335,0.041626,0.050537,1.052124
normal,5238355,0.004395,0.016113,1.007935
normal,5238375,0.004395,0.019043,1.003662
normal,5238395,0.000732,0.020264,0.998901
normal,5238415,0.004761,0.019409,1.003418
normal,5238435,0.000244,0.030884,0.993896
normal,5238455,-0.002319,0.059204,0.991821
normal,5238475,0.049561,-0.029419,1.103882
normal,5238495,0.052490,-0.026001,1.108398
normal,5238515,-0.039063,0.002441,0.934448
normal,5238535,-0.036011,-0.005005,0.943481
normal,5238555,-0.012451,0.079712,0.942505
normal,5238575,-0.002686,0.079834,0.932983
normal,5238595,0.060425,-0.001953,1.106567
normal,5238615,-0.020386,-0.028931,0.983276
normal,5238635,-0.016235,-0.033936,0.993042
normal,5238655,-0.031860,0.074097,0.907837
normal,5238675,-0.034546,0.072510,0.904053
normal,5238695,0.053345,0.030884,1.079102
normal,5238715,0.049927,0.038086,1.070313
normal,5238735,0.009644,-0.046387,1.045776
normal,5238755,-0.042847,0.057129,1.060547
normal,5238775,-0.045288,0.053101,0.897095
normal,5238795,0.035278,0.059326,1.035889
normal,5238815,0.029785,0.064209,1.024048
normal,5238835,0.035278,-0.042114,1.088257
normal,5238855,0.040894,-0.038086,1.098267
normal,5238875,-0.045776,0.023071,0.912842
normal,5238895,-0.042847,0.012939,0.923828
normal,5238915,0.004028,0.078369,0.971069
normal,5238935,0.053589,-0.024536,0.954590
normal,5238955,0.056152,-0.018066,1.112427
normal,5238975,-0.034058,-0.009888,0.949951
normal,5238995,-0.028198,-0.019409,0.967407
normal,5239015,-0.020264,0.079468,0.924927
normal,5239035,0.017334,0.012939,1.004883
normal,5239055,0.004883,0.018921,1.001831
normal,5239075,0.003296,0.020020,0.999268
normal,5239095,0.004761,0.018921,1.002319
normal,5239115,0.004761,0.018799,1.000977
normal,5239135,0.004517,0.018311,1.000854
normal,5239155,0.004150,0.018799,1.000977
normal,5239175,0.004517,0.018921,1.000732
normal,5239195,0.004761,0.018066,1.000854
normal,5239215,0.004761,0.018433,1.000610
normal,5239235,0.002930,0.019165,1.000610
normal,5239255,0.004272,0.018188,1.000732
normal,5239275,0.003906,0.019653,1.000977
normal,5239295,0.005493,0.018311,1.000732
normal,5239315,0.004028,0.018677,1.000854
normal,5239335,0.004028,0.018921,1.000977
normal,5239355,0.004517,0.018921,1.000732
normal,5239375,0.004028,0.018311,1.000854
normal,5239395,0.004395,0.019653,1.000854
normal,5239415,0.004150,0.018188,1.000610
normal,5239435,0.003906,0.018555,1.000732
normal,5239455,0.003906,0.017944,1.000977
normal,5239475,0.003174,0.017700,1.000366
normal,5239495,-0.011108,0.006592,0.961670
normal,5239515,-0.013428,0.068481,0.960815
normal,5239535,-0.012817,0.078613,0.943604
normal,5239555,0.060059,-0.008667,1.110474
normal,5239575,0.060303,-0.003174,1.108643
normal,5239595,-0.021729,-0.028687,0.981079
normal,5239615,-0.027832,-0.033813,0.992310
normal,5239635,-0.031006,0.074707,0.909302
normal,5239655,0.056030,0.023071,1.088623
normal,5239675,0.053955,0.029175,1.082275
normal,5239695,0.003906,-0.045776,1.033081
normal,5239715,0.009521,-0.046509,1.046387
normal,5239735,-0.042969,0.058350,0.898315
normal,5239755,-0.045410,0.052368,0.896118
normal,5239775,0.035400,0.057739,1.037598
normal,5239795,0.029541,-0.044922,1.020752
normal,5239815,0.033691,-0.042236,1.088013
normal,5239835,-0.046997,0.031738,0.907471
normal,5239855,-0.045654,0.021729,0.913940
normal,5239875,0.011230,0.076294,0.985107
normal,5239895,0.002563,0.079590,0.969360
normal,5239915,0.053589,-0.025391,1.111084
normal,5239935,0.055542,-0.019409,1.111206
normal,5239955,-0.032715,-0.011719,0.953979
normal,5239975,-0.016968,0.069702,0.940430
normal,5239995,0.008301,0.020020,0.998169
normal,5240015,0.004761,0.020386,1.000977
normal,5240035,0.003296,0.019165,1.000000
normal,5240055,0.002808,0.017456,1.000610
normal,5240075,-0.015015,0.008545,0.956787
normal,5240095,-0.008545,0.067383,0.970581
normal,5240115,-0.008057,0.079346,0.952148
normal,5240135,0.058594,-0.013672,1.111450
normal,5240155,-0.030884,-0.015503,0.957520
normal,5240175,-0.025879,-0.024414,0.972046
normal,5240195,-0.024048,0.079102,0.921387
normal,5240215,-0.026978,0.077148,0.914307
normal,5240235,0.058105,0.016602,1.094238
normal,5240255,0.056519,0.021973,1.088745
normal,5240275,-0.001465,-0.043823,1.023315
normal,5240295,0.005127,-0.046021,1.036011
normal,5240315,-0.041748,0.063110,0.896729
normal,5240335,0.042480,0.048462,1.055664
normal,5240355,0.039917,0.052612,1.047485
normal,5240375,0.024048,-0.045166,1.071655
normal,5240395,0.030396,-0.044800,1.082275
normal,5240415,-0.046631,0.038452,0.901855
normal,5240435,-0.046753,0.028198,0.908813
normal,5240455,0.015869,0.072632,0.996582
normal,5240475,0.014893,0.076538,0.981567
normal,5240495,0.050049,-0.029053,1.109375
normal,5240515,-0.040894,0.004883,0.931763
normal,5240535,-0.036621,-0.006348,0.945679
normal,5240555,-0.009766,0.081299,0.945312
normal,5240575,-0.016113,0.080078,0.934570
normal,5240595,0.059814,-0.004395,1.109619
normal,5240615,0.059570,0.001953,1.104248
normal,5240635,-0.016357,-0.034668,0.994629
normal,5240655,-0.030396,-0.017456,0.996948
normal,5240675,0.001343,0.016724,1.011108
normal,5240695,0.005615,0.018311,1.002808
normal,5240715,0.000732,0.018555,0.997437
normal,5240735,0.003662,0.019287,1.001587
normal,5240755,0.005127,0.019043,1.000610
normal,5240775,0.003784,0.019043,1.001465
normal,5240795,0.003784,0.019043,1.001465
normal,5240815,0.004883,0.018188,1.001221
normal,5240835,0.003906,0.019409,1.001343
normal,5240855,0.004639,0.018433,1.000977
normal,5240875,0.004761,0.018799,1.000854
normal,5240895,0.004272,0.018433,1.001221
normal,5240915,0.005005,0.018433,1.000977
normal,5240935,0.003906,0.018311,1.000732
normal,5240955,0.005005,0.018677,1.000732
normal,5240975,0.004883,0.018799,1.001221
normal,5240995,0.003052,0.019409,1.000732
normal,5241015,0.003784,0.019043,1.000732
normal,5241035,0.003662,0.018799,1.000732
normal,5241055,0.004761,0.018677,1.000854
normal,5241075,0.004272,0.018799,1.000854
normal,5241095,0.004150,0.019165,1.000732
normal,5241115,0.005005,0.013184,1.004639
normal,5241135,-0.026245,0.047729,0.942749
normal,5241155,-0.033203,0.070679,0.913086
normal,5241175,0.056519,0.021484,1.092285
normal,5241195,-0.001953,-0.042480,1.018066
normal,5241215,0.002808,-0.044067,1.028931
normal,5241235,-0.041870,0.063599,0.899414
normal,5241255,-0.043457,0.059082,0.895874
normal,5241275,0.042236,0.050781,1.051514
normal,5241295,0.035889,0.059448,1.035767
normal,5241315,0.027832,-0.045044,1.078247
normal,5241335,0.036011,-0.041504,1.088867
normal,5241355,-0.046997,0.033325,0.905518
normal,5241375,0.018311,0.072632,1.000854
normal,5241395,0.010742,0.077759,0.983032
normal,5241415,0.049194,-0.031128,1.108032
normal,5241435,0.052979,-0.025146,1.111572
normal,5241455,-0.038940,-0.001587,0.939087
normal,5241475,-0.034180,-0.009399,0.950562
normal,5241495,-0.015625,0.081177,0.935425
normal,5241515,0.059448,0.079468,0.928589
normal,5241535,0.059082,0.001709,1.105591
normal,5241555,-0.018921,-0.032471,0.988525
normal,5241575,-0.012207,-0.036987,1.000244
normal,5241595,-0.034302,0.072998,0.904419
normal,5241615,0.015991,0.010254,1.004639
normal,5241635,0.003662,0.018188,1.003296
normal,5241655,0.002563,0.020386,0.997559
normal,5241675,0.004150,0.018433,1.001221
normal,5241695,0.009033,0.012939,1.015991
normal,5241715,0.030762,-0.022217,1.047852
normal,5241735,-0.045654,0.049438,0.895508
normal,5241755,-0.046143,0.045776,0.898926
normal,5241775,0.030273,0.062500,1.029175
normal,5241795,0.024536,0.067017,1.017456
normal,5241815,0.040161,-0.039429,1.095459
normal,5241835,0.045532,-0.035278,1.100830
normal,5241855,-0.044678,0.015137,0.918945
normal,5241875,0.005249,0.078735,0.973633
normal,5241895,-0.001099,0.079956,0.962524
normal,5241915,0.056030,-0.019409,1.112671
normal,5241935,0.058350,-0.014038,1.112183
normal,5241955,-0.030884,-0.017456,0.960571
normal,5241975,-0.026489,-0.024292,0.973389
normal,5241995,-0.023560,0.078613,0.919800
normal,5242015,-0.029541,0.077148,0.910889
normal,5242035,0.058594,0.014648,1.094849
normal,5242055,-0.007324,-0.041504,1.013916
normal,5242075,-0.001099,-0.045166,1.026611
normal,5242095,-0.039185,0.066895,0.898682
normal,5242115,-0.043213,0.061279,0.896240
normal,5242135,0.043823,0.049072,1.055298
normal,5242155,0.037598,0.056152,1.042969
normal,5242175,0.025513,-0.046875,1.073364
normal,5242195,0.030884,-0.044067,1.083740
normal,5242215,-0.046387,0.034058,0.904663
normal,5242235,0.020142,0.071167,1.005371
normal,5242255,0.014648,0.075439,0.990601
normal,5242275,0.047974,-0.034180,1.106689
normal,5242295,-0.000977,0.031738,0.993408
normal,5242315,0.006592,0.016846,1.000610
normal,5242335,0.004150,0.019409,1.001343
normal,5242355,0.003662,0.019165,1.000000
normal,5242375,0.003540,0.018433,1.000854
normal,5242395,0.004150,0.018677,1.001099
normal,5242415,0.003296,0.018188,1.000854
normal,5242435,0.003906,0.018311,1.000977
normal,5242455,0.004272,0.018799,1.000732
normal,5242475,-0.004883,0.008545,1.010864
normal,5242495,0.009521,0.025879,0.994995
normal,5242515,0.003784,0.016846,1.012939
normal,5242535,0.003662,0.018433,0.995117
normal,5242555,0.002930,0.019531,0.997925
normal,5242575,0.002197,0.019043,1.002808
normal,5242595,0.002319,0.018555,1.004150
normal,5242615,0.003174,0.018188,1.005371
normal,5242635,0.004150,0.019775,1.000244
normal,5242655,0.004883,0.019531,1.000244
normal,5242675,0.012085,0.031738,0.992432
normal,5242695,0.004028,0.022827,0.993286
normal,5242715,0.005981,0.023193,0.990845
normal,5242735,0.002808,0.017944,0.977539
normal,5242755,0.023437,0.017944,1.055664
normal,5242775,0.007446,-0.025513,1.005127
normal,5242795,0.000122,-0.041504,1.018555
normal,5242815,-0.039429,0.066040,0.896362
normal,5242835,-0.043457,0.064331,0.891357
normal,5242855,0.048462,0.040039,1.060669
normal,5242875,0.040405,0.048950,1.051758
normal,5242895,0.021362,-0.050781,1.078247
normal,5242915,-0.046631,0.044800,0.890259
normal,5242935,-0.048462,0.040161,0.893677
normal,5242955,0.020020,0.069092,1.008789
normal,5242975,0.014893,0.073608,0.997437
normal,5242995,0.045654,-0.036011,1.107666
normal,5243015,0.050293,-0.031372,1.113770
normal,5243035,-0.041260,0.006958,0.926636
normal,5243055,-0.037109,-0.004150,0.940430
normal,5243075,-0.010620,0.081543,0.942383
normal,5243095,0.058228,-0.013184,1.112183
normal,5243115,0.059204,-0.004272,1.109253
normal,5243135,-0.023071,-0.025757,0.976685
normal,5243155,-0.016479,-0.033203,0.990845
normal,5243175,-0.031372,0.076782,0.908325
normal,5243195,-0.034546,0.072876,0.903076
normal,5243215,0.052734,0.029297,1.082031
normal,5243235,0.031006,0.008667,1.059570
normal,5243255,-0.000244,0.021118,1.000977
normal,5243275,0.003784,0.019165,0.999756
normal,5243295,0.005615,0.018188,1.003540
normal,5243315,0.004395,0.018555,1.000854
normal,5243335,0.035034,0.003296,1.058838
normal,5243355,-0.029663,0.005737,0.935425
normal,5243375,-0.038208,-0.003662,0.938599
normal,5243395,-0.011475,0.080078,0.945923
normal,5243415,-0.003296,0.080566,0.937866
normal,5243435,0.059692,-0.003906,1.108276
normal,5243455,-0.022217,-0.028320,0.979614
normal,5243475,-0.018066,-0.033081,0.990112
normal,5243495,-0.030640,0.075806,0.909668
normal,5243515,-0.034668,0.072876,0.904785
normal,5243535,0.055176,0.027100,1.083862
normal,5243555,0.050903,0.036377,1.073608
normal,5243575,0.007690,-0.046631,1.043091
normal,5243595,-0.043701,0.059570,1.057129
normal,5243615,-0.046021,0.055298,0.895752
normal,5243635,0.037231,0.057007,1.039917
normal,5243655,0.029785,0.063721,1.026245
normal,5243675,0.032959,-0.043091,1.085938
normal,5243695,0.040527,-0.038940,1.096191
normal,5243715,-0.047241,0.025757,0.910278
normal,5243735,-0.045410,0.015869,0.918579
normal,5243755,0.005493,0.078491,0.973999
normal,5243775,0.053101,-0.027588,0.954712
normal,5243795,0.057129,-0.019531,1.113403
normal,5243815,-0.035645,-0.008667,0.948120
normal,5243835,-0.031006,-0.017578,0.960327
normal,5243855,-0.020508,0.079468,0.927979
normal,5243875,-0.024170,0.078735,0.920898
normal,5243895,0.058350,0.009644,1.100464
normal,5243915,0.057251,0.013550,1.094604
normal,5243935,0.002686,0.016968,0.996826
normal,5243955,0.000732,0.017456,1.004028
normal,5243975,0.005615,0.015869,1.004639
normal,5243995,0.002808,0.018921,1.000610
normal,5244015,0.003906,0.019287,1.001343
normal,5244035,0.004272,0.018921,1.000854
normal,5244055,0.004395,0.017822,1.000977
normal,5244075,0.004272,0.019043,1.001221
normal,5244095,0.003784,0.018555,1.000977
normal,5244115,0.004395,0.018921,1.000610
normal,5244135,0.005005,0.018677,1.000732
normal,5244155,0.004272,0.019287,1.000977
normal,5244175,0.004272,0.019165,1.000854
normal,5244195,0.003784,0.018311,1.000732
normal,5244215,0.003418,0.018677,1.000610
normal,5244235,0.004028,0.018677,1.000732
normal,5244255,0.003784,0.019531,1.001465
normal,5244275,0.004150,0.019287,1.000854
normal,5244295,0.004395,0.018555,1.000854
normal,5244315,0.003540,0.018921,1.000732
normal,5244335,0.003540,0.018555,1.000610
normal,5244355,0.005737,0.016235,1.003662
normal,5244375,0.042114,-0.008667,1.069214
normal,5244395,-0.042847,0.022339,0.909912
normal,5244415,-0.044434,0.018066,0.914551
normal,5244435,0.003418,0.077393,0.974731
normal,5244455,0.052734,0.078613,0.966553
normal,5244475,0.056152,-0.020142,1.112183
normal,5244495,-0.035767,-0.008423,0.948242
normal,5244515,-0.031738,-0.015259,0.958252
normal,5244535,-0.019653,0.080078,0.927734
normal,5244555,-0.023315,0.079712,0.921509
normal,5244575,0.059692,0.007690,1.102051
normal,5244595,0.058838,0.015625,1.095337
normal,5244615,-0.007935,-0.041504,1.009888
normal,5244635,-0.037231,0.071045,1.027100
normal,5244655,-0.040405,0.066895,0.899292
normal,5244675,0.048462,0.041382,1.069092
normal,5244695,0.044434,0.047607,1.058105
normal,5244715,0.017944,-0.046509,1.060791
normal,5244735,0.024658,-0.045410,1.073730
normal,5244755,-0.046997,0.045044,0.898560
normal,5244775,-0.047485,0.035156,0.903442
normal,5244795,0.021118,0.070435,1.008423
normal,5244815,0.041260,-0.037598,1.099854
normal,5244835,0.047119,-0.032837,1.107300
normal,5244855,-0.042969,0.013184,0.922363
normal,5244875,-0.001587,0.019531,1.006592
normal,5244895,0.005127,0.018555,1.000977
normal,5244915,0.005371,0.016235,1.004517
normal,5244935,0.004761,0.016235,1.002075
normal,5244955,0.029419,-0.014282,1.045410
normal,5244975,-0.044800,0.045166,0.900146
normal,5244995,0.035034,0.056763,1.044678
normal,5245015,0.029053,0.064453,1.026245
normal,5245035,0.033447,-0.042480,1.085449
normal,5245055,0.040771,-0.037231,1.096436
normal,5245075,-0.046997,0.023315,0.911743
normal,5245095,-0.045044,0.015015,0.918457
normal,5245115,0.002441,0.079590,0.969849
normal,5245135,0.002197,0.084595,0.967407
normal,5245155,0.048340,-0.029053,1.103149
normal,5245175,-0.030884,-0.008301,0.957520
normal,5245195,-0.030518,-0.017090,0.960815
normal,5245215,-0.021851,0.080322,0.926392
normal,5245235,-0.025513,0.079590,0.919922
normal,5245255,0.059082,0.009399,1.101563
normal,5245275,0.058350,0.017090,1.094604
normal,5245295,-0.005615,-0.042114,1.013062
normal,5245315,0.025024,-0.045898,1.028687
normal,5245335,-0.041138,0.066772,0.897095
normal,5245355,0.044556,0.039429,1.065186
normal,5245375,0.007202,0.021362,0.997925
normal,5245395,0.004639,0.020142,1.000610
normal,5245415,0.004761,0.019531,1.000732
normal,5245435,0.015015,0.001221,1.020264
normal,5245455,0.018555,-0.030640,1.034302
normal,5245475,-0.043823,0.059814,0.896240
normal,5245495,0.043335,0.048950,0.895996
normal,5245515,0.037598,0.056396,1.045288
normal,5245535,0.025757,-0.045288,1.073608
normal,5245555,0.033081,-0.042969,1.086182
normal,5245575,-0.048950,0.036377,0.903442
normal,5245595,-0.046997,0.026245,0.910522
normal,5245615,0.013062,0.074829,0.991577
normal,5245635,0.007080,0.077148,0.979126
normal,5245655,0.052124,-0.026611,1.111206
normal,5245675,-0.040894,0.002686,1.120850
normal,5245695,-0.035889,-0.008179,0.947388
normal,5245715,-0.012817,0.080200,0.940552
normal,5245735,-0.018433,0.080566,0.932617
normal,5245755,0.060181,-0.000244,1.107422
normal,5245775,0.059692,0.005249,1.104492
normal,5245795,-0.014771,-0.036743,0.996216
normal,5245815,-0.008911,-0.040527,1.009277
normal,5245835,-0.035889,0.071533,0.903564
normal,5245855,0.052856,0.033081,1.079590
normal,5245875,0.050415,0.038696,1.071533
normal,5245895,0.011353,-0.046875,1.048340
normal,5245915,0.017456,-0.047363,1.060059
normal,5245935,-0.005127,0.029297,0.984497
normal,5245955,0.001587,0.017944,1.001953
normal,5245975,0.004028,0.017090,1.002075
normal,5245995,0.005005,0.018311,1.002808
normal,5246015,0.003662,0.019043,1.001099
normal,5246035,0.004272,0.018677,1.001099
normal,5246055,0.003052,0.018188,1.000854
normal,5246075,0.004517,0.018921,1.001221
normal,5246095,0.004028,0.019409,1.000977
normal,5246115,0.003540,0.018677,1.001221
normal,5246135,0.004761,0.018921,1.001343
normal,5246155,0.004395,0.018066,1.001099
normal,5246175,0.003784,0.018799,1.000977
normal,5246195,0.004272,0.020020,1.000732
normal,5246215,0.003418,0.019043,1.001221
normal,5246235,0.004150,0.018311,1.000977
normal,5246255,0.003906,0.018555,1.001465
normal,5246275,0.003174,0.018677,1.000854
normal,5246295,0.004517,0.018677,1.001465
normal,5246315,0.003662,0.018677,1.001221
normal,5246335,0.003662,0.018677,1.000977
normal,5246355,0.003784,0.019043,1.000977
normal,5246375,0.003784,0.019409,1.000854
normal,5246395,0.004395,0.018311,1.001221
normal,5246415,0.006714,0.026978,1.007935
normal,5246435,0.027954,-0.013550,1.039307
normal,5246455,0.019043,-0.045532,1.052979
normal,5246475,-0.045654,0.053101,0.894043
normal,5246495,-0.046509,0.045898,0.897461
normal,5246515,0.029785,0.062622,1.028442
normal,5246535,0.036133,-0.041382,1.010986
normal,5246555,0.040039,-0.039429,1.097290
normal,5246575,-0.046265,0.023560,0.911621
normal,5246595,-0.044556,0.014526,0.920166
normal,5246615,0.004028,0.078857,0.972656
normal,5246635,-0.003662,0.081299,0.957031
normal,5246655,0.056763,-0.020020,1.113403
normal,5246675,0.058105,-0.012695,1.113892
normal,5246695,-0.028687,-0.019043,0.964722
normal,5246715,-0.020752,0.080078,0.927002
normal,5246735,-0.026978,0.078735,0.916138
normal,5246755,0.058838,0.008301,1.100586
normal,5246775,0.056519,0.017944,1.093872
normal,5246795,-0.004639,-0.043335,1.016602
normal,5246815,0.001221,-0.045044,1.026855
normal,5246835,-0.041260,0.065674,0.897461
normal,5246855,-0.043945,0.061523,0.894775
normal,5246875,0.041992,0.050171,1.054443
normal,5246895,0.020630,-0.046997,1.067627
normal,5246915,0.020142,-0.002075,1.035400
normal,5246935,0.000977,0.018677,1.003662
normal,5246955,0.003662,0.018799,1.000977
normal,5246975,0.006348,0.016235,1.006470
normal,5246995,0.004028,0.019409,1.002075
normal,5247015,0.003906,0.018433,1.001953
normal,5247035,0.003540,0.018555,1.001343
normal,5247055,0.004028,0.018311,1.000732
normal,5247075,0.004150,0.018677,1.000977
normal,5247095,0.003540,0.018677,1.001343
normal,5247115,0.003662,0.020386,1.001099
normal,5247135,0.003540,0.018921,1.001099
normal,5247155,0.004395,0.018188,1.001343
normal,5247175,0.003662,0.018555,1.001099
normal,5247195,0.003906,0.018921,1.001343
normal,5247215,0.003296,0.019409,1.000977
normal,5247235,0.003906,0.018921,1.001099
normal,5247255,0.003784,0.019409,1.001099
normal,5247275,0.003906,0.018677,1.001709
normal,5247295,0.004517,0.018555,1.001587
normal,5247315,0.003784,0.018555,1.000977
normal,5247335,0.004395,0.017700,1.000732
normal,5247355,0.002808,0.019531,1.001099
normal,5247375,0.003418,0.019531,1.001099
normal,5247395,0.003662,0.018311,1.000977
normal,5247415,-0.000488,0.021118,0.995972
normal,5247435,0.020874,0.024170,1.041504
normal,5247455,0.048950,0.035889,1.080688
normal,5247475,0.009033,-0.044067,1.039063
normal,5247495,0.015259,-0.047852,1.053467
normal,5247515,-0.045410,0.054932,0.896851
normal,5247535,-0.047241,0.046875,0.896851
normal,5247555,0.031250,0.062622,1.031006
normal,5247575,0.033569,-0.042603,1.022339
normal,5247595,0.039917,-0.040039,1.094971
normal,5247615,-0.047607,0.026001,0.908081
normal,5247635,-0.045532,0.016846,0.917480
normal,5247655,0.006226,0.078003,0.977417
normal,5247675,-0.000366,0.079468,0.964478
normal,5247695,0.056396,-0.021484,1.113403
normal,5247715,0.058228,-0.015503,1.112915
normal,5247735,-0.031494,-0.017090,0.959351
normal,5247755,-0.019287,0.081299,0.928833
normal,5247775,-0.023193,0.080200,0.920776
normal,5247795,0.059937,0.008179,1.101685
normal,5247815,0.010864,0.025513,1.000732
normal,5247835,0.005615,0.017090,1.000977
normal,5247855,0.002930,0.023193,1.000488
normal,5247875,0.005371,0.018188,1.002319
normal,5247895,0.016846,0.002319,1.020630
normal,5247915,-0.036133,0.043823,0.918579
normal,5247935,0.043091,0.042358,1.069336
normal,5247955,0.041138,0.051025,1.054321
normal,5247975,0.022705,-0.045898,1.067993
normal,5247995,0.028687,-0.044800,1.077271
normal,5248015,-0.046753,0.038452,0.900513
normal,5248035,-0.046875,0.032837,0.903076
normal,5248055,0.017212,0.072266,1.000854
normal,5248075,0.009399,0.075684,0.987549
normal,5248095,0.049438,-0.031250,1.109131
normal,5248115,-0.041626,0.005615,0.930176
normal,5248135,-0.039429,-0.000244,0.938232
normal,5248155,-0.009033,0.080811,0.949219
normal,5248175,-0.014404,0.080688,0.935791
normal,5248195,0.060059,-0.008179,1.111694
normal,5248215,0.059082,0.000977,1.105225
normal,5248235,0.003662,0.014893,0.998779
normal,5248255,0.000732,0.019653,1.000488
normal,5248275,0.002563,0.018555,0.999878
normal,5248295,0.004028,0.018066,1.001709
normal,5248315,-0.012939,0.040649,0.974976
normal,5248335,0.049561,0.000610,1.093994
normal,5248355,0.059326,-0.011841,1.112915
normal,5248375,-0.027344,-0.020630,0.964844
normal,5248395,-0.023682,-0.025757,0.976318
normal,5248415,-0.026978,0.077637,0.916992
normal,5248435,0.057617,0.075806,0.907593
normal,5248455,0.057373,0.019043,1.093262
normal,5248475,-0.004150,-0.043945,1.019409
normal,5248495,0.001953,-0.045776,1.030762
normal,5248515,-0.041382,0.064819,0.896484
normal,5248535,-0.044800,0.059448,0.894775
normal,5248555,0.042236,0.050171,1.053711
normal,5248575,0.035034,0.058838,1.037354
normal,5248595,0.027954,-0.045776,1.079102
normal,5248615,-0.047607,0.040161,0.899048
normal,5248635,-0.046997,0.031494,0.905273
normal,5248655,0.017822,0.071655,1.002563
normal,5248675,0.010376,0.076782,0.985107
normal,5248695,0.049072,-0.031860,1.108643
normal,5248715,0.053101,-0.025879,1.112427
normal,5248735,-0.038330,-0.002441,0.938965
normal,5248755,-0.036011,-0.008179,0.948730
normal,5248775,-0.014771,0.080200,0.937866
normal,5248795,0.060059,-0.007568,1.110840
normal,5248815,0.009277,0.020752,1.003662
normal,5248835,0.004639,0.018311,1.000732
normal,5248855,0.001587,0.020752,0.998169
normal,5248875,0.004517,0.018677,1.002563
normal,5248895,0.003418,0.017700,1.000610
normal,5248915,0.004028,0.018921,1.001221
normal,5248935,0.003418,0.019165,1.000732
normal,5248955,0.004150,0.018555,1.001221
normal,5248975,0.003540,0.019043,1.002075
normal,5248995,0.003174,0.018066,1.001831
normal,5249015,0.004395,0.018677,1.000977
normal,5249035,0.003052,0.018555,1.001099
normal,5249055,0.003784,0.018433,1.000732
normal,5249075,0.003906,0.018921,1.001099
normal,5249095,0.003296,0.018433,1.001099
normal,5249115,0.003296,0.019165,1.001099
normal,5249135,0.003296,0.018921,1.000854
normal,5249155,0.004028,0.019043,1.000732
normal,5249175,0.002930,0.019775,1.000977
normal,5249195,0.004028,0.018921,1.000732
normal,5249215,0.004150,0.019409,1.000854
normal,5249235,0.003296,0.019043,1.001099
normal,5249255,0.017090,0.001953,1.024902
normal,5249275,-0.038574,0.040039,0.915894
normal,5249295,0.038330,0.051880,0.893188
normal,5249315,0.035156,0.057495,1.039673
normal,5249335,0.028687,-0.045288,1.079590
normal,5249355,0.035034,-0.043579,1.086670
normal,5249375,-0.047729,0.030273,0.905640
normal,5249395,-0.046875,0.024414,0.909302
normal,5249415,0.010010,0.077148,0.987305
normal,5249435,0.003418,0.078979,0.971802
normal,5249455,0.053345,-0.026123,1.112549
normal,5249475,-0.038208,-0.004028,1.096680
normal,5249495,-0.035278,-0.009766,0.948975
normal,5249515,-0.016235,0.081421,0.936035
normal,5249535,-0.020752,0.079834,0.927124
normal,5249555,0.059692,0.000244,1.107666
normal,5249575,0.058838,0.010376,1.100830
normal,5249595,-0.012939,-0.037720,0.999634
normal,5249615,-0.006348,-0.043335,1.015747
normal,5249635,-0.037598,0.070679,0.899902
normal,5249655,0.052490,0.033691,1.077515
normal,5249675,0.046387,0.045044,1.064697
normal,5249695,0.013184,-0.048218,1.051758
normal,5249715,0.021118,-0.047119,1.064819
normal,5249735,-0.047241,0.049072,0.895508
normal,5249755,-0.006958,0.030884,0.983276
normal,5249775,0.005737,0.020630,0.999390
normal,5249795,0.004272,0.018555,1.002808
normal,5249815,0.003296,0.019043,0.999756
normal,5249835,0.002319,0.019409,1.000732
normal,5249855,0.004150,0.018921,1.001221
normal,5249875,0.004028,0.018555,1.000854
normal,5249895,0.005127,0.019531,1.000977
normal,5249915,0.003418,0.019287,1.000732
normal,5249935,0.003906,0.018921,1.000732
normal,5249955,0.004150,0.018677,1.000854
normal,5249975,0.003906,0.019531,1.000977
normal,5249995,0.003540,0.019165,1.000977
normal,5250015,0.002563,0.019165,1.001343
normal,5250035,0.004272,0.019653,1.001221
normal,5250055,0.003540,0.018433,1.000977
normal,5250075,0.004272,0.019043,1.000977
normal,5250095,0.004150,0.019165,1.000732
normal,5250115,0.004150,0.018799,1.000610
normal,5250135,0.003418,0.018921,1.001221
normal,5250155,0.003052,0.019409,1.001099
normal,5250175,0.004272,0.018799,1.000977
normal,5250195,0.003784,0.019287,1.001221
normal,5250215,0.004272,0.018921,1.000610
normal,5250235,0.003540,0.018799,1.000854
normal,5250255,0.002686,0.018433,1.001465
normal,5250275,-0.000244,0.031128,0.993652
normal,5250295,-0.004395,0.057739,0.991211
normal,5250315,0.050537,-0.029297,1.105591
normal,5250335,-0.043091,-0.020508,1.111084
normal,5250355,-0.039795,0.000854,0.932861
normal,5250375,-0.005981,0.079224,0.957031
normal,5250395,-0.013916,0.080688,0.940918
normal,5250415,0.059692,-0.009644,1.112305
normal,5250435,0.060425,-0.000977,1.108643
normal,5250455,-0.020386,-0.030273,0.983276
normal,5250475,-0.015625,-0.035645,0.994507
normal,5250495,-0.033447,0.075806,0.906494
normal,5250515,0.055664,0.022705,0.903198
normal,5250535,0.053589,0.031982,1.080933
normal,5250555,0.005371,-0.047485,1.036255
normal,5250575,0.010986,-0.047729,1.046631
normal,5250595,-0.045532,0.057495,0.893066
normal,5250615,-0.046631,0.053223,0.894775
normal,5250635,0.034058,0.060425,1.035034
normal,5250655,0.028564,0.065552,1.024902
normal,5250675,-0.006226,0.037354,0.984253
normal,5250695,0.007202,0.018188,0.999634
normal,5250715,0.004517,0.019653,1.002197
normal,5250735,0.003662,0.019165,1.000977
normal,5250755,-0.006592,0.031738,0.978882
normal,5250775,0.038940,0.013184,1.075684
normal,5250795,0.060791,0.009033,1.107178
normal,5250815,-0.012207,-0.034424,0.995850
normal,5250835,-0.007935,-0.041138,1.008423
normal,5250855,-0.037231,0.070923,0.902344
normal,5250875,0.051147,0.033203,1.079224
normal,5250895,0.047974,0.040894,1.070679
normal,5250915,0.012573,-0.046143,1.047852
normal,5250935,0.019409,-0.047241,1.060913
normal,5250955,-0.046265,0.051880,0.895752
normal,5250975,-0.047119,0.043335,0.897827
normal,5250995,0.026855,0.065430,1.022583
normal,5251015,0.020996,0.071411,1.007813
normal,5251035,0.042114,-0.037842,1.100708
normal,5251055,-0.046265,0.021240,0.912842
normal,5251075,-0.015259,0.037231,0.975098
normal,5251095,0.008423,0.020874,0.997803
normal,5251115,0.004150,0.019043,1.002075
normal,5251135,0.004761,0.018677,1.003540
normal,5251155,0.021606,0.011475,1.037354
normal,5251175,-0.014648,-0.002075,0.960205
normal,5251195,-0.015747,-0.015503,0.952026
normal,5251215,-0.018921,0.079102,0.931519
normal,5251235,0.060059,-0.000732,1.108154
normal,5251255,0.058838,0.006592,1.105103
normal,5251275,-0.013428,-0.036865,0.996826
normal,5251295,-0.008423,-0.041382,1.007446
normal,5251315,-0.036621,0.071899,0.900391
normal,5251335,-0.039917,0.068970,0.896851
normal,5251355,0.049194,0.039917,1.071655
normal,5251375,0.012451,-0.048218,1.057617
normal,5251395,0.018066,-0.048096,1.061523
normal,5251415,-0.046631,0.051392,0.895752
normal,5251435,-0.047607,0.046021,0.896484
normal,5251455,0.028076,0.065918,1.023682
normal,5251475,0.021118,0.072388,1.005859
normal,5251495,0.041382,-0.038818,1.100220
normal,5251515,0.046753,-0.033325,1.106812
normal,5251535,-0.045166,0.012085,0.921753
normal,5251555,0.002197,0.079468,0.970093
normal,5251575,-0.005615,0.081909,0.953735
normal,5251595,0.057373,-0.018677,1.114502
normal,5251615,0.059082,-0.010986,1.112671
normal,5251635,-0.028687,-0.021362,0.966919
normal,5251655,-0.007324,0.031250,0.984619
normal,5251675,0.005737,0.017700,1.000244
normal,5251695,0.004272,0.019531,1.001465
normal,5251715,0.004883,0.018433,1.002930
normal,5251735,0.002686,0.019409,1.000732
normal,5251755,0.003540,0.019043,1.000732
normal,5251775,0.002808,0.018921,1.001099
normal,5251795,0.003174,0.018799,1.000732
normal,5251815,0.003784,0.019775,1.000610
normal,5251835,0.004150,0.019287,1.000854
normal,5251855,0.003662,0.019531,1.000610
normal,5251875,0.003662,0.018677,1.000732
normal,5251895,0.004395,0.019043,1.001099
normal,5251915,0.003662,0.018921,1.000977
normal,5251935,0.003418,0.019653,1.000977
normal,5251955,0.003418,0.018555,1.000610
normal,5251975,0.003296,0.018799,1.000732
normal,5251995,0.003906,0.018066,1.000732
normal,5252015,0.003418,0.018188,1.000610
normal,5252035,0.003906,0.019165,1.000732
normal,5252055,0.004272,0.019165,1.000854
normal,5252075,0.003174,0.019165,1.001221
normal,5252095,0.004395,0.018433,1.000977
normal,5252115,-0.015015,0.021118,0.959106
normal,5252135,0.004517,0.053467,1.010010
normal,5252155,0.015259,0.071899,1.002686
normal,5252175,0.046753,-0.034058,1.104370
normal,5252195,0.049683,-0.029419,1.109375
normal,5252215,-0.041138,0.005127,0.926880
normal,5252235,-0.004150,-0.012817,0.938477
normal,5252255,-0.009644,0.080933,0.947998
normal,5252275,0.058960,-0.012207,1.112793
normal,5252295,0.059937,-0.006104,1.110718
normal,5252315,-0.024780,-0.026611,0.973755
normal,5252335,-0.018433,-0.033203,0.990234
normal,5252355,-0.030029,0.077637,0.910156
normal,5252375,-0.036865,0.073853,0.901978
normal,5252395,0.054810,0.026733,1.086548
normal,5252415,-0.000610,-0.045410,1.089355
normal,5252435,0.007935,-0.048096,1.042725
normal,5252455,-0.044067,0.061646,0.894531
normal,5252475,-0.046387,0.054687,0.893555
normal,5252495,0.037598,0.056885,1.043091
normal,5252515,0.031982,0.063232,1.030396
normal,5252535,0.032959,-0.044678,1.088257
normal,5252555,0.038452,-0.041382,1.095703
normal,5252575,-0.046387,0.024658,0.910767
normal,5252595,0.012451,0.075562,0.990845
normal,5252615,0.015503,0.012695,1.008545
normal,5252635,0.005737,0.018677,1.002075
normal,5252655,0.005127,0.016968,1.001831
normal,5252675,0.002563,0.018921,1.000488
normal,5252695,0.003662,0.018433,1.000854
normal,5252715,0.004517,0.018433,1.000732
normal,5252735,0.003174,0.018799,1.000610
normal,5252755,0.003174,0.018188,1.000610
normal,5252775,0.004639,0.018311,1.000732
normal,5252795,0.004028,0.018921,1.001099
normal,5252815,0.004517,0.019165,1.000732
normal,5252835,0.004028,0.018799,1.000854
normal,5252855,0.003052,0.019531,1.001221
normal,5252875,0.004028,0.018799,1.000977
normal,5252895,0.003296,0.019043,1.000977
normal,5252915,0.003784,0.019775,1.001343
normal,5252935,0.004395,0.019287,1.000854
normal,5252955,0.002808,0.018799,1.000488
normal,5252975,0.005005,0.018921,1.000732
normal,5252995,0.003540,0.018677,1.001099
normal,5253015,0.003906,0.019775,1.000854
normal,5253035,0.004028,0.018433,1.000977
normal,5253055,0.003540,0.019165,1.000610
normal,5253075,0.003662,0.018433,1.000854
normal,5253095,0.004272,0.018799,1.000732
normal,5253115,0.003662,0.018799,1.001099
normal,5253135,0.003052,0.009277,0.993286
normal,5253155,-0.021729,-0.004028,0.948853
normal,5253175,-0.015503,0.078735,0.941528
normal,5253195,-0.021118,0.079590,0.928101
normal,5253215,0.059570,0.001343,1.107666
normal,5253235,0.059326,0.008911,1.102173
normal,5253255,-0.012329,-0.038574,1.001221
normal,5253275,-0.034424,-0.049316,1.012451
normal,5253295,-0.037476,0.070068,0.899658
normal,5253315,0.051147,0.034668,1.078369
normal,5253335,0.047729,0.042603,1.067993
normal,5253355,0.014282,-0.048096,1.054077
normal,5253375,0.020020,-0.047363,1.062744
normal,5253395,-0.047363,0.049316,0.895630
normal,5253415,-0.047119,0.043701,0.897095
normal,5253435,0.026733,0.066284,1.019653
normal,5253455,0.037476,-0.040649,1.002197
normal,5253475,0.041992,-0.038330,1.101196
normal,5253495,-0.044678,0.017700,0.915039
normal,5253515,-0.029907,0.016235,0.934082
normal,5253535,0.002808,0.016602,1.010254
normal,5253555,0.003174,0.018188,1.001465
normal,5253575,0.000610,0.020264,0.998779
normal,5253595,0.002686,0.018921,1.000610
normal,5253615,0.019897,0.002441,1.028809
normal,5253635,-0.036377,0.035278,0.917969
normal,5253655,-0.047974,0.043335,0.893188
normal,5253675,0.027588,0.064453,1.024658
normal,5253695,0.021729,0.070190,1.012207
normal,5253715,0.040771,-0.038086,1.098022
normal,5253735,0.046753,-0.034546,1.105835
normal,5253755,-0.044556,0.012451,0.920288
normal,5253775,-0.039917,0.001709,0.932739
normal,5253795,-0.004639,0.081177,0.955566
normal,5253815,0.057617,-0.019287,1.115112
normal,5253835,0.059082,-0.011230,1.112915
normal,5253855,-0.030029,-0.020630,0.963867
normal,5253875,-0.022949,-0.029297,0.978882
normal,5253895,-0.027466,0.079590,0.915039
normal,5253915,-0.032104,0.076782,0.908936
normal,5253935,0.011108,0.023682,1.001221
normal,5253955,0.004883,0.019653,1.000732
normal,5253975,0.004639,0.017334,1.001831
normal,5253995,0.002930,0.019409,1.000244
normal,5254015,-0.015137,0.041138,0.971680
normal,5254035,0.049316,0.004761,1.094482
normal,5254055,0.060059,-0.005615,1.111938
normal,5254075,-0.022583,-0.026733,0.975830
normal,5254095,-0.018066,-0.031982,0.987427
normal,5254115,-0.031006,0.075928,0.911987
normal,5254135,0.055786,0.074829,0.905640
normal,5254155,0.054199,0.026367,1.086914
normal,5254175,0.002197,-0.045898,1.029175
normal,5254195,0.008423,-0.047607,1.041138
normal,5254215,-0.043335,0.061401,0.894531
normal,5254235,-0.047119,0.056030,0.894287
normal,5254255,0.037476,0.058105,1.043823
normal,5254275,0.030640,0.064575,1.027588
normal,5254295,0.033691,-0.044800,1.087402
normal,5254315,-0.048218,0.033936,1.095947
normal,5254335,-0.046997,0.024048,0.911011
normal,5254355,0.012085,0.076904,0.990601
normal,5254375,0.004395,0.079712,0.973755
normal,5254395,0.052612,-0.027344,1.112427
normal,5254415,0.056885,-0.021484,1.113281
normal,5254435,-0.034180,-0.010498,0.948975
normal,5254455,-0.031738,-0.015869,0.958008
normal,5254475,-0.020264,0.080566,0.928223
normal,5254495,0.059692,-0.000977,1.108765
normal,5254515,0.010132,0.020264,1.003540
normal,5254535,0.005127,0.017822,1.001587
normal,5254555,0.002686,0.020630,0.999146
normal,5254575,0.003296,0.019653,1.002563
normal,5254595,0.003662,0.018188,1.000732
normal,5254615,0.002686,0.018677,1.001221
normal,5254635,0.003418,0.019043,1.001221
normal,5254655,0.003052,0.019165,1.001099
normal,5254675,0.003784,0.018921,1.000977
normal,5254695,0.003052,0.019043,1.000732
normal,5254715,0.003540,0.019409,1.000854
normal,5254735,0.003174,0.018555,1.000732
normal,5254755,0.004272,0.019409,1.001343
normal,5254775,0.003296,0.019653,1.000732
normal,5254795,0.004028,0.019409,1.000854
normal,5254815,0.004028,0.018311,1.001831
normal,5254835,0.003540,0.018677,1.000732
normal,5254855,0.002686,0.018433,1.000977
normal,5254875,0.003540,0.018921,1.000854
normal,5254895,0.002808,0.019043,1.000854
normal,5254915,0.004272,0.018677,1.000977
normal,5254935,0.003540,0.018677,1.000977
normal,5254955,-0.000732,0.020142,0.994141
normal,5254975,0.009888,0.034180,1.021118
normal,5254995,0.033813,0.055054,1.046631
normal,5255015,0.030518,-0.043213,1.078979
normal,5255035,-0.046875,0.038818,0.899780
normal,5255055,-0.047607,0.031982,0.902832
normal,5255075,0.016724,0.073364,0.999756
normal,5255095,0.010376,0.077637,0.986328
normal,5255115,0.050415,-0.031006,1.110107
normal,5255135,0.055176,-0.025024,1.113281
normal,5255155,-0.039795,-0.001831,0.935913
normal,5255175,-0.009277,-0.012939,0.950562
normal,5255195,-0.015625,0.081665,0.935547
normal,5255215,0.059570,-0.007080,1.111206
normal,5255235,0.059570,0.002441,1.106201
normal,5255255,-0.019043,-0.031372,0.985596
normal,5255275,-0.011841,-0.039429,1.002197
normal,5255295,-0.035034,0.075562,0.903442
normal,5255315,-0.037598,0.070923,0.899170
normal,5255335,0.050903,0.036865,1.074951
normal,5255355,0.006958,-0.047363,1.071533
normal,5255375,0.014038,-0.048340,1.053589
normal,5255395,-0.046265,0.056641,0.893311
normal,5255415,-0.046631,0.049438,0.895386
normal,5255435,0.030762,0.064697,1.029297
normal,5255455,0.012695,0.053467,1.007324
normal,5255475,0.001465,0.019653,0.998169
normal,5255495,0.004272,0.019653,1.000488
normal,5255515,0.001465,0.021240,0.997803
normal,5255535,0.003906,0.018188,1.001953
normal,5255555,0.003174,0.018188,1.001099
normal,5255575,0.003540,0.018799,1.000854
normal,5255595,0.003174,0.020142,1.000977
normal,5255615,0.003906,0.019653,1.000732
normal,5255635,0.003296,0.019165,1.000732
normal,5255655,0.003174,0.019165,1.000977
normal,5255675,0.004639,0.018921,1.000854
normal,5255695,0.003174,0.019043,1.000488
normal,5255715,0.004028,0.018555,1.001099
normal,5255735,0.004150,0.019653,1.000732
normal,5255755,0.003662,0.018433,1.000610
normal,5255775,0.004028,0.018311,1.000732
normal,5255795,0.003906,0.018311,1.001099
normal,5255815,0.002808,0.019165,1.000732
normal,5255835,0.003418,0.018921,1.000732
normal,5255855,0.003906,0.018066,1.000732
normal,5255875,0.004150,0.019409,1.000610
normal,5255895,0.003418,0.019531,1.000977
normal,5255915,0.003540,0.019043,1.001099
normal,5255935,0.003906,0.018799,1.000977
normal,5255955,0.003784,0.018677,1.000732
normal,5255975,-0.000488,0.019287,0.993408
normal,5255995,-0.036743,0.031738,0.917969
normal,5256015,0.026367,0.059082,1.035156
normal,5256035,0.035278,0.068481,1.016113
normal,5256055,0.040039,-0.038940,1.095947
normal,5256075,-0.047119,0.024658,0.908203
normal,5256095,-0.045288,0.013672,0.918579
normal,5256115,0.004517,0.078979,0.974609
normal,5256135,-0.002441,0.079956,0.961670
normal,5256155,0.057495,-0.020142,1.114014
normal,5256175,0.059204,-0.014160,1.113403
normal,5256195,-0.029541,-0.019287,0.962158
normal,5256215,-0.020264,0.081665,0.972046
normal,5256235,-0.026245,0.079102,0.918701
normal,5256255,0.059570,0.010498,1.102051
normal,5256275,0.057739,0.016235,1.096069
normal,5256295,-0.006470,-0.043213,1.013916
normal,5256315,-0.000610,-0.045898,1.025146
normal,5256335,-0.042236,0.066772,0.896484
normal,5256355,-0.043335,0.062378,0.894409
normal,5256375,0.015747,0.021118,1.004639
normal,5256395,0.005005,0.017090,1.001099
normal,5256415,0.003052,0.023071,0.998047
normal,5256435,0.004517,0.018677,1.001953
normal,5256455,0.003174,0.007935,0.995239
normal,5256475,-0.024170,0.056885,0.953003
normal,5256495,-0.019653,0.078735,0.935059
normal,5256515,0.060669,-0.001831,1.111084
normal,5256535,0.059326,0.005371,1.105713
normal,5256555,-0.015869,-0.034668,0.990234
normal,5256575,-0.033325,0.076172,0.907471
normal,5256595,-0.036743,0.073608,0.901855
normal,5256615,0.053101,0.030640,1.082275
normal,5256635,0.049683,0.039429,1.072021
normal,5256655,0.009766,-0.047852,1.044800
normal,5256675,0.018555,-0.047607,1.059937
normal,5256695,-0.046509,0.053711,0.894409
normal,5256715,-0.047729,0.046265,0.897095
normal,5256735,0.028687,0.065552,1.023804
normal,5256755,0.034668,-0.043213,1.089478
normal,5256775,0.028809,-0.024658,1.055786
normal,5256795,-0.001099,0.020020,1.006348
normal,5256815,0.002808,0.018066,1.001587
normal,5256835,0.001953,0.020508,0.999634
normal,5256855,-0.000122,0.021362,0.993286
normal,5256875,0.022949,0.023071,1.044434
normal,5256895,0.050293,0.030640,1.087524
normal,5256915,0.003296,-0.043823,1.028687
normal,5256935,-0.042725,0.063110,0.895264
normal,5256955,-0.044556,0.059692,0.894775
normal,5256975,0.040161,0.052856,1.052734
normal,5256995,0.034912,0.059082,1.040771
normal,5257015,0.028442,-0.045898,1.079102
normal,5257035,0.036011,-0.042725,1.090454
normal,5257055,-0.047852,0.032104,0.904175
normal,5257075,0.017334,0.011597,0.912598
normal,5257095,0.010254,0.077148,0.986084
normal,5257115,0.050171,-0.031006,1.108765
normal,5257135,0.052856,-0.024658,1.113159
normal,5257155,-0.039673,-0.002075,0.936646
normal,5257175,-0.034424,-0.012329,0.950439
normal,5257195,-0.016113,0.081787,0.935425
normal,5257215,-0.020752,0.081665,0.927124
normal,5257235,0.059814,0.003174,1.106812
normal,5257255,-0.018799,-0.033081,1.113281
normal,5257275,-0.011475,-0.038574,1.001709
normal,5257295,-0.034546,0.074951,0.903809
normal,5257315,-0.038696,0.071655,0.899292
normal,5257335,0.050415,0.037598,1.074951
normal,5257355,0.035522,0.037720,1.053345
normal,5257375,0.000244,0.020996,0.998779
normal,5257395,0.005615,0.019531,1.000977
normal,5257415,0.003052,0.021606,1.000610
normal,5257435,0.003906,0.019287,1.002441
normal,5257455,0.003296,0.018188,1.001465
normal,5257475,0.004272,0.019653,1.000977
normal,5257495,0.003540,0.018799,1.000854
normal,5257515,0.003784,0.019531,1.000610
normal,5257535,0.003540,0.018555,1.000854
normal,5257555,0.003906,0.018921,1.000854
normal,5257575,0.004272,0.018921,1.001221
normal,5257595,0.004639,0.019043,1.000854
normal,5257615,0.004028,0.018799,1.000977
normal,5257635,0.002930,0.019409,1.000854
normal,5257655,0.003906,0.019531,1.001099
normal,5257675,0.003784,0.018311,1.000854
normal,5257695,0.003540,0.019409,1.000854
normal,5257715,0.003052,0.018188,1.000854
normal,5257735,0.004150,0.019409,1.000854
normal,5257755,0.002930,0.019897,1.000732
normal,5257775,0.002808,0.018921,1.001343
normal,5257795,0.002441,0.022827,0.999390
normal,5257815,-0.018677,0.055664,0.966064
normal,5257835,0.059082,-0.013550,1.113159
normal,5257855,0.060425,-0.012085,1.114868
normal,5257875,-0.029175,-0.019165,0.960571
normal,5257895,-0.025024,-0.024902,0.971313
normal,5257915,-0.026611,0.079590,0.918091
normal,5257935,-0.003418,0.078369,0.911621
normal,5257955,0.057373,0.016968,1.096924
normal,5257975,-0.006836,-0.043823,1.015015
normal,5257995,-0.000244,-0.046265,1.025391
normal,5258015,-0.042236,0.066650,0.896118
normal,5258035,-0.043945,0.063232,0.894897
normal,5258055,0.042847,0.049805,1.057861
normal,5258075,0.037598,0.057129,1.045410
normal,5258095,0.027222,-0.047363,1.076050
normal,5258115,-0.047974,-0.051636,1.086304
normal,5258135,-0.048096,0.035645,0.900757
normal,5258155,0.020264,0.072021,1.007080
normal,5258175,0.012329,0.076660,0.991333
normal,5258195,0.047241,-0.033813,1.108887
normal,5258215,0.052612,-0.028564,1.113037
normal,5258235,-0.041016,0.000977,0.933350
normal,5258255,-0.036621,-0.007202,0.945435
normal,5258275,-0.013306,0.082397,0.938843
normal,5258295,0.054199,-0.007080,1.103638
normal,5258315,0.004272,0.021606,0.998047
normal,5258335,0.004395,0.019287,1.000610
normal,5258355,0.002075,0.020996,0.998291
normal,5258375,0.004150,0.019897,1.000732
normal,5258395,0.002808,0.019043,1.001831
normal,5258415,0.003296,0.018066,1.001099
normal,5258435,0.004028,0.018921,1.000854
normal,5258455,0.003418,0.018921,1.000732
normal,5258475,0.003418,0.018311,1.001099
normal,5258495,0.003662,0.018921,1.000610
normal,5258515,0.003418,0.019043,1.001465
normal,5258535,0.003784,0.018677,1.000854
normal,5258555,0.004761,0.019531,1.001465
normal,5258575,0.003052,0.019409,1.001099
normal,5258595,0.003418,0.018677,1.001343
normal,5258615,0.003418,0.018677,1.000977
normal,5258635,0.003296,0.019653,1.000854
normal,5258655,0.004272,0.018799,1.001465
normal,5258675,0.002930,0.018921,1.000854
normal,5258695,0.004028,0.018799,1.000854
normal,5258715,0.004150,0.019409,1.001099
normal,5258735,0.003784,0.019043,1.001221
normal,5258755,0.003540,0.018433,1.000977
normal,5258775,0.003174,0.019409,1.001099
normal,5258795,0.004150,0.019287,1.001831
normal,5258815,0.002808,0.019531,1.000732
normal,5258835,0.010376,0.026855,1.022095
normal,5258855,0.038940,0.037354,1.072266
normal,5258875,0.011475,-0.047119,1.042847
normal,5258895,0.019165,-0.046387,1.060913
normal,5258915,-0.046753,0.052856,0.894043
normal,5258935,-0.047485,0.043335,0.897217
normal,5258955,0.026855,0.067139,1.024292
normal,5258975,0.037109,0.070923,1.010986
normal,5258995,0.042236,-0.038330,1.101318
normal,5259015,-0.046143,0.022583,0.913940
normal,5259035,-0.041382,0.014038,0.923950
normal,5259055,0.002197,0.083496,0.968872
normal,5259075,-0.000732,0.087524,0.959473
normal,5259095,0.048584,-0.027832,1.102173
normal,5259115,0.053711,-0.018677,1.107178
normal,5259135,-0.027954,-0.020874,0.968384
normal,5259155,-0.023315,0.081299,0.977905
normal,5259175,-0.027344,0.080078,0.916382
normal,5259195,0.058228,0.012695,1.100342
normal,5259215,0.010254,0.024780,1.000366
normal,5259235,0.005493,0.017212,1.000977
normal,5259255,0.003906,0.021118,1.001953
normal,5259275,0.004517,0.020020,1.000488
normal,5259295,0.001343,0.040649,1.006470
normal,5259315,0.044189,-0.027100,1.083374
normal,5259335,-0.046997,0.028809,0.901978
normal,5259355,-0.045044,0.019897,0.911987
normal,5259375,0.009033,0.077637,0.986328
normal,5259395,0.002319,0.079712,0.972168
normal,5259415,0.054932,-0.024170,1.113647
normal,5259435,0.057373,-0.020020,1.115112
normal,5259455,-0.032104,-0.013672,0.953979
normal,5259475,-0.029663,-0.019165,0.962769
normal,5259495,-0.021973,0.080566,0.924194
normal,5259515,0.059937,0.003418,1.106812
normal,5259535,0.059937,0.010254,1.102417
normal,5259555,-0.011230,-0.040527,1.004517
normal,5259575,-0.005737,-0.043213,1.016357
normal,5259595,-0.038574,0.070190,0.899780
normal,5259615,-0.009888,0.032715,0.987427
normal,5259635,0.006714,0.022583,0.996094
normal,5259655,0.003540,0.019165,1.002441
normal,5259675,0.006104,0.017944,1.003540
normal,5259695,-0.000122,0.020630,0.994507
normal,5259715,-0.036987,0.038696,0.919067
normal,5259735,0.035522,0.050903,1.056519
normal,5259755,0.033447,0.059448,1.038940
normal,5259775,0.030884,-0.044678,1.081055
normal,5259795,0.035278,-0.041748,1.089233
normal,5259815,-0.047607,0.028076,0.906738
normal,5259835,-0.046387,0.022705,0.911377
normal,5259855,0.009033,0.078125,0.983887
normal,5259875,0.050171,-0.029785,1.111938
normal,5259895,0.053589,-0.024536,1.114990
normal,5259915,-0.037476,-0.005981,0.942139
normal,5259935,-0.034912,-0.010254,0.951050
normal,5259955,-0.016479,0.080688,0.934570
normal,5259975,-0.021484,0.081787,0.924316
normal,5259995,0.059448,0.002197,1.107300
normal,5260015,-0.016724,0.027588,1.100220
normal,5260035,-0.012817,-0.039185,1.003540
normal,5260055,-0.034790,0.074097,0.905151
normal,5260075,-0.039185,0.069946,0.899902
normal,5260095,0.051025,0.036499,1.077393
normal,5260115,0.045166,0.047241,1.063477
normal,5260135,0.014771,-0.047852,1.056396
normal,5260155,0.021973,-0.048462,1.067993
normal,5260175,-0.047363,0.048096,0.897095
normal,5260195,0.031006,0.064209,0.904541
normal,5260215,0.022949,0.070312,1.014648
normal,5260235,0.038940,-0.041382,1.097900
normal,5260255,0.045044,-0.036377,1.104004
normal,5260275,-0.045166,0.015381,0.919312
normal,5260295,-0.043091,0.008545,0.925537
normal,5260315,-0.003052,0.082031,0.959961
normal,5260335,-0.008301,0.082275,0.951172
normal,5260355,0.058594,-0.014771,1.115479
normal,5260375,-0.029907,-0.018188,0.962158
normal,5260395,-0.026367,-0.025146,0.970703
normal,5260415,-0.025635,0.080811,0.918457
normal,5260435,-0.003906,0.031128,0.998901
normal,5260455,0.005859,0.023193,0.995483
normal,5260475,0.002686,0.018555,1.001709
normal,5260495,0.004639,0.020264,1.002197
normal,5260515,-0.005493,0.030273,0.983154
normal,5260535,0.041504,0.007813,1.079834
normal,5260555,-0.023315,-0.016968,0.958618
normal,5260575,-0.022583,-0.025146,0.972534
normal,5260595,-0.027100,0.080078,0.916748
normal,5260615,-0.030762,0.077515,0.910889
normal,5260635,0.056763,0.021362,1.094238
normal,5260655,0.054321,0.027344,1.086914
normal,5260675,0.000610,-0.045410,1.028198
normal,5260695,0.008179,-0.049072,1.043335
normal,5260715,-0.044067,0.061890,0.893799
normal,5260735,0.041138,0.053101,1.054077
normal,5260755,0.036987,0.057739,1.043335
normal,5260775,0.026978,-0.046631,1.077637
normal,5260795,0.033569,-0.044556,1.088745
normal,5260815,-0.048462,0.035034,0.901489
normal,5260835,-0.046143,0.024170,0.910645
normal,5260855,0.011719,0.076660,0.990356
normal,5260875,0.048584,0.080200,0.974976
normal,5260895,0.052124,-0.026855,1.112671
normal,5260915,-0.040039,0.001099,0.934570
normal,5260935,-0.034424,-0.010620,0.949219
normal,5260955,-0.014404,0.082275,0.939575
normal,5260975,-0.018677,0.081055,0.929810
normal,5260995,0.059326,0.000244,1.108398
normal,5261015,0.058838,0.005249,1.104858
normal,5261035,-0.014038,-0.038452,0.998901
normal,5261055,-0.034668,0.076538,1.010254
normal,5261075,-0.037231,0.072998,0.901855
normal,5261095,0.051880,0.034912,1.078125
normal,5261115,0.048828,0.040771,1.071045
normal,5261135,0.012573,-0.048462,1.051514
normal,5261155,0.017456,-0.047729,1.061768
normal,5261175,-0.046875,0.051636,0.895142
normal,5261195,-0.048950,0.044312,0.897705
normal,5261215,0.026855,0.067017,1.022949
normal,5261235,0.037231,-0.041626,1.094360
normal,5261255,-0.003906,0.035156,0.989014
normal,5261275,0.005859,0.017578,1.000366
normal,5261295,0.004028,0.019165,1.001343
normal,5261315,0.002686,0.018799,1.000122
normal,5261335,-0.009033,0.027344,0.977173
normal,5261355,0.030396,0.023926,1.063477
normal,5261375,0.052734,0.030273,1.088989
normal,5261395,0.004150,-0.044922,1.030396
normal,5261415,-0.042969,0.064331,0.896362
normal,5261435,-0.044678,0.059937,0.894653
normal,5261455,0.038574,0.054810,1.051270
normal,5261475,0.034546,0.059204,1.040039
normal,5261495,0.028931,-0.046021,1.079834
normal,5261515,0.034912,-0.043457,1.090942
normal,5261535,-0.048340,0.031616,0.904175
normal,5261555,-0.046265,0.021362,0.912720
normal,5261575,0.009155,0.078247,0.986328
normal,5261595,0.049316,-0.031006,1.111206
normal,5261615,0.054077,-0.025391,1.114868
normal,5261635,-0.039307,-0.002441,0.937988
normal,5261655,-0.034302,-0.013794,0.951904
normal,5261675,-0.015137,0.082764,0.935913
normal,5261695,-0.021729,0.081543,0.925171
normal,5261715,0.060059,0.001953,1.108154
normal,5261735,0.059082,0.009033,1.102661
normal,5261755,-0.011230,-0.040527,1.004028
normal,5261775,-0.035889,0.075684,0.904053
normal,5261795,-0.038574,0.070190,0.899048
normal,5261815,0.049805,0.038208,1.075073
normal,5261835,0.046509,0.042847,1.067749
normal,5261855,0.014648,-0.048950,1.056396
normal,5261875,0.021240,-0.048340,1.065186
normal,5261895,-0.046631,0.049316,0.895752
normal,5261915,0.030396,0.033813,0.898315
normal,5261935,0.024170,0.068604,1.017700
normal,5261955,0.039185,-0.041626,1.096191
normal,5261975,0.044067,-0.038208,1.103271
normal,5261995,-0.045288,0.017334,0.916016
normal,5262015,-0.042603,0.007935,0.925293
normal,5262035,-0.001709,0.081543,0.964111
normal,5262055,-0.011841,0.071899,0.951050
normal,5262075,0.001587,0.018188,1.000488
normal,5262095,0.001221,0.017334,1.003418
normal,5262115,0.004761,0.017822,1.002197
normal,5262135,0.001343,0.018921,1.000732
normal,5262155,-0.020020,0.030396,0.955933
normal,5262175,0.023560,0.041626,1.048706
normal,5262195,0.037842,0.055420,1.050171
normal,5262215,0.027100,-0.045166,1.075073
normal,5262235,0.032227,-0.044312,1.083252
normal,5262255,-0.048584,0.035400,0.901978
normal,5262275,0.018188,0.073242,1.003418
normal,5262295,0.013794,0.075562,0.993164
normal,5262315,0.048096,-0.033081,1.108276
normal,5262335,0.052490,-0.028076,1.112305
normal,5262355,-0.040161,0.002319,0.932861
normal,5262375,-0.036011,-0.007935,0.944946
normal,5262395,-0.012817,0.083374,0.942139
normal,5262415,-0.019653,0.082520,0.929321
normal,5262435,0.060669,-0.001953,1.109131
normal,5262455,-0.022095,-0.030640,0.981934
normal,5262475,-0.015137,-0.038208,0.997559
normal,5262495,-0.033691,0.077271,0.907349
normal,5262515,-0.037476,0.072754,0.900513
normal,5262535,0.052490,0.032593,1.082031
normal,5262555,0.049805,0.040771,1.071533
normal,5262575,0.011230,-0.048706,1.049805
normal,5262595,0.017212,-0.048706,1.058716
normal,5262615,-0.047241,0.050781,0.896118
normal,5262635,0.033691,0.061646,1.036255
normal,5262655,0.028076,0.066162,1.023438
normal,5262675,0.036255,-0.042358,1.093628
normal,5262695,0.041260,-0.039917,1.100220
normal,5262715,-0.046265,0.019775,0.913452
normal,5262735,-0.044312,0.013184,0.919800
normal,5262755,0.001465,0.081055,0.970215
normal,5262775,-0.008423,0.082275,0.955811
normal,5262795,0.056885,-0.019775,1.114746
normal,5262815,-0.033691,-0.013916,0.951172
normal,5262835,-0.029663,-0.020264,0.963379
normal,5262855,-0.021851,0.081421,0.923340
normal,5262875,0.017334,0.011475,1.006226
normal,5262895,0.003662,0.019653,1.002686
normal,5262915,0.004395,0.019409,1.004028
normal,5262935,0.003540,0.019287,1.001099
normal,5262955,0.012695,0.015625,0.983154
normal,5262975,0.049561,-0.007446,1.090698
normal,5262995,-0.040894,0.004272,0.923828
normal,5263015,-0.038574,-0.004272,0.938721
normal,5263035,-0.010742,0.082153,0.946655
normal,5263055,-0.015869,0.082397,0.935425
normal,5263075,0.060059,-0.004028,1.110107
normal,5263095,0.060425,0.001587,1.106812
normal,5263115,-0.018066,-0.035034,0.989868
normal,5263135,-0.032471,0.078247,0.908813
normal,5263155,-0.035522,0.075928,0.903687
normal,5263175,0.054321,0.029663,1.084595
normal,5263195,0.050171,0.035400,1.076782
normal,5263215,0.007568,-0.049316,1.042236
normal,5263235,0.014526,-0.049316,1.055420
normal,5263255,-0.046143,0.056885,0.894897
normal,5263275,-0.047729,0.048340,0.895508
normal,5263295,0.031494,0.063843,1.030884
normal,5263315,0.032959,-0.044556,1.087769
normal,5263335,0.039063,-0.042114,1.096191
normal,5263355,-0.046753,0.026001,0.908203
normal,5263375,-0.045532,0.015747,0.917114
normal,5263395,0.005127,0.079956,0.976929
normal,5263415,-0.003784,0.081909,0.959717
normal,5263435,0.055908,-0.021606,1.114380
normal,5263455,0.058960,-0.016113,1.115967
normal,5263475,-0.030518,-0.019043,0.959351
normal,5263495,-0.019531,0.083618,0.930176
normal,5263515,-0.025757,0.080566,0.918335
normal,5263535,0.059570,0.007935,1.103760
normal,5263555,0.058350,0.016235,1.098389
normal,5263575,-0.006226,-0.044434,1.012695
normal,5263595,-0.002197,-0.046265,1.022705
normal,5263615,-0.041748,0.067871,0.896729
normal,5263635,-0.042969,0.063843,0.894653
normal,5263655,0.043945,0.048828,1.060059
normal,5263675,0.020264,-0.048096,1.064087
normal,5263695,0.001221,0.017578,0.998779
normal,5263715,-0.000244,0.018066,1.001709
normal,5263735,0.005493,0.016846,1.002441
normal,5263755,0.002319,0.018921,1.000732
normal,5263775,0.022217,-0.005371,1.032715
normal,5263795,-0.042847,0.047485,0.904053
normal,5263815,0.041260,0.051758,0.893188
normal,5263835,0.034790,0.058350,1.043335
normal,5263855,0.028687,-0.047119,1.076416
normal,5263875,0.033691,-0.044434,1.086548
normal,5263895,-0.047241,0.032837,0.901611
normal,5263915,-0.046509,0.026611,0.906860
normal,5263935,0.010132,0.078491,0.987305
normal,5263955,0.005371,0.079956,0.977051
normal,5263975,0.052368,-0.027100,1.112793
normal,5263995,-0.039185,-0.002686,1.115723
normal,5264015,-0.036377,-0.007935,0.945435
normal,5264035,-0.014404,0.082764,0.937988
normal,5264055,-0.018799,0.083496,0.928101
normal,5264075,0.059448,-0.001709,1.109985
normal,5264095,0.057983,0.008911,1.104370
normal,5264115,-0.014404,-0.038208,0.996826
normal,5264135,-0.006348,-0.044312,1.013794
normal,5264155,-0.037720,0.073853,0.900024
normal,5264175,0.052734,0.033691,1.081177
normal,5264195,0.047852,0.042480,1.069214
normal,5264215,0.012329,-0.049072,1.049683
normal,5264235,0.019775,-0.048950,1.064819
normal,5264255,-0.047363,0.052368,0.894043
normal,5264275,-0.048218,0.043823,0.897461
normal,5264295,0.026611,0.068726,1.018677
normal,5264315,0.020508,0.071777,1.008545
normal,5264335,0.042847,-0.038574,1.101807
normal,5264355,-0.047119,0.020020,0.912231
normal,5264375,-0.043457,0.011108,0.921387
normal,5264395,0.000000,0.082275,0.963989
normal,5264415,-0.006226,0.082642,0.952759
normal,5264435,0.057373,-0.016479,1.114014
normal,5264455,0.059082,-0.011719,1.112793
normal,5264475,-0.026978,-0.022095,0.965820
normal,5264495,-0.009277,-0.010376,0.976807
normal,5264515,0.001709,0.016479,1.010132
normal,5264535,0.005127,0.018921,1.001099
normal,5264555,0.002075,0.020508,1.000366
normal,5264575,0.002930,0.020386,1.000854
normal,5264595,-0.027588,0.036011,0.934570
normal,5264615,0.031494,0.045532,1.057129
normal,5264635,0.036377,0.057861,1.046753
normal,5264655,0.027100,-0.045776,1.074585
normal,5264675,0.047241,-0.044434,1.082397
normal,5264695,-0.047607,0.034424,0.902100
normal,5264715,0.019043,0.073120,1.005005
normal,5264735,0.013062,0.076660,0.993408
normal,5264755,0.047974,-0.032959,1.109375
normal,5264775,0.052246,-0.028442,1.112549
normal,5264795,-0.040527,0.000366,0.933472
normal,5264815,-0.037231,-0.007568,0.943970
normal,5264835,-0.012695,0.082275,0.942627
normal,5264855,0.059448,0.085571,0.928589
normal,5264875,0.060425,-0.002197,1.111084
normal,5264895,-0.021362,-0.031982,0.981445
normal,5264915,-0.015015,-0.037231,0.994507
normal,5264935,-0.034058,0.077271,0.906738
normal,5264955,-0.036865,0.073364,0.900513
normal,5264975,0.054321,0.031372,1.082275
normal,5264995,0.048462,0.041626,1.071655
normal,5265015,0.011108,-0.048828,1.047852
normal,5265035,-0.044189,0.060059,1.049194
normal,5265055,-0.047363,0.051758,0.895020
normal,5265075,0.034058,0.060425,1.039063
normal,5265095,0.027710,0.067261,1.023438
normal,5265115,0.036011,-0.044067,1.093506
normal,5265135,0.040405,-0.040771,1.100342
normal,5265155,-0.045410,0.019409,0.913452
normal,5265175,-0.045410,0.014038,0.918335
normal,5265195,0.001587,0.080933,0.968506
normal,5265215,0.054443,-0.025024,1.115112
normal,5265235,0.057739,-0.020630,1.115479
normal,5265255,-0.032349,-0.015137,0.954224
normal,5265275,-0.029663,-0.020142,0.963501
normal,5265295,-0.022461,0.081177,0.923706
normal,5265315,-0.001709,0.031250,1.000732
normal,5265335,0.004761,0.023071,0.995605
normal,5265355,0.002563,0.018066,1.002808
normal,5265375,0.004517,0.019165,1.003174
normal,5265395,0.003174,0.016602,1.000854
normal,5265415,0.020020,-0.012817,1.024902
normal,5265435,-0.042603,0.058838,0.899780
normal,5265455,-0.044556,0.062256,0.893799
normal,5265475,0.041382,0.052490,1.057373
normal,5265495,0.037231,0.055054,1.049072
normal,5265515,0.026245,-0.045898,1.074951
normal,5265535,0.031982,-0.044312,1.085083
normal,5265555,-0.048462,0.035156,0.901123
normal,5265575,0.017456,0.073364,1.003174
normal,5265595,0.013184,0.076660,0.993896
normal,5265615,0.048828,-0.033813,1.107666
normal,5265635,0.051880,-0.028076,1.112061
normal,5265655,-0.039917,0.000977,0.932861
normal,5265675,-0.035767,-0.008545,0.945435
normal,5265695,-0.012573,0.082642,0.941528
normal,5265715,0.058594,0.082275,0.927368
normal,5265735,0.059814,-0.003174,1.110840
normal,5265755,-0.022339,-0.030518,0.981567
normal,5265775,-0.015259,-0.038818,0.997437
normal,5265795,-0.032959,0.076904,0.906006
normal,5265815,-0.038208,0.073486,0.900024
normal,5265835,0.052612,0.032104,1.081909
normal,5265855,0.047852,0.041260,1.072266
normal,5265875,0.012939,-0.049683,1.049683
normal,5265895,-0.046143,0.060547,1.060425
normal,5265915,-0.047485,0.052124,0.894897
normal,5265935,0.033813,0.061157,1.037109
normal,5265955,0.028198,0.066284,1.024658
normal,5265975,0.036621,-0.043701,1.093384
normal,5265995,0.040771,-0.040161,1.100220
normal,5266015,-0.046265,0.020752,0.912720
normal,5266035,-0.044434,0.012817,0.917725
normal,5266055,0.002686,0.080322,0.969482
normal,5266075,0.054199,-0.024902,1.114990
normal,5266095,0.056396,-0.019653,1.115601
normal,5266115,-0.033936,-0.013794,0.952271
normal,5266135,-0.000366,0.019653,1.004639
normal,5266155,0.005005,0.018555,1.000732
normal,5266175,0.001099,0.020386,0.999634
normal,5266195,0.003418,0.018921,1.001099
normal,5266215,-0.028687,0.038208,0.933350
normal,5266235,0.034912,0.043335,1.065063
normal,5266255,0.016357,-0.049561,1.052979
normal,5266275,0.023193,-0.048706,1.069336
normal,5266295,-0.047852,0.047852,0.894409
normal,5266315,-0.047241,0.040161,0.898071
normal,5266335,0.021606,0.071411,1.012939
normal,5266355,0.017090,0.074585,1.001831
normal,5266375,0.045532,-0.036743,1.107666
normal,5266395,0.049194,-0.033569,1.111450
normal,5266415,-0.042969,0.005615,0.926025
normal,5266435,-0.003174,0.082031,0.959717
normal,5266455,-0.009033,0.082886,0.948853
normal,5266475,0.059204,-0.014282,1.115356
normal,5266495,0.059204,-0.007446,1.112793
normal,5266515,-0.025024,-0.026978,0.972900
normal,5266535,-0.019287,-0.033569,0.986694
normal,5266555,-0.030273,0.079834,0.910278
normal,5266575,-0.036499,0.075195,0.902832
normal,5266595,0.055054,0.026245,1.088501
normal,5266615,0.000000,-0.047241,1.026978
normal,5266635,0.006714,-0.050537,1.040894
normal,5266655,-0.043579,0.063232,0.893677
normal,5266675,-0.045288,0.056396,0.893188
normal,5266695,0.038452,0.057007,1.046753
normal,5266715,0.030518,0.063599,1.031250
normal,5266735,0.032593,-0.045898,1.087036
normal,5266755,-0.049316,-0.057739,1.095337
normal,5266775,-0.046631,0.024780,0.910278
normal,5266795,0.012695,0.077393,0.991943
normal,5266815,0.005127,0.079346,0.978271
normal,5266835,0.052612,-0.029297,1.113770
normal,5266855,0.054565,-0.024048,1.115112
normal,5266875,-0.036255,-0.010254,0.945801
normal,5266895,-0.032471,-0.014893,0.954468
normal,5266915,-0.019653,0.082153,0.930664
normal,5266935,0.058350,-0.002197,1.015625
normal,5266955,0.004761,0.023315,0.995728
normal,5266975,0.003784,0.020020,1.000000
normal,5266995,0.004395,0.018311,1.002930
normal,5267015,0.001953,0.020020,1.000488
normal,5267035,-0.024414,0.023926,0.939941
normal,5267055,0.011108,0.060913,1.015869
normal,5267075,0.014038,0.074585,1.000732
normal,5267095,0.046509,-0.035400,1.106079
normal,5267115,-0.044800,0.014038,0.917603
normal,5267135,-0.041626,0.003296,0.927734
normal,5267155,-0.004639,0.082520,0.958130
normal,5267175,-0.009277,0.082397,0.948608
normal,5267195,0.059814,-0.011230,1.113892
normal,5267215,0.059204,-0.006714,1.113770
normal,5267235,-0.023682,-0.028320,0.974854
normal,5267255,-0.018921,-0.035278,0.988647
normal,5267275,-0.032471,0.079834,0.909546
normal,5267295,0.055664,0.021606,1.094360
normal,5267315,0.054687,0.027710,1.088745
normal,5267335,0.001099,-0.047363,1.028564
normal,5267355,0.008057,-0.049316,1.040894
normal,5267375,-0.044800,0.062256,0.893555
normal,5267395,-0.046509,0.055420,0.893311
normal,5267415,0.037109,0.057983,1.044800
normal,5267435,0.029907,0.065430,1.029175
normal,5267455,0.033081,-0.045776,1.088623
normal,5267475,-0.048584,0.035156,0.902222
normal,5267495,-0.047974,0.023926,0.909546
normal,5267515,0.011963,0.077271,0.990845
normal,5267535,0.004639,0.081665,0.974365
normal,5267555,0.052246,-0.028809,1.112793
normal,5267575,0.055542,-0.022217,1.115845
normal,5267595,-0.035156,-0.010620,0.948486
normal,5267615,-0.045044,-0.017822,0.957275
normal,5267635,-0.020264,0.081665,0.928101
normal,5267655,0.059448,-0.001221,1.109375
normal,5267675,0.060059,0.006592,1.105713
normal,5267695,-0.012573,-0.039917,1.000122
normal,5267715,-0.009155,-0.042603,1.009399
normal,5267735,-0.037842,0.072998,0.899780
normal,5267755,-0.009033,0.034302,0.987427
normal,5267775,0.006470,0.023437,0.996704
normal,5267795,0.003906,0.019531,1.002319
normal,5267815,0.005371,0.017944,1.005005
normal,5267835,0.003906,0.017578,1.002930
normal,5267855,0.023315,-0.013184,1.034180
normal,5267875,-0.044922,0.054687,0.898193
normal,5267895,-0.047363,0.056641,0.892456
normal,5267915,0.034424,0.058105,1.044922
normal,5267935,0.030884,0.062500,1.035034
normal,5267955,0.033203,-0.044922,1.085693
normal,5267975,-0.047363,0.034912,0.900513
normal,5267995,-0.046631,0.027710,0.905884
normal,5268015,0.010864,0.078613,0.989502
normal,5268035,0.006714,0.080566,0.979736
normal,5268055,0.051270,-0.027954,1.113403
normal,5268075,0.055664,-0.024048,1.115845
normal,5268095,-0.036987,-0.007935,0.943726
normal,5268115,-0.031372,-0.018311,0.958740
normal,5268135,-0.019043,0.083252,0.930786
normal,5268155,0.059326,-0.001587,1.111328
normal,5268175,0.059204,0.006104,1.106445
normal,5268195,-0.016357,-0.038086,0.994629
normal,5268215,-0.008057,-0.043701,1.010498
normal,5268235,-0.037109,0.073730,0.900635
normal,5268255,-0.041260,0.068848,0.895874
normal,5268275,0.048584,0.041016,1.073120
normal,5268295,0.044434,0.048584,1.061401
normal,5268315,0.019531,-0.051025,1.064087
normal,5268335,-0.047729,0.054443,0.893433
normal,5268355,-0.047852,0.044922,0.897339
normal,5268375,0.027588,0.067261,1.023926
normal,5268395,0.020264,0.072876,1.009521
normal,5268415,0.041138,-0.039307,1.102539
normal,5268435,0.046631,-0.036743,1.107788
normal,5268455,-0.044189,0.010376,0.920654
normal,5268475,-0.041748,0.004028,0.928589
normal,5268495,-0.004761,0.083130,0.956055
normal,5268515,0.056396,-0.018433,1.115967
normal,5268535,0.059448,-0.012451,1.114990
normal,5268555,-0.028442,-0.022705,0.965454
normal,5268575,0.003906,0.015015,0.999268
normal,5268595,0.000732,0.018799,1.003418
normal,5268615,0.001587,0.020142,0.998169
normal,5268635,0.003540,0.017944,1.003052
normal,5268655,0.002441,0.023437,0.958130
normal,5268675,0.010864,0.052979,1.020264
normal,5268695,0.037842,-0.042603,1.088257
normal,5268715,0.041870,-0.039185,1.098755
normal,5268735,-0.047363,0.021362,0.910767
normal,5268755,-0.045166,0.013672,0.917603
normal,5268775,0.000732,0.081421,0.969971
normal,5268795,-0.003540,0.082886,0.959717
normal,5268815,0.057251,-0.019165,1.114136
normal,5268835,-0.034668,-0.013306,1.108032
normal,5268855,-0.029541,-0.020630,0.963135
normal,5268875,-0.022949,0.082275,0.922485
normal,5268895,-0.027344,0.081055,0.916382
normal,5268915,0.059082,0.010742,1.101074
normal,5268935,0.057495,0.018433,1.095215
normal,5268955,-0.006470,-0.045532,1.015869
normal,5268975,0.001709,-0.048950,1.032471
normal,5268995,-0.042236,0.068726,0.894409
normal,5269015,0.047241,0.045532,1.066772
normal,5269035,0.041870,0.052368,1.055786
normal,5269055,0.020264,-0.048828,1.067749
normal,5269075,0.028198,-0.048706,1.079712
normal,5269095,-0.048218,0.043335,0.896851
normal,5269115,-0.047363,0.032837,0.903687
normal,5269135,0.018066,0.074951,1.003784
normal,5269155,0.010742,0.077881,0.991211
normal,5269175,0.048828,-0.033325,1.111694
normal,5269195,-0.044067,0.008057,0.923706
normal,5269215,-0.040161,-0.002319,0.935791
normal,5269235,-0.009155,0.084106,0.949097
normal,5269255,-0.014404,0.082886,0.940674
normal,5269275,0.059082,-0.007813,1.114014
normal,5269295,0.060059,-0.000977,1.110596
normal,5269315,-0.019531,-0.033813,0.985107
normal,5269335,-0.014160,-0.038208,0.998169
normal,5269355,-0.034180,0.077026,0.905273
normal,5269375,0.053833,0.024902,1.086304
normal,5269395,0.006470,0.023315,0.996704
normal,5269415,0.004761,0.020020,1.000610
normal,5269435,0.006104,0.017700,1.003540
normal,5269455,-0.001343,0.020752,0.994385
normal,5269475,-0.037476,0.041138,0.917969
normal,5269495,0.037354,0.049683,1.061646
normal,5269515,0.053589,0.058960,1.044556
normal,5269535,0.027954,-0.046875,1.077759
normal,5269555,-0.047729,0.042114,0.896973
normal,5269575,-0.047241,0.031494,0.902344
normal,5269595,0.017456,0.074219,1.003784
normal,5269615,0.010742,0.077271,0.989136
normal,5269635,0.049072,-0.032104,1.110596
normal,5269655,0.053223,-0.028442,1.113403
normal,5269675,-0.039307,-0.002563,0.936035
normal,5269695,-0.008667,-0.009888,0.945312
normal,5269715,-0.014526,0.083618,0.938965
normal,5269735,0.059326,-0.006836,1.113525
normal,5269755,0.060547,-0.001465,1.109741
normal,5269775,-0.019043,-0.034546,0.987061
normal,5269795,-0.015137,-0.038574,0.998413
normal,5269815,-0.034668,0.077271,0.904053
normal,5269835,-0.038330,0.073975,0.897583
normal,5269855,0.052002,0.033691,1.081299
normal,5269875,0.006348,-0.049316,1.070557
normal,5269895,0.012573,-0.050537,1.050659
normal,5269915,-0.046143,0.057495,0.893066
normal,5269935,-0.047607,0.050659,0.893066
normal,5269955,0.032471,0.062012,1.036255
normal,5269975,0.025146,0.070190,1.018066
normal,5269995,0.037476,-0.044189,1.093994
normal,5270015,0.042480,-0.039063,1.103516
normal,5270035,-0.046021,0.017944,0.914673
normal,5270055,0.006226,0.080078,0.980469
normal,5270075,-0.001587,0.082275,0.964111
normal,5270095,0.055420,-0.024414,1.115112
normal,5270115,0.057617,-0.018433,1.114868
normal,5270135,-0.032471,-0.017578,0.955566
normal,5270155,-0.027710,-0.023315,0.965820
normal,5270175,-0.024048,0.082520,0.919800
normal,5270195,-0.002808,0.031250,1.000610
normal,5270215,0.005127,0.023315,0.996826
normal,5270235,0.004883,0.020020,0.999512
normal,5270255,0.004517,0.020264,1.001831
normal,5270275,0.003296,0.018677,1.001343
normal,5270295,-0.012451,0.006348,0.963623
normal,5270315,-0.014404,0.071655,0.963379
normal,5270335,-0.013428,0.082520,0.945312
normal,5270355,0.059937,-0.009399,1.113525
normal,5270375,0.059326,-0.004761,1.112305
normal,5270395,-0.022461,-0.029419,0.976318
normal,5270415,-0.029419,0.080688,0.913452
normal,5270435,-0.032227,0.077881,0.908447
normal,5270455,0.055176,0.023437,1.092163
normal,5270475,0.054443,0.030029,1.085449
normal,5270495,0.002441,-0.049561,1.033203
normal,5270515,0.009155,-0.050049,1.045288
normal,5270535,-0.044067,0.062012,0.891357
normal,5270555,-0.053955,0.055054,0.892578
normal,5270575,0.034790,0.060547,1.041382
normal,5270595,0.029541,-0.047241,1.080688
normal,5270615,0.035156,-0.045044,1.089600
normal,5270635,-0.047974,0.033447,0.901489
normal,5270655,-0.046997,0.022095,0.910278
normal,5270675,0.010254,0.078979,0.987061
normal,5270695,0.002075,0.080688,0.971436
normal,5270715,0.053711,-0.027466,1.113770
normal,5270735,-0.039673,-0.002441,1.116333
normal,5270755,-0.034546,-0.013306,0.950073
normal,5270775,-0.016113,0.083984,0.936523
normal,5270795,-0.021973,0.082520,0.925049
normal,5270815,0.060791,0.000732,1.110352
normal,5270835,0.060669,0.008423,1.104248
normal,5270855,-0.011719,-0.041748,1.003418
normal,5270875,-0.007324,-0.043823,1.013428
normal,5270895,-0.039063,0.071533,0.897949
normal,5270915,0.051514,0.036987,1.077759
normal,5270935,0.047119,0.044067,1.068481
normal,5270955,0.013306,-0.049194,1.055298
normal,5270975,0.019653,-0.049316,1.064209
normal,5270995,-0.047485,0.050415,0.894165
normal,5271015,-0.014038,0.035156,0.977295
normal,5271035,0.007690,0.022949,0.995850
normal,5271055,0.002441,0.018433,1.000854
normal,5271075,0.005127,0.017944,1.003052
normal,5271095,0.005005,0.017334,1.004761
normal,5271115,0.041626,-0.005981,1.073730
normal,5271135,-0.040527,0.012695,0.915161
normal,5271155,-0.042358,0.006226,0.923218
normal,5271175,-0.004639,0.082764,0.961304
normal,5271195,-0.008911,0.081787,0.950073
normal,5271215,0.058594,-0.013550,1.115479
normal,5271235,0.059814,-0.007935,1.113403
normal,5271255,-0.025391,-0.026611,0.971802
normal,5271275,-0.027222,0.081055,0.915894
normal,5271295,-0.030640,0.079590,0.910767
normal,5271315,0.058105,0.019165,1.095825
normal,5271335,0.055664,0.025146,1.088989
normal,5271355,-0.000488,-0.047119,1.026245
normal,5271375,0.006226,-0.049561,1.041748
normal,5271395,-0.043823,0.063843,0.892822
normal,5271415,-0.051636,0.056274,0.893555
normal,5271435,0.036621,0.057861,1.045288
normal,5271455,0.026001,-0.047729,1.075195
normal,5271475,0.032349,-0.045654,1.087769
normal,5271495,-0.047363,0.036255,0.900879
normal,5271515,-0.046631,0.025757,0.908813
normal,5271535,0.012451,0.078125,0.990967
normal,5271555,0.005615,0.080200,0.978149
normal,5271575,0.052734,-0.028320,1.114258
normal,5271595,-0.041260,-0.029419,1.116089
normal,5271615,-0.035767,-0.010254,0.945312
normal,5271635,-0.013672,0.084106,0.941040
normal,5271655,-0.019287,0.082764,0.929810
normal,5271675,0.059326,-0.001709,1.110596
normal,5271695,0.059326,0.004761,1.106445
normal,5271715,-0.014893,-0.037842,0.995728
normal,5271735,-0.009521,-0.041626,1.008179
normal,5271755,-0.036621,0.074585,0.900879
normal,5271775,0.052368,0.034912,0.894287
normal,5271795,0.049072,0.040649,1.073608
normal,5271815,0.011597,-0.049683,1.048340
normal,5271835,0.000854,0.017456,0.998291
normal,5271855,0.000000,0.017944,1.002441
normal,5271875,0.002808,0.018311,0.999268
normal,5271895,0.002808,0.019531,1.001953
normal,5271915,0.015747,0.030273,1.033203
normal,5271935,0.023071,-0.032349,1.043091
normal,5271955,-0.046875,0.057251,0.892212
normal,5271975,-0.046997,0.051025,0.893799
normal,5271995,0.033203,0.060547,1.039673
normal,5272015,0.026367,0.067749,1.025757
normal,5272035,0.036865,-0.043823,1.094238
normal,5272055,0.041138,-0.040039,1.101563
normal,5272075,-0.045776,0.020264,0.912598
normal,5272095,-0.045776,0.012939,0.917725
normal,5272115,0.000610,0.082275,0.969727
normal,5272135,0.054077,-0.024902,1.116455
normal,5272155,0.057129,-0.020386,1.116943
normal,5272175,-0.032593,-0.015625,0.953003
normal,5272195,-0.029785,-0.021118,0.964233
normal,5272215,-0.022583,0.081665,0.924072
normal,5272235,-0.027344,0.081665,0.914795
normal,5272255,0.058716,0.011230,1.104004
normal,5272275,0.056152,0.022827,1.094116
normal,5272295,-0.004761,-0.046265,1.016479
normal,5272315,-0.039795,0.071777,0.896729
normal,5272335,-0.042358,0.067139,0.893921
normal,5272355,0.046753,0.046021,1.067383
normal,5272375,0.040771,0.055298,1.052246
normal,5272395,0.022095,-0.050049,1.069092
normal,5272415,0.028564,-0.048218,1.081299
normal,5272435,-0.048340,0.040283,0.897949
normal,5272455,-0.039551,0.033691,0.900391
normal,5272475,0.016235,0.075928,0.999756
normal,5272495,0.045776,-0.038818,1.106201
normal,5272515,0.050415,-0.033325,1.111694
normal,5272535,-0.042236,0.005127,0.926758
normal,5272555,-0.040161,-0.001953,0.934204
normal,5272575,-0.010864,0.084473,0.947266
normal,5272595,-0.014160,0.083618,0.937012
normal,5272615,0.059692,-0.007568,1.113770
normal,5272635,-0.012329,-0.010010,0.998657
normal,5272655,0.005249,0.016846,1.001099
normal,5272675,0.002563,0.017944,1.001099
normal,5272695,0.002197,0.019897,0.999878
normal,5272715,0.004761,0.016846,1.001953
normal,5272735,0.024170,-0.013672,1.035889
normal,5272755,-0.044922,0.053955,0.896362
normal,5272775,-0.046753,0.055664,0.891357
normal,5272795,0.034790,0.060791,1.043457
normal,5272815,0.028198,-0.046753,1.075928
normal,5272835,0.032715,-0.044312,1.087280
normal,5272855,-0.048096,0.033081,0.901978
normal,5272875,-0.046997,0.025269,0.907593
normal,5272895,0.010254,0.079956,0.987549
normal,5272915,0.005249,0.080566,0.975586
normal,5272935,0.053223,-0.027710,1.114014
normal,5272955,0.056030,-0.022095,1.116943
normal,5272975,-0.037231,-0.008545,0.943848
normal,5272995,-0.015381,0.084351,0.936523
normal,5273015,-0.019897,0.083374,0.928589
normal,5273035,0.060425,0.000488,1.109863
normal,5273055,0.060791,0.007202,1.105957
normal,5273075,-0.014404,-0.038452,0.995972
normal,5273095,-0.007080,-0.044800,1.012695
normal,5273115,-0.037964,0.074829,0.899658
normal,5273135,-0.041870,0.068115,0.896362
normal,5273155,0.048828,0.042358,1.071899
normal,5273175,0.012451,-0.049805,1.049927
normal,5273195,0.018799,-0.050293,1.064209
normal,5273215,-0.047729,0.053223,0.892090
normal,5273235,-0.047852,0.043335,0.895996
normal,5273255,0.026245,0.069946,1.021118
normal,5273275,0.021240,0.072876,1.009399
normal,5273295,0.043091,-0.039917,1.104370
normal,5273315,0.046875,-0.035767,1.108276
normal,5273335,-0.043457,0.009399,0.921753
normal,5273355,-0.000610,0.083130,0.964966
normal,5273375,-0.005981,0.083008,0.955566
normal,5273395,0.058472,-0.017212,1.116821
normal,5273415,0.060425,-0.012573,1.115234
normal,5273435,-0.028076,-0.023682,0.966553
normal,5273455,0.002930,0.014648,0.998291
normal,5273475,0.001343,0.018188,1.003540
normal,5273495,0.003418,0.020142,0.999878
normal,5273515,0.003662,0.018677,1.001587
normal,5273535,0.004883,0.029175,1.002930
normal,5273555,0.017334,0.047485,1.036133
normal,5273575,0.028687,-0.045776,1.073120
normal,5273595,0.033325,-0.045288,1.087646
normal,5273615,-0.047852,0.034180,0.901123
normal,5273635,-0.047241,0.025879,0.905884
normal,5273655,0.010132,0.079224,0.988281
normal,5273675,0.049438,-0.033569,0.984253
normal,5273695,0.052979,-0.027588,1.113403
normal,5273715,-0.039673,-0.001831,0.933838
normal,5273735,-0.036499,-0.009277,0.943359
normal,5273755,-0.015503,0.084351,0.937256
normal,5273775,-0.018921,0.082397,0.930908
normal,5273795,0.060181,-0.000732,1.110962
normal,5273815,0.059570,0.005859,1.106323
normal,5273835,-0.015015,-0.037842,0.995728
normal,5273855,-0.035034,0.076660,0.903076
normal,5273875,-0.036865,0.073975,0.899170
normal,5273895,0.051636,0.034058,1.082275
normal,5273915,0.049072,0.041626,1.072876
normal,5273935,0.012329,-0.050415,1.050415
normal,5273955,0.019043,-0.050903,1.064453
normal,5273975,-0.047607,0.053345,0.892090
normal,5273995,-0.048340,0.044434,0.896729
normal,5274015,0.027832,0.067383,1.022583
normal,5274035,0.036621,-0.043579,1.092651
normal,5274055,0.043457,-0.039917,1.103149
normal,5274075,-0.046265,0.021118,0.910645
normal,5274095,-0.044189,0.009888,0.921753
normal,5274115,0.000732,0.082275,0.966064
normal,5274135,-0.005371,0.083252,0.956177
normal,5274155,0.059082,-0.017456,1.116821
normal,5274175,0.058960,-0.012695,1.115845
normal,5274195,-0.028564,-0.023682,0.965820
normal,5274215,-0.024292,0.083740,0.920898
normal,5274235,-0.027710,0.080933,0.915283
normal,5274255,0.058838,0.014648,1.100464
normal,5274275,0.002563,0.016602,1.002808
normal,5274295,0.001953,0.018188,1.002686
normal,5274315,0.005493,0.018311,1.005371
normal,5274335,0.002930,0.020386,1.000854
normal,5274355,0.010254,0.019043,1.051636
normal,5274375,0.001587,-0.026245,0.997070
normal,5274395,-0.035400,0.074585,0.905884
normal,5274415,-0.039307,0.071655,0.898926
normal,5274435,0.050659,0.035522,1.081055
normal,5274455,0.046387,0.043335,1.070557
normal,5274475,0.013794,-0.050293,1.052368
normal,5274495,0.020264,-0.049194,1.062622
normal,5274515,-0.048096,0.049927,0.893311
normal,5274535,0.031616,0.032959,0.894897
normal,5274555,0.025513,0.068359,1.020996
normal,5274575,0.038452,-0.043823,1.097168
normal,5274595,0.043091,-0.039673,1.102417
normal,5274615,-0.045044,0.016602,0.915039
normal,5274635,-0.042969,0.010132,0.920532
normal,5274655,-0.001953,0.082642,0.965210
normal,5274675,-0.008057,0.084839,0.951416
normal,5274695,0.057007,-0.018555,1.117065
normal,5274715,-0.032837,-0.018066,1.112671
normal,5274735,-0.027466,-0.023926,0.967285
normal,5274755,-0.024780,0.083374,0.920044
normal,5274775,-0.029419,0.080322,0.911255
normal,5274795,0.057983,0.014160,1.101196
normal,5274815,0.054443,0.025513,1.090820
normal,5274835,-0.002930,-0.046753,1.021729
normal,5274855,0.005127,-0.049438,1.035645
normal,5274875,-0.043945,0.065063,0.893066
normal,5274895,0.044189,0.048462,1.063110
normal,5274915,0.038330,0.056763,1.049438
normal,5274935,0.023804,-0.050659,1.072510
normal,5274955,0.029907,-0.046997,1.083984
normal,5274975,-0.048218,0.037598,0.897705
normal,5274995,-0.048706,0.030273,0.903198
normal,5275015,0.014771,0.077637,0.993896
normal,5275035,0.008667,0.079102,0.984009
normal,5275055,0.051025,-0.031006,1.112671
normal,5275075,-0.041748,0.002197,0.929687
normal,5275095,-0.001465,0.019287,1.006714
normal,5275115,0.005615,0.018921,1.000610
normal,5275135,0.000854,0.020630,0.998413
normal,5275155,0.003540,0.017700,1.000732
normal,5275175,-0.015869,0.010742,0.953735
normal,5275195,-0.007935,0.070557,0.975952
normal,5275215,-0.005981,0.082520,0.957520
normal,5275235,0.057007,-0.018799,1.114624
normal,5275255,-0.033936,-0.012695,0.948853
normal,5275275,-0.028442,-0.022705,0.963013
normal,5275295,-0.022949,0.082642,0.924316
normal,5275315,-0.028198,0.080933,0.916626
normal,5275335,0.058228,0.013428,1.101196
normal,5275355,0.057739,0.019287,1.097168
normal,5275375,-0.005615,-0.045532,1.016235
normal,5275395,-0.039551,-0.048096,1.027954
normal,5275415,-0.042480,0.066406,0.895264
normal,5275435,0.045410,0.047485,1.064697
normal,5275455,0.041748,0.052612,1.056519
normal,5275475,0.021729,-0.048828,1.067505
normal,5275495,0.027222,-0.048706,1.079102
normal,5275515,-0.048584,0.041748,0.895996
normal,5275535,-0.047729,0.032959,0.903320
normal,5275555,0.017944,0.073730,1.003296
normal,5275575,0.044434,-0.038330,0.986694
normal,5275595,0.048706,-0.033936,1.110352
normal,5275615,-0.043579,0.007568,0.922607
normal,5275635,-0.039063,-0.003296,0.935547
normal,5275655,-0.008301,0.083496,0.950439
normal,5275675,-0.015381,0.083496,0.936401
normal,5275695,0.059692,-0.008911,1.114746
normal,5275715,0.059326,-0.001221,1.110718
normal,5275735,-0.019043,-0.035156,0.986328
normal,5275755,-0.030640,0.080688,0.911743
normal,5275775,-0.035034,0.077148,0.903931
normal,5275795,0.054810,0.026611,1.089111
normal,5275815,0.051636,0.033447,1.082153
normal,5275835,0.006104,-0.049805,1.040283
normal,5275855,0.011963,-0.050781,1.050659
normal,5275875,-0.046509,0.057983,0.892456
normal,5275895,0.012207,0.011353,1.004150
normal,5275915,0.002075,0.020020,1.003540
normal,5275935,0.003662,0.019287,1.001465
normal,5275955,0.005127,0.018555,1.003052
normal,5275975,0.004395,0.014160,1.002441
normal,5275995,0.001099,-0.015625,0.989990
normal,5276015,-0.032593,0.074707,0.914917
normal,5276035,-0.035645,0.076050,0.905762
normal,5276055,0.054932,0.025269,1.092163
normal,5276075,0.051880,0.032104,1.082886
normal,5276095,0.005371,-0.049805,1.036987
normal,5276115,-0.043823,0.065430,0.893188
normal,5276135,-0.046021,0.058105,0.892822
normal,5276155,0.037476,0.057373,1.046997
normal,5276175,0.033203,0.061646,1.037964
normal,5276195,0.031860,-0.047241,1.085938
normal,5276215,0.036499,-0.044312,1.094604
normal,5276235,-0.048096,0.028809,0.903809
normal,5276255,-0.050537,0.020508,0.910034
normal,5276275,0.008179,0.079346,0.982178
normal,5276295,0.051880,-0.030640,1.113403
normal,5276315,0.054565,-0.025269,1.115112
normal,5276335,-0.038940,-0.006592,0.939575
normal,5276355,-0.032959,-0.015137,0.953369
normal,5276375,-0.017700,0.084229,0.933228
normal,5276395,-0.024414,0.082520,0.920776
normal,5276415,0.060303,0.002563,1.108643
normal,5276435,-0.017090,0.026611,1.101929
normal,5276455,-0.010132,-0.042114,1.006592
normal,5276475,-0.036865,0.076416,0.900269
normal,5276495,-0.040405,0.071533,0.895874
normal,5276515,0.050659,0.037964,1.076538
normal,5276535,0.046021,0.047974,1.064941
normal,5276555,0.016357,-0.050903,1.059204
normal,5276575,0.022827,-0.050537,1.069092
normal,5276595,-0.048340,0.046631,0.894897
normal,5276615,0.028931,0.066040,0.902344
normal,5276635,0.023193,0.072388,1.013062
normal,5276655,0.040649,-0.041992,1.099854
normal,5276675,0.045654,-0.038574,1.106201
normal,5276695,-0.044922,0.013794,0.917725
normal,5276715,0.008667,0.013062,1.001587
normal,5276735,0.000732,0.018799,1.001587
normal,5276755,0.003662,0.018311,1.000610
normal,5276775,0.002075,0.018188,1.001221
normal,5276795,-0.002075,0.031494,0.989136
normal,5276815,-0.015015,0.064575,0.967773
normal,5276835,0.057495,-0.021118,1.116699
normal,5276855,0.057861,-0.015747,1.116455
normal,5276875,-0.030640,-0.018188,0.955078
normal,5276895,-0.025635,-0.024780,0.966675
normal,5276915,-0.026733,0.081665,0.917236
normal,5276935,-0.030396,0.080566,0.911255
normal,5276955,0.058228,0.017822,1.096924
normal,5276975,-0.008789,-0.045044,1.010742
normal,5276995,-0.000854,-0.047119,1.022461
normal,5277015,-0.041870,0.069580,0.895386
normal,5277035,-0.043823,0.065308,0.892700
normal,5277055,0.042603,0.050659,1.059570
normal,5277075,0.038696,0.055908,1.048340
normal,5277095,0.025513,-0.048340,1.072510
normal,5277115,0.031494,-0.047729,1.086060
normal,5277135,-0.048950,0.037598,0.897461
normal,5277155,0.019287,0.072998,1.008423
normal,5277175,0.014160,0.077393,0.995361
normal,5277195,0.046875,-0.035278,1.107666
normal,5277215,0.052002,-0.030151,1.112549
normal,5277235,-0.041870,0.002686,0.927856
normal,5277255,-0.037354,-0.007813,0.941895
normal,5277275,-0.012817,0.084961,0.943726
normal,5277295,-0.002930,0.082397,0.932617
normal,5277315,0.061157,-0.003418,1.113037
normal,5277335,-0.022705,-0.029663,0.977417
normal,5277355,-0.015747,-0.037354,0.993164
normal,5277375,-0.032471,0.079224,0.906738
normal,5277395,-0.036865,0.075195,0.902344
normal,5277415,0.052979,0.031494,1.084839
normal,5277435,0.050659,0.038086,1.077393
normal,5277455,0.010010,-0.049316,1.046021
normal,5277475,-0.046265,-0.032593,1.058350
normal,5277495,-0.047974,0.054565,0.893555
normal,5277515,0.033691,0.062744,1.039917
normal,5277535,0.002319,0.016968,1.007080
normal,5277555,0.003784,0.019531,1.002808
normal,5277575,0.003906,0.017822,1.003296
normal,5277595,0.003662,0.018677,1.000977
normal,5277615,0.031372,0.010742,1.058350
normal,5277635,-0.014526,-0.013794,0.964966
normal,5277655,-0.023804,0.079590,0.990723
normal,5277675,-0.029053,0.079956,0.916016
normal,5277695,0.058105,0.010376,1.103638
normal,5277715,0.056274,0.020264,1.096802
normal,5277735,-0.004028,-0.045898,1.017578
normal,5277755,0.001953,-0.047485,1.027588
normal,5277775,-0.042603,0.065796,0.894775
normal,5277795,-0.045654,0.063354,0.893677
normal,5277815,0.041260,0.053467,1.056885
normal,5277835,0.021851,-0.050171,1.069824
normal,5277855,0.028442,-0.048462,1.079224
normal,5277875,-0.047485,0.041260,0.898560
normal,5277895,-0.048218,0.034424,0.901489
normal,5277915,0.016602,0.075684,1.003540
normal,5277935,0.010986,0.078613,0.988159
normal,5277955,0.048828,-0.033447,1.109863
normal,5277975,0.053833,-0.027222,1.115479
normal,5277995,-0.040039,-0.001221,0.934570
normal,5278015,-0.008179,0.084473,0.949219
normal,5278035,-0.015991,0.084229,0.936279
normal,5278055,0.059937,-0.009033,1.113892
normal,5278075,0.059204,0.001099,1.109985
normal,5278095,-0.020508,-0.032349,0.983643
normal,5278115,-0.014160,-0.039673,0.999268
normal,5278135,-0.035400,0.078003,0.902100
normal,5278155,-0.038940,0.074341,0.899414
normal,5278175,0.050903,0.036133,1.078735
normal,5278195,0.005371,-0.048706,1.039185
normal,5278215,0.012329,-0.049805,1.051025
normal,5278235,-0.045776,0.058350,0.891113
normal,5278255,-0.048462,0.052856,0.893311
normal,5278275,0.031250,0.064697,1.032715
normal,5278295,0.026733,0.068970,1.022583
normal,5278315,0.037720,-0.044312,1.095215
normal,5278335,-0.034912,0.033691,0.988647
normal,5278355,0.004883,0.017700,1.000732
normal,5278375,0.002808,0.019165,1.001343
normal,5278395,0.003174,0.019653,1.000122
normal,5278415,0.004272,0.012817,1.002563
normal,5278435,0.004883,-0.016846,0.998169
normal,5278455,-0.036499,0.073608,0.909912
normal,5278475,-0.038086,0.072266,0.901245
normal,5278495,0.052246,0.032471,1.085571
normal,5278515,0.003296,-0.047607,1.093628
normal,5278535,0.012329,-0.050415,1.048950
normal,5278555,-0.047119,0.059937,0.892578
normal,5278575,-0.047363,0.053223,0.892822
normal,5278595,0.033447,0.063110,1.037476
normal,5278615,0.027954,0.067871,1.025635
normal,5278635,0.036621,-0.044922,1.093750
normal,5278655,0.040405,-0.041382,1.100342
normal,5278675,-0.046387,0.022827,0.910034
normal,5278695,0.007690,0.080933,0.981812
normal,5278715,0.001709,0.082275,0.971069
normal,5278735,0.054321,-0.026001,1.115967
normal,5278755,0.057617,-0.021484,1.116089
normal,5278775,-0.034302,-0.013184,0.950684
normal,5278795,-0.029053,-0.021484,0.962769
normal,5278815,-0.022461,0.082886,0.924316
normal,5278835,-0.028076,0.081787,0.912842
normal,5278855,0.059448,0.009155,1.105713
normal,5278875,-0.011475,-0.040771,1.002930
normal,5278895,-0.005127,-0.046021,1.017822
normal,5278915,-0.039429,0.072876,0.897949
normal,5278935,-0.042114,0.066528,0.893799
normal,5278955,0.046631,0.044312,1.068604
normal,5278975,0.041382,0.053467,1.055176
normal,5278995,0.021851,-0.049072,1.069092
normal,5279015,0.026978,-0.049072,1.077148
normal,5279035,-0.048096,0.041016,0.897949
normal,5279055,0.024292,0.070190,1.017700
normal,5279075,0.017456,0.074951,1.003540
normal,5279095,0.044312,-0.037842,1.106812
normal,5279115,0.049683,-0.034912,1.110718
normal,5279135,-0.042725,0.005493,0.925293
normal,5279155,-0.001221,0.019409,1.006104
normal,5279175,0.005005,0.019409,1.000488
normal,5279195,-0.026001,0.021118,0.999146
normal,5279215,0.003662,0.020020,1.002075
normal,5279235,0.022339,0.006836,1.039307
normal,5279255,0.053467,-0.018433,1.101807
normal,5279275,-0.043457,0.006592,0.918457
normal,5279295,-0.039063,-0.002686,0.933838
normal,5279315,-0.008789,0.083374,0.951660
normal,5279335,-0.015747,0.083618,0.938843
normal,5279355,0.059204,-0.007324,1.114868
normal,5279375,-0.026001,-0.026367,1.112061
normal,5279395,-0.019043,-0.034912,0.986572
normal,5279415,-0.029907,0.081299,0.909790
normal,5279435,-0.034546,0.077148,0.904663
normal,5279455,0.054077,0.026855,1.089355
normal,5279475,0.052002,0.033325,1.083374
normal,5279495,0.006470,-0.050415,1.041138
normal,5279515,0.011841,-0.050537,1.050903
normal,5279535,-0.046753,0.058350,0.891602
normal,5279555,0.036621,0.059082,0.890747
normal,5279575,0.031616,0.062500,1.036377
normal,5279595,0.032349,-0.046265,1.085815
normal,5279615,0.036865,-0.043945,1.094360
normal,5279635,-0.047852,0.027100,0.905273
normal,5279655,-0.046143,0.018799,0.912476
normal,5279675,0.007324,0.080322,0.979980
normal,5279695,-0.001221,0.083740,0.962891
normal,5279715,0.054932,-0.025391,1.115967
normal,5279735,-0.037231,-0.006714,0.941528
normal,5279755,-0.031738,-0.016846,0.955078
normal,5279775,-0.018311,0.084961,0.930664
normal,5279795,-0.025024,0.082764,0.919800
normal,5279815,0.059570,0.004639,1.106812
normal,5279835,0.057983,0.013916,1.101074
normal,5279855,-0.009155,-0.043213,1.007568
normal,5279875,-0.003296,-0.046265,1.018799
normal,5279895,-0.040527,0.070557,0.894775
normal,5279915,0.049561,0.040405,1.074951
normal,5279935,0.044800,0.047852,1.064087
normal,5279955,0.017334,-0.049805,1.060913
normal,5279975,0.000610,0.016724,0.998779
normal,5279995,-0.000244,0.017700,1.004028
normal,5280015,0.007568,0.016724,1.005737
normal,5280035,0.003662,0.019531,1.000854
normal,5280055,0.024414,-0.005737,1.035278
normal,5280075,-0.042725,0.043579,0.904419
normal,5280095,0.037231,0.056396,1.053833
normal,5280115,0.030396,0.064453,1.034180
normal,5280135,0.032227,-0.047119,1.085083
normal,5280155,0.038086,-0.042603,1.093628
normal,5280175,-0.047363,0.025024,0.906006
normal,5280195,-0.046997,0.019531,0.912354
normal,5280215,0.004883,0.081909,0.976074
normal,5280235,0.051025,0.082764,0.965942
normal,5280255,0.055664,-0.023682,1.114868
normal,5280275,-0.035767,-0.010132,0.945312
normal,5280295,-0.033081,-0.015869,0.953003
normal,5280315,-0.020874,0.083496,0.929932
normal,5280335,-0.025269,0.083984,0.920166
normal,5280355,0.058960,0.005005,1.105957
normal,5280375,0.058228,0.016113,1.099121
normal,5280395,-0.009766,-0.042480,1.006104
normal,5280415,-0.037964,0.074341,1.023926
normal,5280435,-0.041138,0.071167,0.895264
normal,5280455,0.048462,0.040894,1.073730
normal,5280475,0.044067,0.049561,1.060791
normal,5280495,0.017578,-0.051514,1.059448
normal,5280515,0.024414,-0.048462,1.073853
normal,5280535,-0.048584,0.046753,0.893799
normal,5280555,-0.048584,0.038574,0.898071
normal,5280575,0.020508,0.073975,1.008667
normal,5280595,0.041504,-0.042114,1.100098
normal,5280615,0.046997,-0.036011,1.108521
normal,5280635,-0.045288,0.012817,0.918091
normal,5280655,-0.042480,0.004150,0.928589
normal,5280675,-0.006226,0.084595,0.953125
normal,5280695,-0.011963,0.084839,0.944702
normal,5280715,0.058960,-0.011475,1.114502
normal,5280735,0.059814,-0.005981,1.113770
normal,5280755,-0.023193,-0.027832,0.974854
normal,5280775,-0.027100,0.070557,0.920410
normal,5280795,0.007446,0.019775,0.998657
normal,5280815,0.004272,0.019531,1.001709
normal,5280835,0.004395,0.019287,1.002808
normal,5280855,-0.004028,0.031250,0.989990
normal,5280875,-0.013184,0.064087,0.973877
normal,5280895,0.057129,-0.024902,1.116455
normal,5280915,0.058716,-0.018066,1.117554
normal,5280935,-0.033081,-0.014282,0.950195
normal,5280955,-0.017212,0.083252,0.936157
normal,5280975,-0.019775,0.085815,0.929199
normal,5280995,0.051636,-0.009277,1.095337
normal,5281015,0.046265,-0.003784,1.083252
normal,5281035,-0.008301,-0.043945,1.014038
normal,5281055,-0.003906,-0.046387,1.016357
normal,5281075,-0.041260,0.073364,0.895020
normal,5281095,-0.043335,0.068970,0.892944
normal,5281115,0.045410,0.048218,1.066406
normal,5281135,0.016479,-0.051514,1.058105
normal,5281155,0.021851,-0.051636,1.068115
normal,5281175,-0.048584,0.047974,0.893311
normal,5281195,-0.048462,0.043091,0.896362
normal,5281215,0.022827,0.071899,1.014893
normal,5281235,0.016602,0.075562,1.002075
normal,5281255,0.044800,-0.039429,1.106201
normal,5281275,-0.044678,-0.048340,1.112061
normal,5281295,-0.043335,0.007568,0.923584
normal,5281315,-0.003540,0.082642,0.962524
normal,5281335,-0.008911,0.085205,0.947388
normal,5281355,0.058960,-0.016235,1.117432
normal,5281375,0.060303,-0.007202,1.114502
normal,5281395,-0.026123,-0.026611,0.970703
normal,5281415,-0.019653,-0.035034,0.985718
normal,5281435,-0.030273,0.080444,0.910156
normal,5281455,0.057373,0.017090,0.879761
normal,5281475,0.054565,0.027954,1.088745
normal,5281495,-0.000732,-0.048584,1.024658
normal,5281515,0.006226,-0.049438,1.040283
normal,5281535,-0.044556,0.064453,0.892578
normal,5281555,-0.045898,0.059082,0.893188
normal,5281575,0.032715,0.054443,1.042847
normal,5281595,0.006958,0.022583,0.996338
normal,5281615,0.005249,0.020020,1.000610
normal,5281635,0.003174,0.018799,1.000122
normal,5281655,-0.000488,0.017822,0.994507
normal,5281675,0.000610,0.041992,1.003784
normal,5281695,0.015381,0.068604,1.014648
normal,5281715,0.043579,-0.038086,1.102783
normal,5281735,0.047485,-0.033813,1.109009
normal,5281755,-0.043701,0.011353,0.919556
normal,5281775,-0.040161,-0.000732,0.932373
normal,5281795,-0.006836,0.083740,0.953369
normal,5281815,0.058105,-0.017822,1.118042
normal,5281835,0.059448,-0.008911,1.115967
normal,5281855,-0.027100,-0.023071,0.966309
normal,5281875,-0.021484,-0.032349,0.982300
normal,5281895,-0.029419,0.081299,0.912598
normal,5281915,-0.033081,0.077881,0.905884
normal,5281935,0.055542,0.024536,1.091675
normal,5281955,0.053223,0.030884,1.085205
normal,5281975,0.004761,-0.048462,1.035400
normal,5281995,-0.043823,0.066528,0.892456
normal,5282015,-0.045532,0.059814,0.892700
normal,5282035,0.039185,0.056519,1.049194
normal,5282055,0.034668,0.060669,1.040527
normal,5282075,0.030396,-0.046753,1.083008
normal,5282095,0.034912,-0.044067,1.090820
normal,5282115,-0.025757,0.051636,0.940918
normal,5282135,-0.058105,0.047485,0.916016
normal,5282155,0.002197,0.080933,0.972046
normal,5282175,0.050903,-0.030273,1.111450
normal,5282195,0.053711,-0.027588,1.116455
normal,5282215,-0.038086,-0.005615,0.937744
normal,5282235,-0.034424,-0.014526,0.951050
normal,5282255,-0.016968,0.084961,0.935303
normal,5282275,-0.023682,0.083496,0.922363
normal,5282295,0.058594,0.000977,1.110229
normal,5282315,-0.018677,-0.035522,1.103516
normal,5282335,-0.011230,-0.042480,1.004883
normal,5282355,-0.035889,0.077637,0.901611
normal,5282375,-0.039917,0.070801,0.897827
normal,5282395,0.012939,0.021362,1.003906
normal,5282415,0.004883,0.019775,1.001221
normal,5282435,0.003784,0.019165,1.001831
normal,5282455,0.005615,0.026367,1.007813
normal,5282475,0.025513,-0.013916,1.037964
normal,5282495,-0.045288,0.051514,0.896973
normal,5282515,-0.047363,0.054077,0.891968
normal,5282535,0.032593,0.062622,1.039795
normal,5282555,0.028809,0.066406,1.029907
normal,5282575,0.036377,-0.043823,1.091675
normal,5282595,0.040894,-0.041260,1.098999
normal,5282615,-0.046631,0.023071,0.909668
normal,5282635,-0.044922,0.012451,0.917725
normal,5282655,0.001587,0.082153,0.972534
normal,5282675,0.053711,-0.025757,1.116577
normal,5282695,0.055420,-0.021240,1.117188
normal,5282715,-0.034912,-0.013062,0.948486
normal,5282735,-0.029907,-0.021484,0.963013
normal,5282755,-0.021362,0.083740,0.924927
normal,5282775,-0.027832,0.081421,0.914551
normal,5282795,0.059326,0.010010,1.103516
normal,5282815,0.056885,0.020020,1.096191
normal,5282835,-0.005127,-0.047607,1.018066
normal,5282855,-0.039429,0.072266,0.898193
normal,5282875,0.002930,0.018311,1.004639
normal,5282895,0.004761,0.019165,1.002563
normal,5282915,0.001953,0.019775,1.002319
normal,5282935,0.004272,0.018677,1.001465
normal,5282955,0.002808,0.019409,1.000977
normal,5282975,0.003784,0.019409,1.001953
normal,5282995,0.002808,0.019409,1.001221
normal,5283015,0.002686,0.019165,1.001465
normal,5283035,0.003784,0.019287,1.000977
normal,5283055,0.003174,0.019409,1.001099
normal,5283075,0.002930,0.019043,1.000854
normal,5283095,0.003052,0.019409,1.000854
normal,5283115,0.002930,0.019043,1.000732
normal,5283135,0.003540,0.018921,1.000854
normal,5283155,0.002686,0.018555,1.000854
normal,5283175,0.003662,0.019287,1.001953
normal,5283195,0.003418,0.018677,1.000977
normal,5283215,0.004150,0.019165,1.000977
normal,5283235,0.003418,0.019043,1.000610
normal,5283255,0.003174,0.017944,1.001465
normal,5283275,0.002563,0.019897,1.001343
normal,5283295,0.003540,0.019043,1.000977
normal,5283315,0.003052,0.019043,1.001099
normal,5283335,0.002930,0.019653,1.000610
normal,5283355,0.004028,0.018921,1.000732
normal,5283375,0.003296,0.018799,1.001221
normal,5283395,0.003174,0.018066,1.001953
normal,5283415,0.002197,0.019287,1.000977
normal,5283435,0.003662,0.019043,1.001831
normal,5283455,0.003418,0.018921,1.001099
normal,5283475,0.003174,0.019165,1.000732
normal,5283495,0.002808,0.018921,1.001099
normal,5283515,0.003052,0.019653,1.000732
normal,5283535,0.003784,0.018677,1.001099
normal,5283555,0.002808,0.017944,1.001587
normal,5283575,0.003662,0.019165,1.000732
normal,5283595,0.002808,0.019165,1.001099
normal,5283615,0.003174,0.019287,1.001099
normal,5283635,0.002075,0.018799,1.001587
normal,5283655,0.003662,0.019287,1.000854
normal,5283675,0.002319,0.019043,1.000854
normal,5283695,0.003906,0.018921,1.000977
normal,5283715,0.003906,0.019043,1.000854
normal,5283735,0.006836,0.026001,1.009521
normal,5283755,0.025024,-0.012451,1.032104
normal,5283775,0.013306,-0.049194,1.041382
normal,5283795,-0.046631,0.059570,0.889648
normal,5283815,-0.048218,0.053589,0.892212
normal,5283835,0.033813,0.061035,1.041626
normal,5283855,0.025879,0.068359,1.023926
normal,5283875,0.036255,-0.044312,1.092285
normal,5283895,-0.048340,0.031006,0.902710
normal,5283915,-0.047119,0.021240,0.910400
normal,5283935,0.007690,0.078979,0.984741
normal,5283955,0.000488,0.082275,0.968262
normal,5283975,0.055786,-0.026001,1.114746
normal,5283995,0.057739,-0.020142,1.117188
normal,5284015,-0.033569,-0.015137,0.950928
normal,5284035,-0.012573,0.020142,1.005127
normal,5284055,0.004150,0.018921,1.000732
normal,5284075,0.002197,0.021118,0.998535
normal,5284095,0.003052,0.018433,1.000732
normal,5284115,-0.008057,0.028442,0.978394
normal,5284135,-0.036133,0.063965,0.920776
normal,5284155,0.058594,0.016968,1.102905
normal,5284175,0.053711,0.027954,1.090942
normal,5284195,-0.000366,-0.046265,1.023193
normal,5284215,-0.041382,-0.056885,1.036255
normal,5284235,-0.044189,0.062500,0.892334
normal,5284255,0.042969,0.050049,1.061035
normal,5284275,0.036499,0.057617,1.046631
normal,5284295,0.025635,-0.049316,1.075562
normal,5284315,0.031128,-0.046143,1.083984
normal,5284335,-0.015137,0.035889,0.975342
normal,5284355,-0.000122,0.018311,1.002563
normal,5284375,0.003296,0.018921,1.002319
normal,5284395,0.005249,0.018311,1.003174
normal,5284415,-0.008667,0.024170,0.975220
normal,5284435,0.020020,0.032837,1.046509
normal,5284455,0.042358,0.049805,1.064575
normal,5284475,0.021118,-0.047974,1.063232
normal,5284495,0.024414,-0.048096,1.073975
normal,5284515,-0.048706,0.044434,0.894531
normal,5284535,-0.048950,0.034424,0.899780
normal,5284555,0.019653,0.073853,1.008423
normal,5284575,0.042358,-0.038818,1.102417
normal,5284595,0.047974,-0.035400,1.109009
normal,5284615,-0.044434,0.010742,0.919434
normal,5284635,-0.025635,0.006226,0.942261
normal,5284655,0.002441,0.016724,1.009521
normal,5284675,0.003540,0.018555,1.001221
normal,5284695,0.004761,0.016846,1.006226
normal,5284715,0.005737,0.016968,1.005249
normal,5284735,-0.010864,0.015869,0.967285
normal,5284755,-0.007935,0.061401,0.986084
normal,5284775,0.001831,0.079346,0.977539
normal,5284795,0.054565,-0.025635,1.114258
normal,5284815,0.056030,-0.020386,1.115356
normal,5284835,-0.035400,-0.011597,0.945801
normal,5284855,-0.030396,-0.020020,0.959351
normal,5284875,-0.022461,0.083496,0.926880
normal,5284895,-0.028076,0.081665,0.914551
normal,5284915,0.058838,0.009521,1.104736
normal,5284935,-0.012573,-0.040771,0.998779
normal,5284955,-0.006104,-0.044922,1.015869
normal,5284975,-0.039795,0.073364,0.898437
normal,5284995,-0.041870,0.067139,0.893188
normal,5285015,0.047363,0.043945,1.068970
normal,5285035,0.042114,0.052490,1.057495
normal,5285055,0.020264,-0.050903,1.067383
normal,5285075,-0.048950,-0.049194,1.076172
normal,5285095,-0.048584,0.041382,0.896118
normal,5285115,0.025269,0.069702,1.019409
normal,5285135,0.008057,0.016479,1.007080
normal,5285155,0.006348,0.019165,1.001221
normal,5285175,0.005493,0.018433,1.004517
normal,5285195,0.003174,0.019531,1.001709
normal,5285215,0.003052,0.018677,1.001465
normal,5285235,0.002686,0.019775,1.002197
normal,5285255,0.003418,0.018921,1.001221
normal,5285275,0.003418,0.018555,1.001465
normal,5285295,0.002686,0.019775,1.000977
normal,5285315,0.003174,0.019409,1.001099
normal,5285335,0.003052,0.019287,1.001465
normal,5285355,0.003296,0.019043,1.001343
normal,5285375,0.003662,0.019775,1.000732
normal,5285395,0.003418,0.019531,1.000977
normal,5285415,0.001953,0.019287,1.000732
normal,5285435,0.003906,0.018677,1.000977
normal,5285455,0.003052,0.019531,1.000854
normal,5285475,0.003296,0.018677,1.000977
normal,5285495,0.003174,0.018799,1.001099
normal,5285515,0.002930,0.019165,1.000977
normal,5285535,0.002441,0.019653,1.000854
normal,5285555,0.003784,0.019165,1.001343
normal,5285575,0.003052,0.019409,1.001221
normal,5285595,0.003662,0.018799,1.000977
normal,5285615,0.003906,0.020020,1.000488
normal,5285635,0.003052,0.018188,1.000977
normal,5285655,0.004150,0.019165,1.000977
normal,5285675,0.003418,0.018555,1.000854
normal,5285695,0.002808,0.019043,1.001343
normal,5285715,0.002075,0.018677,1.001343
normal,5285735,0.003174,0.019653,1.000977
normal,5285755,0.004150,0.019043,1.001221
normal,5285775,0.003174,0.018799,1.001221
normal,5285795,0.003296,0.019287,1.001221
normal,5285815,0.003540,0.019165,1.001709
normal,5285835,0.002930,0.018921,1.001953
normal,5285855,0.003296,0.019043,1.000854
normal,5285875,0.003418,0.019043,1.000854
normal,5285895,0.003662,0.018311,1.001099
normal,5285915,0.002930,0.018799,1.001343
normal,5285935,0.003052,0.019043,1.000977
normal,5285955,0.003662,0.019043,1.001465
normal,5285975,-0.006592,0.018799,0.978760
normal,5285995,-0.041870,0.031372,0.906616
normal,5286015,0.020874,0.069092,1.020508
normal,5286035,0.014282,0.075562,0.999634
normal,5286055,0.046265,-0.037354,1.105103
normal,5286075,0.050659,-0.030884,1.110229
normal,5286095,-0.041504,0.003052,0.926880
normal,5286115,-0.004272,-0.011353,0.934814
normal,5286135,-0.011841,0.082886,0.944214
normal,5286155,0.058594,-0.013550,1.116333
normal,5286175,0.060669,-0.006348,1.115479
normal,5286195,-0.023193,-0.029907,0.976440
normal,5286215,-0.019409,-0.034668,0.987427
normal,5286235,-0.032471,0.078979,0.906494
normal,5286255,-0.035034,0.067017,0.911743
normal,5286275,0.001465,0.016724,1.004883
normal,5286295,0.002197,0.018433,1.001465
normal,5286315,0.001953,0.019897,1.001221
normal,5286335,0.003784,0.019409,1.002075
normal,5286355,-0.000977,0.036133,0.999512
normal,5286375,0.043823,-0.017334,1.078857
normal,5286395,0.042603,-0.040771,1.099243
normal,5286415,-0.046875,0.020508,0.908936
normal,5286435,-0.044556,0.013428,0.915649
normal,5286455,0.001953,0.080811,0.973022
normal,5286475,0.055542,-0.025391,1.117188
normal,5286495,0.057617,-0.021240,1.117676
normal,5286515,-0.033813,-0.014282,0.950806
normal,5286535,-0.029541,-0.021484,0.961060
normal,5286555,-0.022705,0.083008,0.924927
normal,5286575,-0.027588,0.081421,0.914795
normal,5286595,0.059448,0.010254,1.105957
normal,5286615,0.056396,0.021240,1.095947
normal,5286635,-0.005249,-0.046143,1.016235
normal,5286655,-0.040527,0.072388,0.896851
normal,5286675,-0.042969,0.067139,0.894409
normal,5286695,0.047119,0.044434,1.069458
normal,5286715,0.040405,0.055054,1.054443
normal,5286735,0.022217,-0.050415,1.069092
normal,5286755,-0.006592,0.026245,0.992920
normal,5286775,0.001953,0.018921,1.000977
normal,5286795,0.003296,0.017456,1.001099
normal,5286815,0.002319,0.018311,1.001221
normal,5286835,0.003906,0.018433,1.000977
normal,5286855,0.003174,0.019165,1.001221
normal,5286875,0.003540,0.019409,1.001343
normal,5286895,0.003052,0.018555,1.000854
normal,5286915,0.003052,0.019775,1.000854
normal,5286935,0.003662,0.018799,1.001587
normal,5286955,0.003540,0.019165,1.001221
normal,5286975,0.002930,0.019165,1.001465
normal,5286995,0.001953,0.018433,1.000977
normal,5287015,0.003418,0.019653,1.000854
normal,5287035,0.003052,0.018921,1.001465
normal,5287055,0.002686,0.018555,1.000732
normal,5287075,0.004028,0.018799,1.001831
normal,5287095,0.003418,0.018677,1.001099
normal,5287115,0.003174,0.020020,1.001465
normal,5287135,0.003174,0.019287,1.000854
normal,5287155,0.003052,0.018921,1.001465
normal,5287175,0.003052,0.020020,1.001465
normal,5287195,0.003174,0.019165,1.000854
normal,5287215,0.002686,0.019287,1.000854
normal,5287235,0.002686,0.018799,1.000854
normal,5287255,0.002563,0.019775,1.001343
normal,5287275,0.003418,0.019897,1.000732
normal,5287295,0.002930,0.018433,1.000977
normal,5287315,0.003052,0.019409,1.000732
normal,5287335,0.002930,0.018677,1.000977
normal,5287355,0.003052,0.018921,1.000854
normal,5287375,0.002686,0.019165,1.001343
normal,5287395,0.002441,0.019165,1.000977
normal,5287415,0.002808,0.018921,1.000854
normal,5287435,0.003662,0.021973,0.999146
normal,5287455,0.004028,0.019165,1.001831
normal,5287475,0.002441,0.018311,1.001953
normal,5287495,0.003418,0.020142,1.000610
normal,5287515,0.003662,0.018677,1.001709
normal,5287535,0.001953,0.019409,1.001099
normal,5287555,0.003296,0.019775,1.000977
normal,5287575,0.003906,0.019653,1.001099
normal,5287595,0.003174,0.019287,1.001343
normal,5287615,0.003296,0.019165,1.001221
normal,5287635,0.001953,0.017578,1.000977
normal,5287655,-0.007813,0.005249,0.968628
normal,5287675,-0.021240,0.070923,0.951416
normal,5287695,0.061035,-0.011719,1.117798
normal,5287715,0.059082,-0.002808,1.113892
normal,5287735,-0.023560,-0.028320,0.972534
normal,5287755,-0.016235,-0.035522,0.988403
normal,5287775,-0.033325,0.079346,0.907349
normal,5287795,-0.036865,0.076294,0.901367
normal,5287815,0.052124,0.031860,1.086548
normal,5287835,0.050415,0.036865,1.079956
normal,5287855,0.009155,-0.049316,1.043823
normal,5287875,-0.046387,0.062988,0.891235
normal,5287895,0.013062,0.011108,1.003662
normal,5287915,0.000854,0.019287,1.004028
normal,5287935,0.003906,0.017334,1.000732
normal,5287955,0.002319,0.019897,1.001343
normal,5287975,-0.021851,0.048218,0.955688
normal,5287995,0.055664,0.005615,1.105835
normal,5288015,-0.025513,0.002686,1.111084
normal,5288035,-0.015991,-0.035156,0.989624
normal,5288055,-0.032959,0.078857,0.909546
normal,5288075,-0.037476,0.075195,0.902222
normal,5288095,0.054077,0.030029,1.087524
normal,5288115,0.050903,0.036621,1.080078
normal,5288135,0.009033,-0.050659,1.043945
normal,5288155,0.015137,-0.049072,1.054321
normal,5288175,-0.048340,0.056396,0.892334
normal,5288195,0.031372,0.056274,0.976929
normal,5288215,0.008057,0.021851,0.996338
normal,5288235,0.004150,0.021362,1.000610
normal,5288255,0.005981,0.018433,1.003662
normal,5288275,0.002930,0.019043,1.000732
normal,5288295,-0.005005,0.000854,0.975708
normal,5288315,-0.025635,0.071411,0.942871
normal,5288335,-0.024292,0.081787,0.924683
normal,5288355,0.059326,0.005127,1.109619
normal,5288375,-0.017090,-0.035034,0.986938
normal,5288395,-0.010010,-0.040527,1.002319
normal,5288415,-0.037231,0.074951,0.902222
normal,5288435,-0.039917,0.072510,0.897705
normal,5288455,0.050171,0.038940,1.077271
normal,5288475,0.046143,0.033691,1.058228
normal,5288495,0.015869,-0.051147,1.073853
normal,5288515,0.018188,0.058105,1.023315
normal,5288535,-0.005127,0.027588,1.004639
normal,5288555,0.009888,0.020996,0.995117
normal,5288575,-0.000610,0.019409,0.995972
normal,5288595,0.012695,0.030640,1.029419
normal,5288615,0.037231,0.053223,1.060303
normal,5288635,0.023193,-0.050659,1.069702
normal,5288655,0.028931,-0.050049,1.081665
normal,5288675,-0.048828,0.041748,0.895752
normal,5288695,-0.048828,0.030518,0.901367
normal,5288715,0.015503,0.076538,1.001709
normal,5288735,0.045898,-0.039551,1.106934
normal,5288755,0.050415,-0.033447,1.114258
normal,5288775,-0.042847,0.006348,0.923828
normal,5288795,-0.038818,-0.005005,0.937134
normal,5288815,0.019897,0.011475,1.009277
normal,5288835,0.004761,0.019287,1.000977
normal,5288855,0.004517,0.019409,1.003052
normal,5288875,0.001709,0.023193,1.011841
normal,5288895,0.017334,-0.012451,1.020386
normal,5288915,-0.042969,0.062378,0.903076
normal,5288935,-0.043335,0.067139,0.894043
normal,5288955,0.044312,0.049072,1.067383
normal,5288975,0.039917,0.053345,1.058350
normal,5288995,0.022949,-0.049194,1.068604
normal,5289015,0.027222,-0.049316,1.080811
normal,5289035,-0.048584,0.041504,0.896729
normal,5289055,0.021973,0.042725,0.903320
normal,5289075,0.015503,0.075317,1.003662
normal,5289095,0.045410,-0.037842,1.106445
normal,5289115,0.048706,-0.033691,1.113281
normal,5289135,-0.042603,0.007324,0.923462
normal,5289155,-0.038574,-0.003906,0.937134
normal,5289175,-0.009644,0.085083,0.947876
normal,5289195,-0.018188,0.084961,0.934570
normal,5289215,0.059204,-0.007813,1.114624
normal,5289235,-0.026123,-0.027222,1.095947
normal,5289255,-0.018677,-0.036377,0.988647
normal,5289275,-0.031738,0.081055,0.910034
normal,5289295,-0.036377,0.076660,0.901611
normal,5289315,0.055054,0.026489,1.089966
normal,5289335,0.051270,0.035889,1.080688
normal,5289355,0.007324,-0.050781,1.042114
normal,5289375,0.013306,-0.050537,1.051025
normal,5289395,-0.046387,0.057007,0.892578
normal,5289415,0.036743,0.058838,1.045776
normal,5289435,0.031372,0.064331,1.034058
normal,5289455,0.033081,-0.047119,1.089722
normal,5289475,0.038086,-0.044067,1.097046
normal,5289495,-0.047974,0.025757,0.906006
normal,5289515,-0.032104,0.023071,0.925537
normal,5289535,0.002319,0.016479,1.009644
normal,5289555,0.003540,0.018188,1.001465
normal,5289575,0.000488,0.019775,0.999146
normal,5289595,0.003296,0.019653,1.001831
normal,5289615,0.029053,0.014038,1.055298
normal,5289635,-0.007202,-0.020752,0.980957
normal,5289655,-0.015015,-0.037354,0.991211
normal,5289675,-0.034302,0.076782,0.905762
normal,5289695,-0.037109,0.075317,0.900269
normal,5289715,0.051636,0.031860,1.085571
normal,5289735,0.048950,0.040527,1.075439
normal,5289755,0.009888,-0.049561,1.046143
normal,5289775,-0.046509,0.058838,0.892334
normal,5289795,-0.047607,0.054077,0.892822
normal,5289815,0.033447,0.061890,1.040283
normal,5289835,0.027588,0.068237,1.025879
normal,5289855,0.036865,-0.045532,1.094238
normal,5289875,0.042358,-0.041870,1.103027
normal,5289895,-0.048584,0.022217,0.908936
normal,5289915,0.007813,0.011475,0.918579
normal,5289935,0.001587,0.082764,0.969360
normal,5289955,0.054810,-0.027100,1.116211
normal,5289975,0.057983,-0.019897,1.116821
normal,5289995,-0.035156,-0.012329,0.949951
normal,5290015,-0.028442,-0.022339,0.963257
normal,5290035,-0.023560,0.083862,0.923096
normal,5290055,-0.028198,0.082031,0.916504
normal,5290075,0.057617,0.012695,1.102417
normal,5290095,-0.012329,-0.041138,1.095215
normal,5290115,-0.005371,-0.046753,1.017212
normal,5290135,-0.040894,0.072876,0.895996
normal,5290155,-0.042725,0.067749,0.894165
normal,5290175,0.045044,0.048462,1.065063
normal,5290195,0.041382,0.053345,1.058105
normal,5290215,0.021118,-0.050171,1.067139
normal,5290235,-0.008301,0.036499,0.984131
normal,5290255,0.005249,0.018188,1.000488
normal,5290275,0.002197,0.019287,1.002563
normal,5290295,0.002441,0.019287,1.001587
normal,5290315,0.003174,0.015625,1.003052
normal,5290335,0.026367,-0.013550,1.041870
normal,5290355,-0.046753,0.049927,0.895142
normal,5290375,-0.047852,0.052734,0.890747
normal,5290395,0.031006,0.064819,1.036011
normal,5290415,0.026855,0.067871,1.026123
normal,5290435,0.036133,-0.042847,1.093994
normal,5290455,-0.048462,0.027710,0.905640
normal,5290475,-0.047119,0.020020,0.910400
normal,5290495,0.005127,0.080933,0.979126
normal,5290515,0.000610,0.082642,0.969116
normal,5290535,0.055176,-0.023804,1.115845
normal,5290555,0.057739,-0.018677,1.116577
normal,5290575,-0.032959,-0.014893,0.951416
normal,5290595,-0.028076,-0.024658,0.967651
normal,5290615,-0.023193,0.083618,0.922363
normal,5290635,0.059448,0.005249,1.108276
normal,5290655,0.058716,0.013184,1.101929
normal,5290675,-0.010864,-0.042236,1.005371
normal,5290695,-0.002563,-0.048340,1.022217
normal,5290715,-0.040771,0.071655,0.895874
normal,5290735,-0.043213,0.066162,0.893433
normal,5290755,0.044922,0.047241,1.064209
normal,5290775,0.046387,0.055664,1.052856
normal,5290795,0.022949,-0.049561,1.072998
normal,5290815,-0.048096,0.047852,0.893921
normal,5290835,-0.048218,0.038818,0.897949
normal,5290855,0.021484,0.074219,1.012817
normal,5290875,0.015137,0.077271,0.999878
normal,5290895,0.046265,-0.037598,1.108521
normal,5290915,0.049561,-0.033325,1.112427
normal,5290935,-0.041626,0.003540,0.927368
normal,5290955,-0.004883,-0.010132,0.936157
normal,5290975,-0.010498,0.084229,0.946411
normal,5290995,0.058472,-0.012695,1.117065
normal,5291015,0.059692,-0.008179,1.115234
normal,5291035,-0.024292,-0.029419,0.973633
normal,5291055,-0.018921,-0.035522,0.986816
normal,5291075,-0.031738,0.080811,0.908447
normal,5291095,-0.035400,0.078491,0.900879
normal,5291115,0.049927,0.025635,1.083374
normal,5291135,-0.000366,0.018311,0.997192
normal,5291155,0.004883,0.019775,1.000732
normal,5291175,0.004028,0.019653,1.003174
normal,5291195,0.003662,0.019165,1.000854
normal,5291215,0.002930,0.019531,1.000977
normal,5291235,0.003784,0.018799,1.001221
normal,5291255,0.003052,0.019409,1.000854
normal,5291275,0.003540,0.019287,1.001099
normal,5291295,0.002563,0.018311,1.001343
normal,5291315,0.002930,0.019043,1.001587
normal,5291335,0.003784,0.019653,1.001099
normal,5291355,0.003174,0.018677,1.001099
normal,5291375,0.002563,0.018433,1.000854
normal,5291395,0.003784,0.019165,1.001099
normal,5291415,0.002686,0.019897,1.000732
normal,5291435,0.003540,0.019165,1.000854
normal,5291455,0.003052,0.019165,1.001587
normal,5291475,0.003418,0.019165,1.000610
normal,5291495,0.003052,0.019287,1.001221
normal,5291515,0.003540,0.018799,1.001343
normal,5291535,0.003174,0.019409,1.000854
normal,5291555,0.002686,0.019165,1.000854
normal,5291575,0.003052,0.018921,1.001221
normal,5291595,0.004028,0.019775,1.000977
normal,5291615,0.002319,0.018433,1.000977
normal,5291635,0.003540,0.018799,1.001465
normal,5291655,0.003296,0.019287,1.000854
normal,5291675,0.002563,0.018921,1.001343
normal,5291695,0.003174,0.019531,1.000977
normal,5291715,0.002930,0.019165,1.001343
normal,5291735,0.003174,0.019287,1.001465
normal,5291755,0.003052,0.018921,1.001221
normal,5291775,0.003052,0.019165,1.001465
normal,5291795,0.002441,0.019775,1.000977
normal,5291815,0.003174,0.019043,1.001099
normal,5291835,0.002197,0.018921,1.001831
normal,5291855,0.002930,0.019287,1.000854
normal,5291875,0.003296,0.019775,1.000732
normal,5291895,0.004395,0.019165,1.001221
normal,5291915,0.003662,0.018799,1.001099
normal,5291935,0.002563,0.019043,1.000732
normal,5291955,0.002686,0.019287,1.000732
normal,5291975,0.001953,0.017822,1.000732
normal,5291995,-0.015625,0.040039,0.975952
normal,5292015,-0.025391,0.072266,0.942383
normal,5292035,0.061035,-0.005859,1.116577
normal,5292055,0.059204,0.003906,1.110718
normal,5292075,-0.017578,-0.033081,0.984009
normal,5292095,-0.010864,-0.041260,1.000488
normal,5292115,-0.037231,0.076416,0.901001
normal,5292135,-0.040039,0.073120,0.897461
normal,5292155,0.050781,0.039673,1.077271
normal,5292175,0.008545,-0.049805,1.041626
normal,5292195,0.014282,-0.050903,1.054810
normal,5292215,-0.047852,0.056396,0.890381
normal,5292235,-0.048340,0.050659,0.892944
normal,5292255,0.029541,0.067261,1.028687
normal,5292275,0.024536,0.070435,1.018921
normal,5292295,0.039551,-0.042480,1.097046
normal,5292315,0.044312,-0.039063,1.105591
normal,5292335,-0.045898,0.017334,0.912231
normal,5292355,0.002686,0.081665,0.974121
normal,5292375,-0.002075,0.083618,0.964355
normal,5292395,0.057495,-0.022583,1.117065
normal,5292415,0.058228,-0.017334,1.117920
normal,5292435,-0.032837,-0.017456,0.955200
normal,5292455,-0.025269,-0.027954,0.970215
normal,5292475,-0.025146,0.083374,0.919800
normal,5292495,-0.031372,0.080566,0.910767
normal,5292515,0.057983,0.016235,1.100342
normal,5292535,-0.007446,-0.044312,1.008789
normal,5292555,-0.000732,-0.048950,1.025635
normal,5292575,-0.037964,0.063232,0.907593
normal,5292595,0.007690,0.017944,1.000366
normal,5292615,0.003418,0.020020,1.000854
normal,5292635,0.003540,0.019653,0.999512
normal,5292655,0.002930,0.021240,1.002441
normal,5292675,-0.003662,0.050049,0.999390
normal,5292695,0.047363,-0.031982,1.099121
normal,5292715,-0.046387,0.018555,0.908813
normal,5292735,-0.043701,0.008545,0.919678
normal,5292755,-0.000122,0.081909,0.968506
normal,5292775,-0.008911,0.084229,0.951538
normal,5292795,0.057739,-0.018188,1.117310
normal,5292815,0.058960,-0.010742,1.116211
normal,5292835,-0.026489,-0.026123,0.967773
normal,5292855,-0.023926,-0.009644,0.978882
normal,5292875,-0.030762,0.081055,0.910889
normal,5292895,0.057373,0.014893,1.101074
normal,5292915,0.056030,0.022949,1.093506
normal,5292935,-0.002686,-0.048218,1.022339
normal,5292955,0.003174,-0.049683,1.033325
normal,5292975,-0.044067,0.065063,0.892456
normal,5292995,-0.045776,0.061401,0.891357
normal,5293015,0.039795,0.055054,1.052368
normal,5293035,0.024414,-0.049194,1.043091
normal,5293055,0.028931,-0.049194,1.082031
normal,5293075,-0.048218,0.039185,0.898926
normal,5293095,-0.048950,0.031128,0.903931
normal,5293115,0.015869,0.076782,0.998657
normal,5293135,0.008179,0.081177,0.982544
normal,5293155,0.051147,-0.032593,1.111084
normal,5293175,0.053345,-0.026367,1.113892
normal,5293195,0.005615,0.014404,0.999634
normal,5293215,0.000488,0.018799,1.001831
normal,5293235,0.001587,0.020142,0.998169
normal,5293255,0.003540,0.017578,1.004272
normal,5293275,-0.013428,0.018188,0.963501
normal,5293295,-0.001221,0.059570,0.997314
normal,5293315,0.008301,0.078125,0.989258
normal,5293335,0.050659,-0.029541,1.112915
normal,5293355,0.052979,-0.027222,1.114746
normal,5293375,-0.038208,-0.005371,0.936157
normal,5293395,-0.012451,0.084595,0.945557
normal,5293415,-0.016113,0.083862,0.936035
normal,5293435,0.060059,-0.005005,1.115356
normal,5293455,0.060669,0.000732,1.110352
normal,5293475,-0.018921,-0.035522,0.987427
normal,5293495,-0.011841,-0.042358,1.002319
normal,5293515,-0.036133,0.077881,0.901733
normal,5293535,-0.040771,0.072754,0.895996
normal,5293555,0.050415,0.037231,1.079102
normal,5293575,0.007202,-0.050537,1.041626
normal,5293595,0.015259,-0.051758,1.056763
normal,5293615,-0.046509,0.057861,0.891235
normal,5293635,-0.048096,0.049316,0.894287
normal,5293655,0.029663,0.066406,1.030518
normal,5293675,0.023560,0.071167,1.016602
normal,5293695,0.039307,-0.043945,1.098755
normal,5293715,0.045288,-0.039795,1.105225
normal,5293735,-0.046021,0.015259,0.915283
normal,5293755,0.004272,0.083008,0.975098
normal,5293775,-0.002197,0.082764,0.962646
normal,5293795,0.056885,-0.021851,1.118042
normal,5293815,0.057861,-0.017456,1.117676
normal,5293835,-0.030884,-0.019653,0.957275
normal,5293855,-0.027466,-0.025879,0.968262
normal,5293875,-0.025024,0.082642,0.918213
normal,5293895,0.058105,0.071045,0.908691
normal,5293915,0.058228,0.015015,1.100098
normal,5293935,-0.007446,-0.045288,1.010986
normal,5293955,-0.001953,-0.048096,1.022583
normal,5293975,0.006714,0.014771,1.005493
normal,5293995,0.001831,0.019531,1.000854
normal,5294015,0.002319,0.020142,1.001831
normal,5294035,0.002197,0.018799,1.001221
normal,5294055,0.003174,0.019531,1.001099
normal,5294075,0.004150,0.019409,1.001099
normal,5294095,0.003540,0.018677,1.000977
normal,5294115,0.003174,0.019775,1.000854
normal,5294135,0.003906,0.019287,1.001099
normal,5294155,0.003296,0.018677,1.000977
normal,5294175,0.003174,0.018799,1.000732
normal,5294195,0.003418,0.019409,1.000854
normal,5294215,0.002930,0.019775,1.000610
normal,5294235,0.003418,0.019165,1.000977
normal,5294255,0.003174,0.018677,1.002075
normal,5294275,0.002686,0.018677,1.001587
normal,5294295,0.003540,0.018311,1.000854
normal,5294315,0.003296,0.018921,1.000977
normal,5294335,0.003174,0.018921,1.001221
normal,5294355,0.003052,0.018799,1.000610
normal,5294375,0.003662,0.019287,1.000854
normal,5294395,0.003418,0.020386,1.000732
normal,5294415,0.002686,0.018921,1.000732
normal,5294435,0.004028,0.019043,1.000854
normal,5294455,0.002930,0.020020,1.000854
normal,5294475,0.003296,0.018555,1.001221
normal,5294495,0.003662,0.019043,1.000977
normal,5294515,0.003418,0.019043,1.000977
normal,5294535,0.003052,0.019043,1.000854
normal,5294555,0.002563,0.018555,1.000854
normal,5294575,0.002930,0.019287,1.001099
normal,5294595,0.002808,0.019043,1.001099
normal,5294615,0.002808,0.019653,1.000732
normal,5294635,0.003662,0.019043,1.000854
normal,5294655,0.003662,0.019897,1.000854
normal,5294675,0.003174,0.019409,1.000610
normal,5294695,0.002808,0.019287,1.001099
normal,5294715,0.003174,0.018433,1.000977
normal,5294735,0.003174,0.018921,1.000732
normal,5294755,0.003540,0.019287,1.000732
normal,5294775,0.003784,0.018433,1.000732
normal,5294795,0.003784,0.019287,1.000854
normal,5294815,0.004761,0.019409,1.000854
normal,5294835,0.002686,0.018188,1.001343
normal,5294855,0.002808,0.018921,1.000854
normal,5294875,0.003418,0.018188,1.001221
normal,5294895,0.003052,0.018555,1.001587
normal,5294915,0.011353,0.015015,1.014160
normal,5294935,-0.021973,0.018677,1.087402
normal,5294955,-0.046265,0.016846,0.906738
normal,5294975,0.003052,0.079956,0.980347
normal,5294995,-0.002808,0.083130,0.965454
normal,5295015,0.056396,-0.024048,1.117798
normal,5295035,0.058716,-0.015381,1.117798
normal,5295055,-0.032837,-0.016479,0.953125
normal,5295075,-0.026733,-0.025879,0.968018
normal,5295095,-0.025757,0.083252,0.917725
normal,5295115,0.060547,0.005005,1.108887
normal,5295135,0.058472,0.016357,1.099731
normal,5295155,-0.010254,-0.043945,1.008911
normal,5295175,-0.001831,-0.047241,1.022461
normal,5295195,-0.042603,0.071045,0.892944
normal,5295215,-0.044556,0.066040,0.889771
normal,5295235,0.043335,0.051270,1.061157
normal,5295255,0.039429,0.056396,1.052124
normal,5295275,0.023926,-0.049805,1.072876
normal,5295295,-0.048340,0.045410,0.894531
normal,5295315,-0.048828,0.038940,0.897705
normal,5295335,0.019775,0.075073,1.009521
normal,5295355,0.014648,0.077881,0.997314
normal,5295375,0.046509,-0.037231,1.108276
normal,5295395,0.051270,-0.031860,1.113281
normal,5295415,-0.028320,0.012085,0.935547
normal,5295435,0.006470,0.016479,1.001099
normal,5295455,0.002075,0.019409,1.000977
normal,5295475,0.001221,0.019409,0.999146
normal,5295495,0.004639,0.019775,1.004639
normal,5295515,0.020508,-0.005371,1.029907
normal,5295535,0.018066,-0.042969,1.044312
normal,5295555,-0.046509,0.057739,0.891479
normal,5295575,-0.048218,0.050293,0.893066
normal,5295595,0.032227,0.063843,1.038452
normal,5295615,0.001465,0.070801,1.021240
normal,5295635,0.037720,-0.044678,1.094849
normal,5295655,-0.048828,0.028931,0.904541
normal,5295675,-0.046387,0.017334,0.913452
normal,5295695,0.007202,0.080811,0.980713
normal,5295715,-0.001587,0.083374,0.965210
normal,5295735,0.054443,-0.025024,1.117432
normal,5295755,0.059082,-0.018677,1.118042
normal,5295775,-0.032227,-0.018188,0.954346
normal,5295795,-0.018555,-0.009766,0.964844
normal,5295815,-0.024780,0.082520,0.920166
normal,5295835,0.058960,0.005371,1.107788
normal,5295855,0.059082,0.012573,1.103394
normal,5295875,-0.008667,-0.044922,1.009155
normal,5295895,-0.004272,-0.047119,1.018677
normal,5295915,-0.041138,0.071411,0.896362
normal,5295935,-0.044067,0.067505,0.892822
normal,5295955,0.043945,0.046997,1.065186
normal,5295975,0.017700,-0.052002,1.062378
normal,5295995,0.023682,-0.050537,1.070801
normal,5296015,-0.048828,0.046387,0.894287
normal,5296035,-0.049438,0.039795,0.898071
normal,5296055,0.021729,0.073608,1.014038
normal,5296075,0.013794,0.078735,0.997314
normal,5296095,0.046143,-0.039063,1.107910
normal,5296115,0.001343,0.022339,0.998291
normal,5296135,0.003418,0.019531,1.000488
normal,5296155,0.003296,0.017212,1.001221
normal,5296175,0.004517,0.018677,1.000977
normal,5296195,0.003540,0.018799,1.000610
normal,5296215,0.002930,0.018799,1.001343
normal,5296235,0.003784,0.019531,1.000977
normal,5296255,0.003662,0.019531,1.000977
normal,5296275,0.002075,0.019775,1.000732
normal,5296295,0.002686,0.019897,1.001099
normal,5296315,0.003174,0.018677,1.000977
normal,5296335,0.003540,0.018677,1.000977
normal,5296355,0.003174,0.019043,1.001099
normal,5296375,0.003418,0.019287,1.000854
normal,5296395,0.003418,0.019531,1.000854
normal,5296415,0.003540,0.019165,1.002319
normal,5296435,0.002686,0.019043,1.001343
normal,5296455,0.003662,0.018555,1.000977
normal,5296475,0.003052,0.018677,1.001587
normal,5296495,0.002563,0.019165,1.001221
normal,5296515,0.002808,0.019775,1.001099
normal,5296535,0.004150,0.019531,1.001343
normal,5296555,0.003174,0.017578,1.001465
normal,5296575,0.003784,0.018921,1.001343
normal,5296595,0.002319,0.019653,1.001099
normal,5296615,0.002075,0.019043,1.001831
normal,5296635,0.002197,0.017456,1.003662
normal,5296655,0.004272,0.019897,1.000366
normal,5296675,0.003052,0.017700,1.001831
normal,5296695,0.002686,0.019165,1.000854
normal,5296715,0.002930,0.020020,1.001099
normal,5296735,0.003540,0.019043,1.000977
normal,5296755,0.003418,0.019409,1.001099
normal,5296775,0.003662,0.019653,1.000732
normal,5296795,0.002319,0.018799,1.000977
normal,5296815,0.002808,0.018188,1.000732
normal,5296835,0.003662,0.020142,1.001221
normal,5296855,0.002686,0.019409,1.000732
normal,5296875,0.003296,0.019531,1.000732
normal,5296895,0.003174,0.019287,1.000977
normal,5296915,0.002930,0.019165,1.000610
normal,5296935,0.004639,0.021240,1.004395
normal,5296955,0.024292,-0.004761,1.035767
normal,5296975,0.025146,-0.041504,1.054321
normal,5296995,-0.048706,0.052246,0.891357
normal,5297015,0.031128,0.063354,1.038208
normal,5297035,0.026733,0.067017,1.028320
normal,5297055,0.035645,-0.043945,1.092041
normal,5297075,0.043213,-0.041626,1.101318
normal,5297095,-0.048462,0.021973,0.908691
normal,5297115,-0.044800,0.010498,0.918457
normal,5297135,0.000000,0.082520,0.969971
normal,5297155,-0.008667,0.084839,0.955200
normal,5297175,0.057739,-0.019653,1.117798
normal,5297195,-0.034668,-0.013550,0.948486
normal,5297215,-0.027954,-0.024170,0.964722
normal,5297235,-0.024048,0.084961,0.923706
normal,5297255,-0.028809,0.081787,0.913940
normal,5297275,0.058228,0.012939,1.102905
normal,5297295,0.057129,0.020386,1.096680
normal,5297315,-0.003174,-0.046997,1.019165
normal,5297335,0.001709,-0.048218,1.029541
normal,5297355,-0.044067,0.067505,0.892090
normal,5297375,0.045044,0.047852,1.066650
normal,5297395,0.041016,0.053345,1.056885
normal,5297415,0.023437,-0.049683,1.071655
normal,5297435,0.028320,-0.048828,1.079468
normal,5297455,-0.049438,0.041138,0.896362
normal,5297475,-0.049438,0.032593,0.900757
normal,5297495,0.016724,0.076050,1.004639
normal,5297515,0.014526,0.081177,0.985352
normal,5297535,0.049683,-0.035034,1.111572
normal,5297555,0.006470,0.014893,0.999512
normal,5297575,0.003662,0.019287,1.000122
normal,5297595,0.003906,0.017090,1.002563
normal,5297615,0.003540,0.019653,1.001587
normal,5297635,0.002930,0.019409,1.000977
normal,5297655,0.002808,0.019531,1.000732
normal,5297675,0.003052,0.019531,1.001099
normal,5297695,0.003540,0.018921,1.001099
normal,5297715,0.002930,0.018555,1.000854
normal,5297735,0.003052,0.018799,1.001221
normal,5297755,0.002930,0.018066,1.000854
normal,5297775,0.003296,0.018799,1.000732
normal,5297795,0.004028,0.018433,1.001221
normal,5297815,0.003174,0.019531,1.001099
normal,5297835,0.003784,0.019287,1.001099
normal,5297855,0.002808,0.019409,1.000610
normal,5297875,0.002930,0.019531,1.000854
normal,5297895,0.002686,0.018921,1.001099
normal,5297915,0.003174,0.019897,1.000732
normal,5297935,0.002319,0.019165,1.000732
normal,5297955,0.002808,0.019287,1.000854
normal,5297975,0.002319,0.019531,1.000732
normal,5297995,0.003174,0.018799,1.000854
normal,5298015,0.002563,0.019409,1.001343
normal,5298035,0.002197,0.018921,1.001343
normal,5298055,0.002563,0.019287,1.000610
normal,5298075,0.003418,0.008423,0.995728
normal,5298095,-0.026733,0.056030,0.949219
normal,5298115,-0.022217,0.081299,0.930542
normal,5298135,0.060913,-0.000854,1.113159
normal,5298155,0.060181,0.007813,1.106934
normal,5298175,-0.013794,-0.039063,0.994141
normal,5298195,-0.006592,-0.045044,1.011597
normal,5298215,-0.040161,0.074951,0.898804
normal,5298235,0.051147,0.034546,1.082397
normal,5298255,0.047974,0.043945,1.072021
normal,5298275,0.012817,-0.051758,1.050171
normal,5298295,0.020264,-0.050903,1.065796
normal,5298315,-0.048828,0.053223,0.892334
normal,5298335,-0.049438,0.044312,0.895630
normal,5298355,0.026001,0.070679,1.021606
normal,5298375,0.018921,0.075684,1.009033
normal,5298395,0.043335,-0.040771,1.104370
normal,5298415,-0.046875,0.020264,0.908569
normal,5298435,-0.044067,0.009399,0.921143
normal,5298455,0.000000,0.085083,0.965820
normal,5298475,-0.006714,0.084595,0.953613
normal,5298495,0.057251,-0.018066,1.117554
normal,5298515,0.059448,-0.011963,1.117920
normal,5298535,-0.027222,-0.024292,0.965698
normal,5298555,-0.024536,-0.032471,0.978149
normal,5298575,0.017700,0.010498,1.007080
normal,5298595,0.003296,0.018188,1.003052
normal,5298615,0.001465,0.018921,0.999023
normal,5298635,0.002197,0.019043,1.001587
normal,5298655,-0.010254,0.038940,0.982422
normal,5298675,0.049561,-0.007568,1.093384
normal,5298695,0.055542,-0.024536,1.117554
normal,5298715,-0.036133,-0.008911,0.940552
normal,5298735,-0.014648,-0.009399,0.951660
normal,5298755,-0.020020,0.083374,0.931641
normal,5298775,0.059692,-0.001465,1.112061
normal,5298795,0.059937,0.005615,1.107788
normal,5298815,-0.015625,-0.039429,0.994873
normal,5298835,-0.010132,-0.043945,1.007813
normal,5298855,-0.037720,0.075684,0.899536
normal,5298875,-0.041748,0.071289,0.894775
normal,5298895,0.049316,0.039795,1.076050
normal,5298915,0.010742,-0.051758,1.048218
normal,5298935,0.017090,-0.051880,1.060791
normal,5298955,-0.047974,0.055054,0.890991
normal,5298975,-0.048706,0.046021,0.893433
normal,5298995,0.027710,0.069214,1.026611
normal,5299015,0.019287,0.074951,1.008301
normal,5299035,0.041870,-0.042847,1.101318
normal,5299055,0.046143,-0.037842,1.108398
normal,5299075,-0.044556,0.010986,0.918823
normal,5299095,0.000854,0.082886,0.970703
normal,5299115,-0.006958,0.084229,0.956055
normal,5299135,0.057007,-0.020630,1.118286
normal,5299155,0.059082,-0.012695,1.116577
normal,5299175,-0.028320,-0.024414,0.964722
normal,5299195,-0.024536,-0.028931,0.975098
normal,5299215,-0.028076,0.082642,0.915039
normal,5299235,-0.032471,0.080811,0.906616
normal,5299255,0.009888,0.024170,1.001587
normal,5299275,0.004761,0.017456,1.000854
normal,5299295,0.003296,0.021484,1.000977
normal,5299315,0.004517,0.018433,1.002563
normal,5299335,0.003540,0.020020,1.001099
normal,5299355,0.002319,0.018799,1.000977
normal,5299375,0.002686,0.018921,1.000854
normal,5299395,0.003540,0.018555,1.001099
normal,5299415,0.003418,0.019043,1.000977
normal,5299435,0.003052,0.019531,1.001343
normal,5299455,0.002563,0.019409,1.000854
normal,5299475,0.002686,0.019043,1.000977
normal,5299495,0.003418,0.019409,1.000977
normal,5299515,0.001953,0.019409,1.000732
normal,5299535,0.003296,0.018677,1.001099
normal,5299555,0.002319,0.019775,1.000732
normal,5299575,0.002075,0.019409,1.000854
normal,5299595,0.002441,0.019287,1.000732
normal,5299615,0.002319,0.019287,1.000977
normal,5299635,0.004150,0.019897,1.000732
normal,5299655,0.003052,0.018677,1.001099
normal,5299675,0.003662,0.019287,1.000732
normal,5299695,0.002319,0.019897,1.000977
normal,5299715,0.019653,0.003174,1.030518
normal,5299735,0.039917,-0.029541,1.073120
normal,5299755,-0.050537,0.039307,0.892700
normal,5299775,0.020630,0.070679,0.901489
normal,5299795,0.015137,0.077026,1.002563
normal,5299815,0.044800,-0.037720,1.105347
normal,5299835,0.050781,-0.033081,1.112549
normal,5299855,-0.042725,0.006836,0.922119
normal,5299875,-0.039063,-0.004272,0.936523
normal,5299895,-0.011230,0.085815,0.947144
normal,5299915,-0.016602,0.084717,0.936035
normal,5299935,0.059326,-0.006470,1.114868
normal,5299955,-0.026123,-0.027100,0.970703
normal,5299975,-0.017822,-0.036499,0.987793
normal,5299995,-0.032959,0.081177,0.908691
normal,5300015,-0.036499,0.077637,0.903198
normal,5300035,0.055054,0.029053,1.088501
normal,5300055,0.052124,0.035522,1.082275
normal,5300075,0.008179,-0.051147,1.041504
normal,5300095,0.013672,-0.051880,1.051392
normal,5300115,-0.047119,0.058228,0.891724
normal,5300135,0.035767,0.061401,1.043579
normal,5300155,0.031250,0.064697,1.034912
normal,5300175,0.032837,-0.046143,1.086670
normal,5300195,0.025146,-0.027954,1.051270
normal,5300215,0.000122,0.020752,1.003540
normal,5300235,0.001465,0.017334,1.004028
normal,5300255,0.000122,0.019897,1.000732
normal,5300275,0.016968,0.002563,1.026245
normal,5300295,-0.036865,0.036133,0.917603
normal,5300315,0.032227,0.056885,1.048950
normal,5300335,0.027466,0.065430,1.031616
normal,5300355,0.033691,-0.046265,1.089111
normal,5300375,0.039795,-0.042236,1.096313
normal,5300395,-0.046997,0.023682,0.906860
normal,5300415,-0.046875,0.017090,0.911499
normal,5300435,0.002319,0.082764,0.974854
normal,5300455,-0.009644,0.084229,0.961792
normal,5300475,0.056885,-0.023804,1.116821
normal,5300495,-0.035400,-0.012085,0.945923
normal,5300515,-0.032227,-0.018066,0.956299
normal,5300535,-0.021118,0.084473,0.926636
normal,5300555,-0.026611,0.085083,0.916626
normal,5300575,0.059937,0.006592,1.107300
normal,5300595,0.057373,0.019409,1.097656
normal,5300615,-0.008057,-0.045532,1.009644
normal,5300635,-0.039429,-0.050659,1.025146
normal,5300655,-0.042114,0.070801,0.894287
normal,5300675,0.048340,0.042969,1.072021
normal,5300695,0.040894,0.052612,1.058594
normal,5300715,0.019287,-0.051758,1.063110
normal,5300735,0.026001,-0.049683,1.075439
normal,5300755,-0.048340,0.045044,0.894653
normal,5300775,-0.049927,0.036743,0.897583
normal,5300795,0.018433,0.075439,1.005249
normal,5300815,0.042969,-0.040649,0.978027
normal,5300835,0.047729,-0.036621,1.108521
normal,5300855,-0.044189,0.009277,0.919800
normal,5300875,-0.014160,0.036621,0.976685
normal,5300895,0.007446,0.021484,0.998291
normal,5300915,0.003052,0.016968,1.002075
normal,5300935,0.000732,0.020630,0.999512
normal,5300955,0.002197,0.019531,1.000854
normal,5300975,0.003174,0.018799,1.000977
normal,5300995,0.002686,0.019165,1.000854
normal,5301015,0.002930,0.019043,1.000732
normal,5301035,0.002808,0.019165,1.000732
normal,5301055,0.003174,0.018311,1.000610
normal,5301075,0.002686,0.018799,1.000854
normal,5301095,0.003052,0.019287,1.000732
normal,5301115,0.003174,0.019409,1.000977
normal,5301135,0.002808,0.020020,1.000610
normal,5301155,0.002441,0.019775,1.000977
normal,5301175,0.002808,0.019775,1.001465
normal,5301195,0.002197,0.019287,1.000610
normal,5301215,0.003052,0.019531,1.001099
normal,5301235,0.003296,0.018677,1.000732
normal,5301255,0.002930,0.018677,1.000977
normal,5301275,0.003540,0.020386,1.000854
normal,5301295,0.002075,0.019165,1.001953
normal,5301315,0.003174,0.020874,1.000732
normal,5301335,0.016479,0.018433,1.033203
normal,5301355,0.005127,-0.015625,0.997803
normal,5301375,-0.010376,-0.042969,0.999390
normal,5301395,-0.038208,0.075439,0.900879
normal,5301415,-0.040649,0.071899,0.897095
normal,5301435,0.049438,0.038818,1.077881
normal,5301455,0.044434,0.049072,1.065674
normal,5301475,0.016235,-0.051147,1.057007
normal,5301495,0.014404,-0.050781,1.072388
normal,5301515,-0.049316,0.048828,0.892212
normal,5301535,0.028076,0.066772,1.028809
normal,5301555,0.020752,0.073364,1.013428
normal,5301575,0.039185,-0.043335,1.100098
normal,5301595,0.046021,-0.037354,1.108398
normal,5301615,-0.045898,0.014526,0.915039
normal,5301635,-0.043335,0.004883,0.924805
normal,5301655,-0.005493,0.084961,0.957153
normal,5301675,0.056274,-0.022217,0.947388
normal,5301695,0.058594,-0.014648,1.116943
normal,5301715,-0.031006,-0.019775,0.960449
normal,5301735,-0.025635,-0.028198,0.972900
normal,5301755,-0.028809,0.083374,0.913696
normal,5301775,-0.031494,0.080933,0.909302
normal,5301795,0.057739,0.019287,1.097046
normal,5301815,0.024658,-0.001343,1.053955
normal,5301835,-0.000732,0.018188,1.005249
normal,5301855,0.004639,0.019287,1.000732
normal,5301875,0.003784,0.018311,1.002075
normal,5301895,0.011108,0.020508,1.014893
normal,5301915,0.048462,0.010376,1.093384
normal,5301935,-0.020020,-0.031372,0.970825
normal,5301955,-0.016113,-0.037720,0.990845
normal,5301975,-0.033325,0.080811,0.906982
normal,5301995,-0.036499,0.076416,0.900513
normal,5302015,0.051636,0.032715,1.086182
normal,5302035,0.002686,-0.050171,1.030640
normal,5302055,0.009644,-0.051270,1.045288
normal,5302075,-0.045776,0.062256,0.891479
normal,5302095,-0.046997,0.055664,0.891724
normal,5302115,0.033936,0.063477,1.039063
normal,5302135,0.028931,0.068115,1.029297
normal,5302155,0.035522,-0.047119,1.091553
normal,5302175,0.039551,-0.043945,1.100464
normal,5302195,-0.047974,0.023193,0.907959
normal,5302215,0.008667,0.080933,0.984497
normal,5302235,0.003418,0.083252,0.973389
normal,5302255,0.053589,-0.027222,1.116943
normal,5302275,0.057007,-0.022461,1.118042
normal,5302295,-0.035156,-0.012695,0.946045
normal,5302315,-0.015991,-0.006226,0.963013
normal,5302335,0.001709,0.018066,1.010620
normal,5302355,0.004883,0.017456,1.001831
normal,5302375,0.003906,0.018677,1.005371
normal,5302395,0.004639,0.017578,1.004761
normal,5302415,0.042603,-0.002075,1.077148
normal,5302435,-0.036255,0.002441,0.926758
normal,5302455,-0.037109,-0.006348,0.937378
normal,5302475,-0.014404,0.084717,0.943115
normal,5302495,-0.018921,0.083374,0.933838
normal,5302515,0.059204,-0.002319,1.113403
normal,5302535,-0.022949,0.000244,1.109497
normal,5302555,-0.017212,-0.037598,0.990112
normal,5302575,-0.034790,0.080566,0.904297
normal,5302595,-0.037964,0.076782,0.900513
normal,5302615,0.052979,0.032227,1.086060
normal,5302635,0.049927,0.038574,1.077637
normal,5302655,0.009644,-0.051758,1.046387
normal,5302675,0.016724,-0.052734,1.059937
normal,5302695,-0.047607,0.055420,0.890747
normal,5302715,0.033447,0.062866,0.884033
normal,5302735,0.028320,0.066772,1.028320
normal,5302755,0.035889,-0.046021,1.091187
normal,5302775,0.040771,-0.042847,1.102173
normal,5302795,-0.047363,0.024658,0.905396
normal,5302815,-0.045410,0.011719,0.917236
normal,5302835,0.002563,0.084106,0.972168
normal,5302855,-0.004639,0.084717,0.959351
normal,5302875,0.057007,-0.020508,1.117432
normal,5302895,-0.036133,-0.011230,0.947510
normal,5302915,-0.000122,0.020630,1.001221
normal,5302935,0.003906,0.018921,1.000488
normal,5302955,0.005005,0.018311,1.004272
normal,5302975,0.003540,0.019043,1.002197
normal,5302995,0.003418,0.020264,1.000977
normal,5303015,0.002686,0.019287,1.000977
normal,5303035,0.003296,0.019409,1.000854
normal,5303055,0.002930,0.019165,1.001099
normal,5303075,0.003174,0.018311,1.000977
normal,5303095,0.002686,0.019531,1.001587
normal,5303115,0.003296,0.018921,1.000854
normal,5303135,0.002441,0.018677,1.001465
normal,5303155,0.003296,0.018677,1.000732
normal,5303175,0.002930,0.019287,1.000977
normal,5303195,0.003174,0.019287,1.000977
normal,5303215,0.003418,0.019897,1.000854
normal,5303235,0.002808,0.019165,1.001831
normal,5303255,0.002563,0.019409,1.000854
normal,5303275,0.003662,0.018921,1.001343
normal,5303295,0.003296,0.018799,1.000854
normal,5303315,0.003662,0.018066,1.001221
normal,5303335,0.002808,0.018799,1.001099
normal,5303355,0.005615,0.013184,1.005859
normal,5303375,-0.029785,0.045166,0.936523
normal,5303395,-0.048462,0.069092,0.899414
normal,5303415,0.050293,0.037109,1.082520
normal,5303435,0.008545,-0.050293,1.040283
normal,5303455,0.013794,-0.050659,1.051147
normal,5303475,-0.047363,0.056274,0.891724
normal,5303495,-0.048950,0.050781,0.891235
normal,5303515,0.030762,0.063721,1.034546
normal,5303535,0.023315,0.071777,1.018555
normal,5303555,0.039063,-0.044312,1.097168
normal,5303575,-0.047607,0.026367,1.106079
normal,5303595,-0.046143,0.017090,0.912231
normal,5303615,0.004761,0.081055,0.979248
normal,5303635,-0.002075,0.084595,0.962891
normal,5303655,0.055786,-0.024414,1.116821
normal,5303675,0.058960,-0.015625,1.117676
normal,5303695,-0.033081,-0.018311,0.957153
normal,5303715,-0.027832,-0.025879,0.966553
normal,5303735,-0.026367,0.084229,0.917114
normal,5303755,0.060547,0.005127,1.107300
normal,5303775,0.057861,0.016602,1.099609
normal,5303795,-0.008057,-0.045044,1.009766
normal,5303815,-0.001465,-0.047729,1.021729
normal,5303835,-0.042114,0.070801,0.894043
normal,5303855,-0.031372,0.043579,0.926270
normal,5303875,0.004639,0.016968,1.005371
normal,5303895,0.003418,0.019043,1.001099
normal,5303915,0.001831,0.019165,0.999146
normal,5303935,0.001709,0.019409,1.001831
normal,5303955,0.004150,0.019165,1.000732
normal,5303975,0.003540,0.019287,1.001465
normal,5303995,0.003174,0.018433,1.000854
normal,5304015,0.003052,0.018921,1.000732
normal,5304035,0.003052,0.018433,1.000732
normal,5304055,0.002930,0.018433,1.001099
normal,5304075,0.002686,0.019165,1.000610
normal,5304095,0.004028,0.018921,1.002441
normal,5304115,0.002808,0.019287,1.000610
normal,5304135,0.003174,0.019043,1.000854
normal,5304155,0.002808,0.018555,1.000977
normal,5304175,0.002563,0.019409,1.000854
normal,5304195,0.002930,0.019409,1.001099
normal,5304215,0.003784,0.019043,1.001953
normal,5304235,0.003052,0.019531,1.001099
normal,5304255,0.003418,0.018433,1.001221
normal,5304275,0.003052,0.019043,1.000977
normal,5304295,0.003296,0.018921,1.000977
normal,5304315,0.002930,0.018921,1.001343
normal,5304335,0.003784,0.018677,1.001831
normal,5304355,0.002563,0.019165,1.000854
normal,5304375,0.002319,0.022705,1.000854
normal,5304395,-0.010742,0.051392,0.983765
normal,5304415,0.056274,-0.023804,1.110352
normal,5304435,-0.042358,-0.026123,1.117554
normal,5304455,-0.038208,-0.005615,0.937866
normal,5304475,-0.011963,0.083862,0.947266
normal,5304495,-0.019043,0.083984,0.934082
normal,5304515,0.060181,-0.006836,1.114868
normal,5304535,0.060547,0.002563,1.110474
normal,5304555,-0.017090,-0.037720,0.989380
normal,5304575,-0.012573,-0.041260,1.000732
normal,5304595,-0.037109,0.075928,0.899414
normal,5304615,0.055054,0.029419,0.897583
normal,5304635,0.050293,0.037720,1.079712
normal,5304655,0.009521,-0.051270,1.045166
normal,5304675,0.014526,-0.050781,1.054077
normal,5304695,-0.046875,0.056519,0.891357
normal,5304715,-0.049072,0.051025,0.891724
normal,5304735,0.030029,0.066040,1.033081
normal,5304755,0.022949,0.071777,1.017212
normal,5304775,-0.005127,0.036499,0.985718
normal,5304795,0.006958,0.017090,1.000488
normal,5304815,0.004517,0.021362,1.001709
normal,5304835,0.002930,0.020142,1.000244
normal,5304855,0.012085,0.003662,1.015869
normal,5304875,-0.036865,0.048584,0.920532
normal,5304895,-0.043335,0.067871,0.893677
normal,5304915,0.047119,0.043091,1.073975
normal,5304935,0.044312,0.050293,1.062500
normal,5304955,0.019165,-0.049805,1.060913
normal,5304975,-0.048218,0.049805,0.891968
normal,5304995,-0.050415,0.045166,0.892822
normal,5305015,0.025391,0.069824,1.021118
normal,5305035,0.019165,0.075928,1.008179
normal,5305055,0.042969,-0.041748,1.104370
normal,5305075,0.049683,-0.035400,1.111206
normal,5305095,-0.045044,0.010254,0.917969
normal,5305115,-0.040771,-0.001099,0.930908
normal,5305135,-0.008423,0.084839,0.952148
normal,5305155,0.058105,-0.019287,1.118408
normal,5305175,0.035156,-0.010620,1.069702
normal,5305195,-0.002930,0.020630,1.004272
normal,5305215,0.001465,0.018555,1.002197
normal,5305235,0.000732,0.020874,0.999023
normal,5305255,0.008057,0.024048,1.011353
normal,5305275,0.013062,-0.010864,1.012939
normal,5305295,-0.010376,-0.047485,1.014771
normal,5305315,-0.043457,0.071899,0.893677
normal,5305335,0.047852,0.042114,1.075317
normal,5305355,0.044312,0.047729,1.066650
normal,5305375,0.017578,-0.050415,1.060303
normal,5305395,0.024170,-0.050415,1.071411
normal,5305415,-0.048706,0.048462,0.892456
normal,5305435,-0.048828,0.038696,0.897217
normal,5305455,0.021240,0.073486,1.015015
normal,5305475,0.041626,0.084229,0.997559
normal,5305495,0.047119,-0.038086,1.108032
normal,5305515,-0.045288,0.013428,0.915039
normal,5305535,-0.042358,0.002197,0.927124
normal,5305555,-0.005127,0.084473,0.960205
normal,5305575,-0.012939,0.085815,0.944824
normal,5305595,0.059692,-0.015381,1.117920
normal,5305615,0.060425,-0.005493,1.115234
normal,5305635,-0.022217,-0.031006,0.976318
normal,5305655,-0.028442,0.083374,0.977539
normal,5305675,-0.033447,0.079712,0.907471
normal,5305695,0.057129,0.020508,1.097656
normal,5305715,0.053833,0.028198,1.089355
normal,5305735,0.002563,-0.051025,1.032349
normal,5305755,0.013062,-0.000366,1.022339
normal,5305775,0.000732,0.018188,1.006470
normal,5305795,0.002808,0.018433,1.001343
normal,5305815,0.004517,0.016602,1.006348
normal,5305835,0.002808,0.019775,1.000732
normal,5305855,0.003906,0.019775,1.000610
normal,5305875,0.002686,0.019775,1.000732
normal,5305895,0.002930,0.019287,1.000732
normal,5305915,0.002808,0.019897,1.000854
normal,5305935,0.001953,0.019409,1.000854
normal,5305955,0.003418,0.019043,1.000977
normal,5305975,0.003540,0.018677,1.001221
normal,5305995,0.002197,0.020142,1.000732
normal,5306015,0.002808,0.018921,1.000977
normal,5306035,0.003540,0.019653,1.000977
normal,5306055,0.003418,0.019531,1.001099
normal,5306075,0.003052,0.019043,1.001099
normal,5306095,0.002808,0.019165,1.000732
normal,5306115,0.003418,0.019287,1.000854
normal,5306135,0.003296,0.019409,1.000610
normal,5306155,0.002686,0.018921,1.000610
normal,5306175,0.002686,0.019287,1.000977
normal,5306195,0.003296,0.019531,1.001099
normal,5306215,-0.008667,0.024536,0.975708
normal,5306235,0.022095,0.031738,1.048706
normal,5306255,0.044189,0.048096,1.069702
normal,5306275,0.019653,-0.050537,1.060181
normal,5306295,0.025391,-0.049683,1.071289
normal,5306315,-0.049438,0.047363,0.892944
normal,5306335,0.026855,0.036621,0.897095
normal,5306355,0.020020,0.074097,1.012207
normal,5306375,0.041748,-0.042236,1.101318
normal,5306395,0.047363,-0.036743,1.108398
normal,5306415,-0.046143,0.012085,0.916382
normal,5306435,-0.041626,0.000977,0.928711
normal,5306455,-0.006104,0.083984,0.956055
normal,5306475,-0.011475,0.084473,0.942261
normal,5306495,0.058594,-0.012573,1.117676
normal,5306515,-0.030151,-0.022095,1.114868
normal,5306535,-0.021851,-0.032593,0.977905
normal,5306555,-0.029297,0.083862,0.913696
normal,5306575,-0.033325,0.080322,0.906616
normal,5306595,0.055908,0.021729,1.096436
normal,5306615,0.053223,0.029297,1.088623
normal,5306635,0.003662,-0.051025,1.033569
normal,5306655,0.007935,-0.051025,1.042358
normal,5306675,-0.045288,0.062622,0.891724
normal,5306695,0.039917,0.056030,1.054199
normal,5306715,0.011841,0.013794,1.027588
normal,5306735,0.001343,0.021729,0.999878
normal,5306755,0.001953,0.019043,1.001099
normal,5306775,0.001587,0.021606,1.000000
normal,5306795,0.002319,0.018921,1.000610
normal,5306815,0.002686,0.019409,1.001221
normal,5306835,0.003052,0.019531,1.000610
normal,5306855,0.002686,0.019531,1.000854
normal,5306875,0.003540,0.019165,1.000977
normal,5306895,0.001953,0.019043,1.000488
normal,5306915,0.003052,0.018799,1.000977
normal,5306935,0.002686,0.019287,1.000732
normal,5306955,0.002197,0.019165,1.000732
normal,5306975,0.003174,0.019653,1.000732
normal,5306995,0.003052,0.018921,1.000610
normal,5307015,0.003174,0.019043,1.000854
normal,5307035,0.003052,0.018555,1.001099
normal,5307055,0.003052,0.019531,1.001099
normal,5307075,0.004028,0.018188,1.001099
normal,5307095,0.002319,0.019897,1.001587
normal,5307115,0.002686,0.017578,1.002563
normal,5307135,0.002319,0.018921,1.002563
normal,5307155,0.002808,0.019165,1.001099
normal,5307175,0.003418,0.019287,1.000854
normal,5307195,0.002319,0.018799,1.000854
normal,5307215,0.001587,0.020264,1.001953
normal,5307235,0.003906,0.019287,1.000854
normal,5307255,0.002197,0.019043,1.001221
normal,5307275,0.004395,0.018921,1.001343
normal,5307295,0.020996,0.013550,1.039063
normal,5307315,-0.010620,-0.005127,0.966919
normal,5307335,-0.027710,-0.023315,0.959106
normal,5307355,-0.026001,0.083618,0.921753
normal,5307375,0.059692,0.068237,0.913574
normal,5307395,0.058350,0.013062,1.103638
normal,5307415,-0.008423,-0.045166,1.007202
normal,5307435,-0.003296,-0.047119,1.017822
normal,5307455,-0.042114,0.071045,0.894897
normal,5307475,-0.044678,0.067017,0.892334
normal,5307495,0.044189,0.047852,1.066772
normal,5307515,0.038208,0.057251,1.051514
normal,5307535,0.023437,-0.051270,1.070801
normal,5307555,-0.049927,0.048218,1.079956
normal,5307575,-0.049316,0.039917,0.894897
normal,5307595,0.021484,0.072510,1.014771
normal,5307615,0.013184,0.078369,0.997681
normal,5307635,0.046875,-0.037964,1.108032
normal,5307655,0.050537,-0.032471,1.114380
normal,5307675,-0.027100,0.012207,0.935547
normal,5307695,0.005249,0.017090,1.000732
normal,5307715,0.002563,0.019165,1.001709
normal,5307735,0.001343,0.019653,1.002197
normal,5307755,0.001831,0.017456,1.000977
normal,5307775,-0.014771,0.039917,0.969116
normal,5307795,-0.026001,0.073120,0.937988
normal,5307815,0.060669,-0.003174,1.116211
normal,5307835,0.058960,0.006348,1.108887
normal,5307855,-0.015625,-0.037109,0.988892
normal,5307875,-0.008911,-0.042969,1.005737
normal,5307895,-0.038452,0.075684,0.900269
normal,5307915,0.052979,0.030884,1.087402
normal,5307935,0.048218,0.042236,1.073853
normal,5307955,0.010010,-0.051270,1.045898
normal,5307975,0.017822,-0.050659,1.060913
normal,5307995,-0.048584,0.054321,0.889404
normal,5308015,-0.049561,0.048584,0.891357
normal,5308035,0.026245,0.069580,1.023438
normal,5308055,0.022461,0.073242,1.012695
normal,5308075,0.041260,-0.042236,1.100708
normal,5308095,0.008789,0.013062,1.000854
normal,5308115,0.003906,0.019653,0.998657
normal,5308135,0.002441,0.021484,1.001587
normal,5308155,-0.000732,0.015991,0.996216
normal,5308175,-0.008057,0.043945,0.990845
normal,5308195,0.004028,0.074219,0.992065
normal,5308215,0.052002,-0.031128,1.112915
normal,5308235,0.051392,-0.026123,1.116455
normal,5308255,-0.039307,-0.003540,0.934692
normal,5308275,-0.012329,0.083618,0.947021
normal,5308295,-0.018433,0.084839,0.934692
normal,5308315,0.061279,-0.006714,1.115845
normal,5308335,0.060303,0.004028,1.110352
normal,5308355,-0.018677,-0.036011,0.986084
normal,5308375,-0.010132,-0.043213,1.003784
normal,5308395,-0.037720,0.077881,0.901245
normal,5308415,0.055664,0.090332,0.895874
normal,5308435,0.049927,0.040039,1.078735
normal,5308455,0.007202,-0.051392,1.041504
normal,5308475,0.014893,-0.051880,1.057739
normal,5308495,-0.047852,0.057251,0.890747
normal,5308515,-0.049072,0.050659,0.891968
normal,5308535,0.029297,0.067871,1.028442
normal,5308555,0.024170,0.071289,1.019043
normal,5308575,0.039673,-0.043335,1.099243
normal,5308595,-0.048706,0.024292,0.906006
normal,5308615,-0.046265,0.016846,0.912964
normal,5308635,0.002930,0.082764,0.973755
normal,5308655,-0.011597,0.059204,0.963257
normal,5308675,0.001953,0.019653,1.001343
normal,5308695,0.003174,0.019531,1.001099
normal,5308715,0.000610,0.021240,0.999390
normal,5308735,0.002808,0.019409,1.000610
normal,5308755,0.003418,0.020142,1.000732
normal,5308775,0.003540,0.019409,1.001465
normal,5308795,0.002319,0.019287,1.000854
normal,5308815,0.002930,0.019287,1.000610
normal,5308835,0.002563,0.018677,1.000977
normal,5308855,0.002319,0.019531,1.001099
normal,5308875,0.003174,0.018677,1.001221
normal,5308895,0.003174,0.019043,1.000977
normal,5308915,0.002808,0.019165,1.001099
normal,5308935,0.003418,0.019043,1.000977
normal,5308955,0.002808,0.019165,1.000854
normal,5308975,0.002563,0.019287,1.001099
normal,5308995,0.002686,0.019409,1.000610
normal,5309015,0.002808,0.020264,1.000977
normal,5309035,0.003052,0.019409,1.000610
normal,5309055,0.003418,0.018799,1.001099
normal,5309075,0.003174,0.019287,1.000977
normal,5309095,0.003052,0.018311,1.000732
normal,5309115,0.001587,0.018921,1.001709
normal,5309135,0.009033,0.022949,1.013306
normal,5309155,0.041016,0.021240,1.085815
normal,5309175,-0.006958,-0.041992,0.999634
normal,5309195,-0.001587,-0.046753,1.020142
normal,5309215,-0.042603,0.071655,0.894653
normal,5309235,-0.044189,0.066040,0.892334
normal,5309255,0.042603,0.051025,1.064331
normal,5309275,0.018188,0.056152,1.054321
normal,5309295,0.025146,-0.049805,1.073364
normal,5309315,-0.049927,0.047607,0.893555
normal,5309335,-0.049927,0.039795,0.896118
normal,5309355,0.018921,0.075195,1.010498
normal,5309375,0.013672,0.076904,0.999023
normal,5309395,0.029663,-0.025757,1.061279
normal,5309415,0.003418,0.019287,1.002808
normal,5309435,0.001709,0.018555,1.001465
normal,5309455,0.004395,0.018188,1.003784
normal,5309475,0.020874,0.004395,1.034668
normal,5309495,-0.033325,0.023315,0.923584
normal,5309515,-0.049072,0.026367,0.900513
normal,5309535,0.009644,0.078613,0.992798
normal,5309555,0.004517,0.081421,0.980469
normal,5309575,0.052612,-0.030640,1.114868
normal,5309595,0.055298,-0.022827,1.118774
normal,5309615,-0.038696,-0.008301,0.940552
normal,5309635,-0.015503,0.086182,0.940186
normal,5309655,-0.020874,0.085571,0.928833
normal,5309675,0.060303,-0.003296,1.114014
normal,5309695,0.059204,0.006836,1.108154
normal,5309715,-0.017700,0.041260,0.973633
normal,5309735,0.000854,0.018921,1.003174
normal,5309755,0.003784,0.017090,1.002075
normal,5309775,0.003418,0.019043,1.001343
normal,5309795,0.005249,0.027344,1.007324
normal,5309815,0.026367,-0.013184,1.041748
normal,5309835,0.020874,-0.049683,1.055786
normal,5309855,-0.047607,0.053711,0.889771
normal,5309875,-0.048096,0.045532,0.893188
normal,5309895,0.027100,0.066772,1.029175
normal,5309915,0.018921,0.074341,1.010010
normal,5309935,0.041748,-0.042480,1.101929
normal,5309955,0.047241,-0.036987,1.109619
normal,5309975,-0.045044,0.010376,0.918335
normal,5309995,0.001465,0.083740,0.970459
normal,5310015,0.018555,0.012817,1.009277
normal,5310035,0.003418,0.018921,1.002075
normal,5310055,0.005127,0.016968,1.004517
normal,5310075,0.002075,0.020020,1.000366
normal,5310095,-0.008179,0.030273,0.981445
normal,5310115,0.038574,0.012573,1.077026
normal,5310135,0.047363,0.005493,1.113159
normal,5310155,-0.013794,-0.038086,0.990723
normal,5310175,-0.035278,0.079102,0.904785
normal,5310195,-0.038574,0.075806,0.900391
normal,5310215,0.052002,0.033691,1.086060
normal,5310235,0.048950,0.041016,1.077393
normal,5310255,0.010254,-0.052734,1.047607
normal,5310275,0.017456,-0.052612,1.062134
normal,5310295,-0.048706,0.056519,0.890747
normal,5310315,0.032349,0.033325,0.894287
normal,5310335,0.027954,0.068726,1.026733
normal,5310355,0.036621,-0.047119,1.094360
normal,5310375,0.042114,-0.042236,1.104248
normal,5310395,-0.048096,0.022217,0.907715
normal,5310415,-0.044800,0.010742,0.917969
normal,5310435,0.000732,0.083374,0.970337
normal,5310455,-0.005981,0.085205,0.956299
normal,5310475,0.057495,-0.020752,1.119873
normal,5310495,-0.031494,-0.012573,1.013428
normal,5310515,0.000610,0.017334,1.003906
normal,5310535,0.003784,0.018311,1.001587
normal,5310555,0.000122,0.020386,0.999023
normal,5310575,0.002563,0.018921,1.000854
normal,5310595,0.002197,0.019531,1.001221
normal,5310615,0.002319,0.019287,1.001099
normal,5310635,0.002441,0.019531,1.000854
normal,5310655,0.002563,0.019165,1.001099
normal,5310675,0.002319,0.019409,1.001221
normal,5310695,0.003296,0.018921,1.001099
normal,5310715,0.002808,0.018677,1.000977
normal,5310735,0.002441,0.019043,1.000732
normal,5310755,0.003296,0.019043,1.000854
normal,5310775,0.003052,0.019287,1.001465
normal,5310795,0.004150,0.018921,1.001953
normal,5310815,0.002808,0.019287,1.000854
normal,5310835,0.003296,0.019287,1.000610
normal,5310855,0.003296,0.018677,1.001587
normal,5310875,0.003540,0.019897,1.001221
normal,5310895,0.003174,0.019287,1.000854
normal,5310915,0.002563,0.019287,1.000977
normal,5310935,0.002930,0.019897,1.000854
normal,5310955,0.002319,0.019043,1.000854
normal,5310975,0.002808,0.019775,1.000854
normal,5310995,0.002441,0.020020,1.001953
normal,5311015,0.002319,0.019653,1.000854
normal,5311035,0.003174,0.018677,1.001709
normal,5311055,0.002808,0.018799,1.001587
normal,5311075,0.002930,0.018555,1.000977
normal,5311095,0.003540,0.019653,1.001343
normal,5311115,0.002686,0.020020,1.000977
normal,5311135,0.003418,0.020020,1.000854
normal,5311155,0.002930,0.019287,1.000977
normal,5311175,0.002563,0.019897,1.001099
normal,5311195,0.003052,0.018921,1.001587
normal,5311215,0.001831,0.019287,1.001343
normal,5311235,0.002686,0.019043,1.000610
normal,5311255,0.002319,0.019165,1.001343
normal,5311275,0.002319,0.019409,1.000732
normal,5311295,0.002930,0.019287,1.000977
normal,5311315,0.002441,0.018188,1.002075
normal,5311335,0.002075,0.018921,1.001587
normal,5311355,-0.009399,0.025269,1.028564
normal,5311375,-0.044556,0.052979,0.902466
normal,5311395,0.045898,0.046387,1.075684
normal,5311415,0.038330,0.056519,1.055420
normal,5311435,0.022217,-0.051270,1.068481
normal,5311455,0.029541,-0.049438,1.080322
normal,5311475,-0.040405,0.050171,0.912231
normal,5311495,-0.031128,0.050537,0.926636
normal,5311515,0.010620,0.081665,0.989624
normal,5311535,0.047607,-0.041870,1.112183
normal,5311555,0.050293,-0.037109,1.115356
normal,5311575,-0.043213,0.003418,0.924316
normal,5311595,-0.040527,-0.002930,0.931274
normal,5311615,-0.011841,0.086548,0.944946
normal,5311635,-0.017212,0.086182,0.935181
normal,5311655,0.034790,-0.013062,1.072632
normal,5311675,0.002808,0.019287,1.002441
normal,5311695,0.002441,0.018677,1.002197
normal,5311715,0.004639,0.016846,1.004883
normal,5311735,-0.021362,0.032959,0.954102
normal,5311755,0.030396,0.035278,1.063232
normal,5311775,0.043701,0.047852,1.069946
normal,5311795,0.019165,-0.050781,1.058838
normal,5311815,0.023437,-0.049927,1.069702
normal,5311835,-0.048828,0.047363,0.893188
normal,5311855,-0.050293,0.039795,0.895508
normal,5311875,0.020996,0.073120,1.015015
normal,5311895,0.041870,-0.043335,1.103027
normal,5311915,0.046631,-0.039429,1.107910
normal,5311935,-0.046387,0.014282,0.915894
normal,5311955,-0.042603,0.003296,0.927979
normal,5311975,-0.005493,0.084717,0.958740
normal,5311995,-0.012573,0.085937,0.943115
normal,5312015,0.059448,-0.014771,1.119263
normal,5312035,0.032227,-0.006836,1.114990
normal,5312055,-0.023071,-0.030273,0.974854
normal,5312075,-0.027954,0.083008,0.915649
normal,5312095,-0.032593,0.080322,0.905762
normal,5312115,0.056641,0.019775,1.098877
normal,5312135,0.004517,0.021362,1.002930
normal,5312155,0.003296,0.018921,1.001343
normal,5312175,0.005371,0.018433,1.006226
normal,5312195,0.002197,0.020386,1.000610
normal,5312215,0.001953,0.019165,1.001343
normal,5312235,0.003296,0.019043,1.000732
normal,5312255,0.002686,0.019287,1.000854
normal,5312275,0.003174,0.019531,1.001709
normal,5312295,0.002686,0.019531,1.000854
normal,5312315,0.003540,0.018921,1.001099
normal,5312335,0.003418,0.019897,1.000732
normal,5312355,0.002930,0.019409,1.001099
normal,5312375,0.003052,0.019897,1.001221
normal,5312395,0.002197,0.019409,1.000732
normal,5312415,0.002563,0.019165,1.001221
normal,5312435,0.002808,0.019897,1.001587
normal,5312455,0.003662,0.018433,1.000732
normal,5312475,0.003662,0.020020,1.001709
normal,5312495,0.003418,0.019775,1.000732
normal,5312515,0.003174,0.019287,1.000977
normal,5312535,0.003052,0.020020,1.001221
normal,5312555,0.002319,0.018921,1.000732
normal,5312575,0.001465,0.019531,1.001831
normal,5312595,0.003296,0.019165,1.000977
normal,5312615,0.003052,0.019409,1.000977
normal,5312635,0.003540,0.019165,1.001099
normal,5312655,0.002563,0.019165,1.001099
normal,5312675,0.003662,0.019653,1.001221
normal,5312695,0.002319,0.018555,1.000854
normal,5312715,0.003296,0.019531,1.000732
normal,5312735,0.002563,0.018921,1.001221
normal,5312755,0.002563,0.019775,1.001465
normal,5312775,0.002808,0.018555,1.000732
normal,5312795,0.002441,0.019043,1.000977
normal,5312815,0.002808,0.019409,1.000732
normal,5312835,0.001709,0.018921,1.001221
normal,5312855,0.002808,0.019775,1.001343
normal,5312875,0.003174,0.019775,1.001099
normal,5312895,0.002686,0.019409,1.001221
normal,5312915,0.003174,0.019043,1.001343
normal,5312935,0.002441,0.018799,1.001343
normal,5312955,0.002319,0.018799,1.001343
normal,5312975,0.002563,0.020264,1.000854
normal,5312995,-0.012695,0.047241,0.976562
normal,5313015,0.056763,-0.013062,1.106689
normal,5313035,0.057617,-0.021606,1.120483
normal,5313055,-0.035156,-0.011353,0.944458
normal,5313075,0.011353,-0.007935,0.964355
normal,5313095,-0.023804,0.101440,0.929810
normal,5313115,0.031128,-0.026123,1.080688
normal,5313135,0.027710,-0.022583,1.080566
normal,5313155,-0.016602,-0.037476,1.019287
normal,5313175,-0.012451,-0.041016,1.018921
normal,5313195,-0.032593,0.075806,0.905273
normal,5313215,-0.037231,0.070923,0.890869
normal,5313235,0.047119,0.041992,1.071167
normal,5313255,0.013550,-0.050049,1.055542
normal,5313275,-0.000244,0.017090,0.998901
normal,5313295,-0.000854,0.018066,1.001465
normal,5313315,0.003784,0.018433,0.999878
normal,5313335,0.003662,0.017090,1.006470
normal,5313355,0.040527,-0.001953,1.080322
normal,5313375,-0.037109,0.003052,0.928345
normal,5313395,-0.037964,-0.005371,0.938843
normal,5313415,-0.015381,0.084351,0.940552
normal,5313435,0.058350,-0.010498,1.116089
normal,5313455,0.058960,-0.002808,1.114014
normal,5313475,-0.023560,-0.031372,0.979126
normal,5313495,-0.017090,-0.037109,0.992187
normal,5313515,-0.036499,0.079346,0.904663
normal,5313535,-0.039551,0.076660,0.900024
normal,5313555,0.052490,0.032837,1.085693
normal,5313575,0.012085,0.021729,1.004395
normal,5313595,0.003906,0.017944,1.001221
normal,5313615,0.000366,0.018433,1.001099
normal,5313635,0.002075,0.019287,1.000244
normal,5313655,0.004272,0.027344,1.006348
normal,5313675,0.020752,0.041138,1.049072
normal,5313695,0.021973,-0.047852,1.060059
normal,5313715,0.026733,-0.047485,1.076294
normal,5313735,-0.048828,0.042969,0.895630
normal,5313755,-0.049194,0.035767,0.899658
normal,5313775,0.016113,0.075684,1.005005
normal,5313795,0.042847,-0.040161,1.104370
normal,5313815,0.048096,-0.033325,1.109497
normal,5313835,-0.045898,0.009644,0.922729
normal,5313855,-0.041260,0.000732,0.929932
normal,5313875,-0.013428,0.074219,0.952759
normal,5313895,0.007324,0.021118,0.999268
normal,5313915,0.003540,0.020264,1.001221
normal,5313935,0.004883,0.017944,1.005005
normal,5313955,0.004395,0.019775,1.006104
normal,5313975,0.008667,-0.000122,1.004761
normal,5313995,-0.009399,-0.031250,0.989014
normal,5314015,-0.036499,0.076660,0.907837
normal,5314035,-0.039307,0.074463,0.900269
normal,5314055,0.051758,0.031372,1.085938
normal,5314075,0.047363,0.042114,1.074219
normal,5314095,0.010132,-0.049194,1.047974
normal,5314115,-0.046753,-0.050415,1.058838
normal,5314135,-0.049194,0.052856,0.892456
normal,5314155,0.033081,0.061401,1.040161
normal,5314175,0.025635,0.069336,1.024170
normal,5314195,0.034912,-0.044312,1.095337
normal,5314215,0.040161,-0.040283,1.101929
normal,5314235,-0.047852,0.019287,0.911865
normal,5314255,-0.046997,0.013306,0.917358
normal,5314275,0.000000,0.082642,0.968506
normal,5314295,0.053955,-0.026001,0.960693
normal,5314315,0.055664,-0.020508,1.118042
normal,5314335,-0.034058,-0.014160,0.953125
normal,5314355,-0.027588,-0.019653,0.963989
normal,5314375,0.006958,0.016724,1.007935
normal,5314395,0.002319,0.018188,1.001343
normal,5314415,0.002197,0.020142,1.002319
normal,5314435,0.001831,0.019409,1.001099
normal,5314455,0.001465,0.019287,1.001099
normal,5314475,0.001831,0.018921,1.000732
normal,5314495,0.001099,0.019165,1.000732
normal,5314515,0.001465,0.019409,1.000732
normal,5314535,0.002563,0.019409,1.000977
normal,5314555,0.001953,0.019653,1.001221
normal,5314575,0.002075,0.018677,1.001221
normal,5314595,0.001587,0.019653,1.001099
normal,5314615,0.002808,0.019043,1.000977
normal,5314635,0.002686,0.019287,1.001099
normal,5314655,0.001831,0.019165,1.001343
normal,5314675,0.001831,0.018677,1.001221
normal,5314695,0.001831,0.018311,1.001099
normal,5314715,0.002441,0.019531,1.000610
normal,5314735,0.001709,0.019531,1.000854
normal,5314755,0.002563,0.019287,1.000610
normal,5314775,0.002075,0.018677,1.001221
normal,5314795,0.002930,0.019409,1.001099
normal,5314815,0.002930,0.019287,1.001221
normal,5314835,0.001465,0.019653,1.000854
normal,5314855,0.002441,0.019775,1.000977
normal,5314875,0.002686,0.020386,1.000854
normal,5314895,0.002197,0.019897,1.000854
normal,5314915,0.002808,0.018677,1.001099
normal,5314935,0.001953,0.019531,1.001465
normal,5314955,0.001587,0.019531,1.001099
normal,5314975,0.002319,0.019287,1.000854
normal,5314995,0.002563,0.019409,1.000854
normal,5315015,0.005371,0.018799,1.000977
normal,5315035,0.003540,0.018677,1.001221
normal,5315055,0.006592,0.018555,1.000488
normal,5315075,-0.005859,0.019043,1.003052
normal,5315095,-0.002686,0.020874,1.002075
normal,5315115,0.023071,0.019775,0.989746
normal,5315135,-0.010254,0.018921,1.008423
normal,5315155,0.005127,0.018555,1.002197
normal,5315175,0.002563,0.019287,1.000854
normal,5315195,0.001587,0.019531,1.000854
normal,5315215,0.003296,0.017578,1.004395
normal,5315235,-0.006104,0.009277,0.981201
normal,5315255,-0.022095,0.009399,0.947021
normal,5315275,-0.036255,0.049072,0.914185
normal,5315295,-0.039063,0.061646,0.905273
normal,5315315,0.055298,0.001587,1.145630
normal,5315335,-0.014038,-0.033447,1.094971
normal,5315355,-0.018677,-0.036499,0.994751
normal,5315375,-0.037842,0.077637,0.904785
normal,5315395,-0.040283,0.073975,0.899292
normal,5315415,0.051758,0.033936,1.085815
normal,5315435,0.047241,0.041870,1.073975
normal,5315455,0.011353,-0.050293,1.049683
normal,5315475,0.016602,-0.048584,1.060913
normal,5315495,-0.048828,0.052124,0.891968
normal,5315515,0.021729,0.016968,1.048218
normal,5315535,0.001221,0.018066,1.003540
normal,5315555,0.000977,0.019775,1.001221
normal,5315575,0.000977,0.018677,1.000854
normal,5315595,-0.010376,0.042114,0.981323
normal,5315615,-0.013428,0.069824,0.968506
normal,5315635,0.056152,-0.020630,1.116455
normal,5315655,0.057983,-0.012451,1.117065
normal,5315675,-0.032104,-0.016113,0.954468
normal,5315695,-0.022095,0.082153,0.929810
normal,5315715,-0.028076,0.082275,0.918335
normal,5315735,0.057861,0.006714,1.108154
normal,5315755,0.055420,0.019165,1.097534
normal,5315775,-0.008789,-0.044312,1.011353
normal,5315795,-0.001221,-0.046753,1.024902
normal,5315815,-0.043213,0.070312,0.893066
normal,5315835,-0.045410,0.064575,0.892334
normal,5315855,0.041992,0.052612,1.059937
normal,5315875,0.018921,-0.049438,1.063721
normal,5315895,0.024902,-0.048096,1.075928
normal,5315915,-0.050171,0.043701,0.895752
normal,5315935,-0.050049,0.037109,0.898804
normal,5315955,0.017090,0.074097,1.007935
normal,5315975,0.011230,0.077148,0.995728
normal,5315995,0.046875,-0.035522,1.109131
normal,5316015,-0.045410,-0.029785,1.115234
normal,5316035,-0.041992,0.003052,0.927979
normal,5316055,-0.008667,0.082886,0.953369
normal,5316075,-0.014648,0.083374,0.943237
normal,5316095,0.059204,-0.011353,1.116089
normal,5316115,0.058472,-0.002808,1.113770
normal,5316135,-0.023926,-0.029541,0.978394
normal,5316155,-0.015381,-0.038330,0.995483
normal,5316175,-0.034790,0.078247,0.907471
normal,5316195,0.054932,0.022095,0.900635
normal,5316215,0.052124,0.032227,1.085815
normal,5316235,0.001343,-0.047119,1.033203
normal,5316255,0.010498,-0.049805,1.049683
normal,5316275,-0.046387,0.061768,0.892578
normal,5316295,-0.049194,0.053589,0.893433
normal,5316315,0.032104,0.062378,1.039429
normal,5316335,0.001221,0.017090,1.007813
normal,5316355,0.001343,0.020142,1.002197
normal,5316375,0.003418,0.019043,1.003540
normal,5316395,0.002563,0.019531,1.001953
normal,5316415,-0.000610,0.016479,0.997437
normal,5316435,-0.021484,0.005371,0.947388
normal,5316455,-0.011353,0.075684,0.963501
normal,5316475,-0.015137,0.082031,0.945068
normal,5316495,0.058105,-0.010254,1.116699
normal,5316515,0.058594,-0.004639,1.113403
normal,5316535,-0.023315,-0.030396,0.977783
normal,5316555,-0.028809,0.081299,0.914917
normal,5316575,-0.035156,0.078369,0.908691
normal,5316595,0.054687,0.022583,1.094604
normal,5316615,0.052490,0.030029,1.087280
normal,5316635,0.002075,-0.048096,1.032593
normal,5316655,0.008789,-0.049561,1.044434
normal,5316675,-0.046753,0.061523,0.891357
normal,5316695,-0.048462,0.055542,0.892090
normal,5316715,0.034424,0.060303,1.042725
normal,5316735,0.027710,-0.046265,1.081543
normal,5316755,0.034180,-0.045532,1.089966
normal,5316775,-0.048828,0.032104,0.900879
normal,5316795,-0.047974,0.023804,0.908569
normal,5316815,0.009766,0.078247,0.987915
normal,5316835,0.000244,0.082764,0.969849
normal,5316855,0.052490,-0.027588,1.116211
normal,5316875,0.053101,-0.019897,1.116821
normal,5316895,-0.036255,-0.010864,0.947876
normal,5316915,-0.016846,0.083618,0.936768
normal,5316935,-0.022949,0.083984,0.923584
normal,5316955,0.058472,-0.000122,1.111084
normal,5316975,0.057983,0.009521,1.105225
normal,5316995,-0.014160,-0.039795,1.000854
normal,5317015,-0.007935,-0.043457,1.011475
normal,5317035,-0.041382,0.072144,0.897583
normal,5317055,0.051025,0.066528,0.893921
normal,5317075,0.045166,0.044922,1.069946
normal,5317095,0.013062,-0.050659,1.054688
normal,5317115,0.019653,-0.048706,1.064087
normal,5317135,-0.040161,0.044312,0.907471
normal,5317155,0.004517,0.018677,1.000366
normal,5317175,0.002075,0.019653,1.001709
normal,5317195,0.002075,0.018433,1.002197
normal,5317215,0.005493,0.020142,1.004761
normal,5317235,0.014893,-0.004150,1.051636
normal,5317255,0.008179,-0.038940,1.023926
normal,5317275,-0.043701,0.066162,0.894409
normal,5317295,-0.046753,0.061523,0.893555
normal,5317315,0.039185,0.052124,1.057007
normal,5317335,0.032715,0.061279,1.042358
normal,5317355,0.027832,-0.047729,1.079590
normal,5317375,0.033447,-0.044678,1.089478
normal,5317395,-0.050415,0.031738,0.902222
normal,5317415,0.015747,0.074707,1.003906
normal,5317435,0.008911,0.078613,0.986572
normal,5317455,0.048706,-0.032715,1.112549
normal,5317475,0.052246,-0.027954,1.115601
normal,5317495,-0.040527,-0.004395,0.938232
normal,5317515,-0.037231,-0.010254,0.945312
normal,5317535,-0.018188,0.084351,0.936890
normal,5317555,-0.023804,0.083618,0.926636
normal,5317575,0.058350,0.000366,1.111816
normal,5317595,-0.019165,-0.035645,0.987183
normal,5317615,-0.015259,-0.039185,0.997803
normal,5317635,-0.036377,0.075684,0.902710
normal,5317655,-0.040649,0.074219,0.898193
normal,5317675,0.051025,0.034424,1.082520
normal,5317695,0.046631,0.045044,1.069336
normal,5317715,0.012329,-0.049438,1.050659
normal,5317735,0.020386,-0.049316,1.066650
normal,5317755,-0.048462,0.051392,0.893066
normal,5317775,0.030518,0.063232,1.035767
normal,5317795,0.023071,0.070190,1.019043
normal,5317815,0.036499,-0.042969,1.095581
normal,5317835,0.043457,-0.038696,1.104370
normal,5317855,-0.047974,0.018799,0.912964
normal,5317875,-0.045410,0.010742,0.920898
normal,5317895,-0.003662,0.083008,0.963379
normal,5317915,0.054565,0.083008,0.954102
normal,5317935,0.057373,-0.016968,1.117065
normal,5317955,-0.017700,0.040527,0.973755
normal,5317975,0.000366,0.018799,1.003052
normal,5317995,0.001343,0.018799,1.001099
normal,5318015,0.001343,0.019775,1.000488
normal,5318035,-0.001465,0.030518,0.992920
normal,5318055,-0.007935,0.060303,0.989380
normal,5318075,0.050049,-0.029907,1.111084
normal,5318095,-0.042847,0.008057,1.115112
normal,5318115,-0.040161,-0.000244,0.933472
normal,5318135,-0.010986,0.082397,0.952881
normal,5318155,-0.018066,0.082642,0.936768
normal,5318175,0.058105,-0.008179,1.115234
normal,5318195,0.059326,0.001099,1.111328
normal,5318215,-0.020264,-0.031982,0.983765
normal,5318235,-0.015625,-0.038696,0.996826
normal,5318255,-0.036255,0.076172,0.902222
normal,5318275,0.054810,0.024414,1.093018
normal,5318295,0.049683,0.035889,1.080933
normal,5318315,0.005005,-0.050171,1.040527
normal,5318335,0.011841,-0.048706,1.050659
normal,5318355,-0.047974,0.057251,0.891602
normal,5318375,-0.049561,0.053833,0.892212
normal,5318395,0.030518,0.063843,1.034912
normal,5318415,0.024658,0.069214,1.021484
normal,5318435,0.037109,-0.043091,1.095581
normal,5318455,-0.048462,0.026123,0.905273
normal,5318475,-0.048340,0.019531,0.910767
normal,5318495,0.004639,0.080566,0.980591
normal,5318515,-0.001343,0.082520,0.966919
normal,5318535,0.054443,-0.025146,1.117676
normal,5318555,0.057007,-0.017212,1.117920
normal,5318575,-0.034790,-0.014526,0.951172
normal,5318595,-0.028198,-0.024902,0.966919
normal,5318615,-0.026123,0.083740,0.921265
normal,5318635,0.058838,0.003662,1.109863
normal,5318655,0.057007,0.015625,1.101440
normal,5318675,-0.010132,-0.042725,1.005493
normal,5318695,-0.003906,-0.045898,1.020508
normal,5318715,-0.042847,0.071533,0.897095
normal,5318735,-0.044678,0.066162,0.893188
normal,5318755,0.043823,0.049438,1.062744
normal,5318775,0.001587,0.017090,1.005859
normal,5318795,0.001953,0.018555,1.003174
normal,5318815,0.003296,0.019287,1.001221
normal,5318835,0.002686,0.019775,1.000854
normal,5318855,-0.009399,0.027100,0.975342
normal,5318875,-0.042480,0.056030,0.909668
normal,5318895,0.049072,0.037354,1.084595
normal,5318915,0.044067,0.046387,1.068970
normal,5318935,0.015259,-0.049561,1.054810
normal,5318955,-0.049194,-0.037720,1.065552
normal,5318975,-0.049805,0.048462,0.893433
normal,5318995,0.028442,0.064941,1.034180
normal,5319015,0.021240,0.071655,1.014893
normal,5319035,0.039917,-0.042603,1.098633
normal,5319055,0.045166,-0.038452,1.106323
normal,5319075,-0.045898,0.014404,0.916016
normal,5319095,-0.044067,0.007690,0.921997
normal,5319115,-0.004272,0.083618,0.960083
normal,5319135,0.055664,-0.022339,0.960083
normal,5319155,0.058105,-0.015991,1.117065
normal,5319175,-0.031738,-0.020874,0.960083
normal,5319195,-0.027222,-0.025879,0.969238
normal,5319215,-0.026978,0.081299,0.917847
normal,5319235,-0.031738,0.080444,0.910400
normal,5319255,0.056885,0.016968,1.100220
normal,5319275,0.053345,0.027954,1.089233
normal,5319295,-0.002197,-0.047241,1.024536
normal,5319315,-0.042725,0.069458,0.894653
normal,5319335,-0.046265,0.064941,0.892090
normal,5319355,0.041992,0.049316,1.062012
normal,5319375,0.036011,0.058716,1.046875
normal,5319395,0.025146,-0.048828,1.075317
normal,5319415,0.031982,-0.046997,1.087524
normal,5319435,-0.049805,0.036621,0.899658
normal,5319455,-0.049805,0.028320,0.905151
normal,5319475,0.010132,0.078613,0.990356
normal,5319495,0.046143,-0.034790,1.109741
normal,5319515,0.052368,-0.028931,1.114990
normal,5319535,-0.043213,0.001221,0.930176
normal,5319555,-0.038940,-0.006470,0.940796
normal,5319575,-0.016113,0.084351,0.938110
normal,5319595,0.001953,0.017212,1.010864
normal,5319615,0.004150,0.019287,1.001953
normal,5319635,0.000977,0.019531,1.001587
normal,5319655,0.003296,0.019165,1.001099
normal,5319675,-0.008667,0.023071,0.976929
normal,5319695,-0.044312,0.043945,0.903442
normal,5319715,0.033203,0.057495,1.050293
normal,5319735,0.026367,0.067017,1.030151
normal,5319755,0.032715,-0.045410,1.087769
normal,5319775,0.039551,-0.041382,1.097290
normal,5319795,-0.048584,0.024170,0.907227
normal,5319815,-0.053223,0.016235,0.913208
normal,5319835,0.000610,0.081543,0.975098
normal,5319855,0.052612,-0.028809,1.116943
normal,5319875,0.055908,-0.022461,1.118530
normal,5319895,-0.036621,-0.011841,0.948242
normal,5319915,-0.031738,-0.016724,0.956787
normal,5319935,-0.022095,0.083496,0.926880
normal,5319955,-0.026367,0.082886,0.918945
normal,5319975,0.057983,0.008179,1.106934
normal,5319995,-0.013062,0.021362,1.098999
normal,5320015,-0.008423,-0.043335,1.010254
normal,5320035,-0.040161,0.072876,0.898804
normal,5320055,-0.043701,0.069580,0.894531
normal,5320075,0.047363,0.043335,1.072754
normal,5320095,0.040039,0.052246,1.058716
normal,5320115,0.017944,-0.049194,1.063721
normal,5320135,0.026001,-0.048218,1.078125
normal,5320155,-0.048828,0.045166,0.893188
normal,5320175,0.023926,0.068970,0.898926
normal,5320195,0.017822,0.075317,1.005493
normal,5320215,0.041626,-0.040894,1.103882
normal,5320235,0.047974,-0.034546,1.110840
normal,5320255,-0.045654,0.010010,0.919922
normal,5320275,-0.041992,0.000977,0.929443
normal,5320295,-0.008789,0.084229,0.950562
normal,5320315,-0.014038,0.083862,0.942017
normal,5320335,0.058594,-0.009766,1.116333
normal,5320355,-0.028442,-0.024658,0.966431
normal,5320375,-0.023437,-0.031128,0.978882
normal,5320395,-0.004517,0.032349,0.997559
normal,5320415,-0.000854,0.018433,1.003662
normal,5320435,0.002686,0.019775,1.001831
normal,5320455,0.002808,0.018433,1.002808
normal,5320475,-0.008667,0.030151,0.978882
normal,5320495,-0.035767,0.062500,0.921875
normal,5320515,0.057251,0.016479,1.104614
normal,5320535,-0.006592,-0.042603,1.007202
normal,5320555,-0.001221,-0.048096,1.023438
normal,5320575,-0.042603,0.070312,0.894897
normal,5320595,-0.045654,0.063721,0.891846
normal,5320615,0.041992,0.050293,1.062988
normal,5320635,0.036011,0.058228,1.048218
normal,5320655,0.024658,-0.050293,1.075928
normal,5320675,0.030640,-0.046997,1.084473
normal,5320695,-0.049316,0.036255,0.898315
normal,5320715,0.019287,0.073242,1.009766
normal,5320735,0.011353,0.077271,0.993530
normal,5320755,0.046387,-0.035522,1.111206
normal,5320775,0.051270,-0.029907,1.115234
normal,5320795,-0.041138,-0.000244,0.930908
normal,5320815,-0.037720,-0.005981,0.939087
normal,5320835,-0.014893,0.084106,0.941895
normal,5320855,0.058838,0.083862,0.930786
normal,5320875,0.059570,-0.005005,1.114990
normal,5320895,-0.022705,-0.032715,0.981812
normal,5320915,-0.018311,-0.037109,0.991333
normal,5320935,-0.034668,0.078857,0.906860
normal,5320955,-0.038086,0.076416,0.899414
normal,5320975,0.051880,0.031616,1.088013
normal,5320995,0.048462,0.040771,1.075806
normal,5321015,0.008911,-0.049438,1.045532
normal,5321035,-0.046875,0.060913,1.047852
normal,5321055,-0.049072,0.055542,0.891602
normal,5321075,0.033936,0.061157,1.041260
normal,5321095,0.026245,0.068481,1.024780
normal,5321115,0.034058,-0.045288,1.092529
normal,5321135,0.040405,-0.041382,1.102295
normal,5321155,-0.048462,0.021851,0.909668
normal,5321175,-0.046875,0.013794,0.915405
normal,5321195,0.000000,0.083496,0.969482
normal,5321215,-0.000488,0.032227,0.991821
normal,5321235,0.004272,0.019043,1.001831
normal,5321255,0.002441,0.020508,1.000977
normal,5321275,0.002686,0.020264,1.001221
normal,5321295,0.019409,0.003662,1.031982
normal,5321315,0.040039,-0.028442,1.077759
normal,5321335,-0.050537,0.036011,0.895752
normal,5321355,-0.047852,0.026245,0.904907
normal,5321375,0.012085,0.077515,0.995728
normal,5321395,0.046021,-0.035278,1.108276
normal,5321415,0.051514,-0.030151,1.115601
normal,5321435,-0.042114,0.001709,0.928467
normal,5321455,-0.037476,-0.009888,0.942993
normal,5321475,-0.014771,0.084961,0.940674
normal,5321495,-0.020508,0.083374,0.930054
normal,5321515,0.058716,-0.002197,1.113037
normal,5321535,0.059082,0.004761,1.109253
normal,5321555,-0.015747,-0.039063,0.994507
normal,5321575,-0.034546,0.078735,0.906372
normal,5321595,-0.039063,0.076660,0.899658
normal,5321615,0.050659,0.032471,1.084351
normal,5321635,0.048950,0.039795,1.076050
normal,5321655,0.010986,-0.049561,1.048950
normal,5321675,0.015259,-0.050171,1.058716
normal,5321695,-0.050171,0.055420,0.891602
normal,5321715,-0.062378,0.047852,0.893066
normal,5321735,0.027100,0.067017,1.028687
normal,5321755,0.035522,-0.044067,1.093750
normal,5321775,0.039795,-0.041138,1.101074
normal,5321795,-0.047852,0.022705,0.907715
normal,5321815,-0.046387,0.012573,0.917114
normal,5321835,0.000854,0.081665,0.972412
normal,5321855,-0.007202,0.084717,0.957031
normal,5321875,0.056274,-0.020630,1.117920
normal,5321895,-0.036133,-0.012573,1.117310
normal,5321915,-0.030151,-0.022339,0.963623
normal,5321935,-0.023193,0.084717,0.924683
normal,5321955,-0.030518,0.081665,0.915039
normal,5321975,0.058472,0.010498,1.105591
normal,5321995,0.056274,0.020630,1.098267
normal,5322015,-0.005371,-0.046631,1.018311
normal,5322035,-0.001709,0.020508,1.002441
normal,5322055,0.002075,0.018921,1.000000
normal,5322075,0.001953,0.020752,1.000488
normal,5322095,0.004761,0.020630,1.004028
normal,5322115,0.023437,-0.005981,1.038208
normal,5322135,0.026367,-0.041626,1.059937
normal,5322155,-0.049438,0.049316,0.892212
normal,5322175,-0.048950,0.042603,0.895996
normal,5322195,0.023193,0.068970,1.023315
normal,5322215,0.015381,0.074829,1.004761
normal,5322235,0.043091,-0.039307,1.104370
normal,5322255,-0.047852,0.018311,0.911011
normal,5322275,-0.044434,0.006958,0.923340
normal,5322295,-0.002686,0.082642,0.965332
normal,5322315,-0.011108,0.084351,0.949829
normal,5322335,0.057983,-0.016846,1.117920
normal,5322355,0.058838,-0.010010,1.116333
normal,5322375,-0.026123,-0.026367,0.970703
normal,5322395,-0.022339,-0.031494,0.980713
normal,5322415,-0.031494,0.080566,0.912109
normal,5322435,0.057983,0.014648,1.101074
normal,5322455,0.054077,0.024292,1.093506
normal,5322475,-0.002197,-0.047852,1.024780
normal,5322495,0.003052,-0.049438,1.035156
normal,5322515,-0.045532,0.065918,0.892090
normal,5322535,-0.047974,0.060791,0.891602
normal,5322555,0.037476,0.056641,1.051514
normal,5322575,0.031006,0.064209,1.036499
normal,5322595,0.029175,-0.048218,1.083618
normal,5322615,-0.050171,0.037231,0.897461
normal,5322635,-0.048950,0.029907,0.903076
normal,5322655,0.013062,0.076904,0.998901
normal,5322675,0.005859,0.081543,0.980591
normal,5322695,0.050293,-0.032104,1.113525
normal,5322715,0.053711,-0.024414,1.117432
normal,5322735,-0.040161,-0.005249,0.938599
normal,5322755,-0.012451,-0.013672,0.948730
normal,5322775,-0.020020,0.084351,0.930420
normal,5322795,0.059204,-0.006348,1.114868
normal,5322815,0.058228,0.004150,1.109863
normal,5322835,-0.017212,0.040771,0.973511
normal,5322855,0.001343,0.018311,1.001831
normal,5322875,0.002075,0.018311,1.001099
normal,5322895,0.001709,0.019409,1.000854
normal,5322915,-0.008057,0.029541,0.981323
normal,5322935,0.037842,0.011719,0.932007
normal,5322955,0.060059,0.005005,1.113892
normal,5322975,-0.016235,-0.035156,0.987549
normal,5322995,-0.011353,-0.042725,1.003418
normal,5323015,-0.038696,0.076172,0.902222
normal,5323035,-0.042114,0.071289,0.895630
normal,5323055,0.048218,0.039795,1.077148
normal,5323075,0.043579,0.049194,1.064575
normal,5323095,0.015869,-0.051514,1.060059
normal,5323115,-0.048584,0.056396,0.890381
normal,5323135,-0.050049,0.047852,0.893677
normal,5323155,0.027954,0.066895,1.029053
normal,5323175,0.020386,0.073608,1.013306
normal,5323195,0.039551,-0.043213,1.101929
normal,5323215,0.045288,-0.039673,1.108154
normal,5323235,-0.046509,0.012573,0.917603
normal,5323255,-0.044312,0.005859,0.924561
normal,5323275,-0.005371,0.084351,0.957886
normal,5323295,0.055786,-0.021362,1.117798
normal,5323315,0.058472,-0.014648,1.117676
normal,5323335,-0.031250,-0.022339,0.962158
normal,5323355,-0.026245,-0.026978,0.971436
normal,5323375,-0.027954,0.082397,0.916260
normal,5323395,-0.033081,0.080811,0.907715
normal,5323415,0.056274,0.017578,1.099609
normal,5323435,0.053589,0.029541,1.089722
normal,5323455,-0.000854,-0.048950,1.027588
normal,5323475,-0.044189,0.069336,0.893677
normal,5323495,-0.046753,0.064697,0.891724
normal,5323515,0.040405,0.052368,1.059814
normal,5323535,0.034668,0.060547,1.043579
normal,5323555,0.024536,-0.048706,1.077881
normal,5323575,0.032837,-0.045776,1.089111
normal,5323595,-0.050171,0.035278,0.900513
normal,5323615,-0.048340,0.027832,0.903931
normal,5323635,0.008789,0.080444,0.988525
normal,5323655,-0.003174,0.034180,0.990601
normal,5323675,0.004028,0.019775,1.001343
normal,5323695,0.002319,0.019531,1.001099
normal,5323715,0.003784,0.020264,1.001099
normal,5323735,0.008301,0.004761,1.007568
normal,5323755,0.000000,-0.025024,0.997314
normal,5323775,-0.037476,0.076904,0.904175
normal,5323795,0.052856,0.072998,0.897705
normal,5323815,0.050171,0.036133,1.081421
normal,5323835,0.006592,-0.049805,1.036865
normal,5323855,0.013550,-0.050537,1.054199
normal,5323875,-0.047485,0.058594,0.891602
normal,5323895,-0.048462,0.049438,0.893433
normal,5323915,0.030029,0.064209,1.034912
normal,5323935,0.023193,0.070068,1.021851
normal,5323955,0.038696,-0.044067,1.098022
normal,5323975,-0.048828,0.027832,1.122803
normal,5323995,-0.046875,0.016724,0.912964
normal,5324015,0.004395,0.081543,0.978638
normal,5324035,-0.004150,0.084229,0.965210
normal,5324055,0.055420,-0.022339,1.118042
normal,5324075,0.057739,-0.018677,1.118530
normal,5324095,-0.033081,-0.018433,0.955933
normal,5324115,-0.028442,-0.024170,0.966309
normal,5324135,-0.026367,0.083374,0.920410
normal,5324155,0.059082,0.007080,1.108398
normal,5324175,0.057861,0.013184,1.103027
normal,5324195,-0.009644,-0.043701,1.007935
normal,5324215,-0.003174,-0.048340,1.022095
normal,5324235,-0.042969,0.071411,0.895874
normal,5324255,-0.044678,0.066162,0.892090
normal,5324275,0.043091,0.048340,1.065674
normal,5324295,0.036987,0.058228,1.051392
normal,5324315,0.023926,-0.049316,1.072632
normal,5324335,-0.049683,0.047241,0.894287
normal,5324355,-0.049438,0.037964,0.899170
normal,5324375,0.020630,0.072998,1.012939
normal,5324395,0.011719,0.078247,0.996094
normal,5324415,0.046143,-0.037476,1.108032
normal,5324435,0.050293,-0.031128,1.113770
normal,5324455,-0.041626,0.001099,0.929199
normal,5324475,-0.002930,0.019653,1.007080
normal,5324495,0.004028,0.018555,1.001099
normal,5324515,0.001587,0.021240,1.000244
normal,5324535,0.001709,0.019287,1.000488
normal,5324555,0.005615,0.029663,1.015625
normal,5324575,0.026855,0.048340,1.054932
normal,5324595,0.022827,-0.050171,1.065674
normal,5324615,0.028809,-0.047852,1.080811
normal,5324635,-0.049805,0.041138,0.895508
normal,5324655,-0.040405,0.031128,0.901001
normal,5324675,0.014038,0.076416,1.001343
normal,5324695,0.044556,-0.037964,1.105225
normal,5324715,0.050903,-0.032227,1.113159
normal,5324735,-0.043945,0.006226,0.923462
normal,5324755,-0.040894,-0.003540,0.935425
normal,5324775,-0.011963,0.084717,0.946899
normal,5324795,-0.017334,0.085449,0.936523
normal,5324815,0.059082,-0.005981,1.115479
normal,5324835,-0.026001,-0.028320,1.111084
normal,5324855,-0.019531,-0.034302,0.985840
normal,5324875,-0.033447,0.081055,0.907959
normal,5324895,-0.037354,0.078491,0.903687
normal,5324915,0.053345,0.028320,1.090210
normal,5324935,0.050781,0.036011,1.082397
normal,5324955,0.005737,-0.050049,1.039429
normal,5324975,0.011719,-0.052368,1.054688
normal,5324995,-0.047729,0.058838,0.892334
normal,5325015,0.036133,0.059204,1.046021
normal,5325035,0.031128,0.064331,1.035889
normal,5325055,0.031006,-0.047119,1.087402
normal,5325075,0.037231,-0.044800,1.097290
normal,5325095,-0.049438,0.028076,0.904663
normal,5325115,-0.046265,0.016479,0.914429
normal,5325135,0.004150,0.081299,0.980469
normal,5325155,-0.003296,0.083374,0.964233
normal,5325175,0.055420,-0.023560,1.118164
normal,5325195,-0.038086,-0.008057,0.941406
normal,5325215,-0.031982,-0.019043,0.957642
normal,5325235,-0.020874,0.084351,0.930542
normal,5325255,-0.025757,0.084106,0.919678
normal,5325275,0.007568,0.026001,0.999146
normal,5325295,0.004272,0.019775,1.000732
normal,5325315,0.002319,0.019043,1.001343
normal,5325335,0.002441,0.020752,1.001831
normal,5325355,0.014404,0.002441,1.023438
normal,5325375,-0.039307,0.041382,0.919800
normal,5325395,-0.049072,0.056885,0.889282
normal,5325415,0.034424,0.057983,1.049561
normal,5325435,0.030273,0.064331,1.036499
normal,5325455,0.031128,-0.046753,1.085571
normal,5325475,0.038818,-0.043945,1.097412
normal,5325495,-0.049805,0.027954,0.903564
normal,5325515,-0.046387,0.016113,0.913574
normal,5325535,0.003540,0.082764,0.977173
normal,5325555,0.052124,-0.029419,1.116333
normal,5325575,0.056030,-0.023437,1.117310
normal,5325595,-0.038086,-0.008301,0.942017
normal,5325615,-0.033936,-0.018677,0.956665
normal,5325635,-0.021851,0.084839,0.927856
normal,5325655,-0.027100,0.083862,0.920410
normal,5325675,0.058472,0.007935,1.107300
normal,5325695,-0.016846,0.014893,1.102539
normal,5325715,-0.009155,-0.045166,1.009155
normal,5325735,-0.039795,0.075195,0.898560
normal,5325755,-0.042358,0.071411,0.895264
normal,5325775,0.047119,0.042969,1.072632
normal,5325795,0.043457,0.048950,1.064697
normal,5325815,0.017700,-0.050171,1.062622
normal,5325835,0.024780,-0.050171,1.073364
normal,5325855,-0.049561,0.046875,0.892822
normal,5325875,0.023926,0.070679,0.898315
normal,5325895,0.019287,0.074219,1.012085
normal,5325915,0.040894,-0.040771,1.102905
normal,5325935,0.045532,-0.036865,1.110229
normal,5325955,-0.045898,0.011963,0.916504
normal,5325975,-0.042114,0.001099,0.929810
normal,5325995,-0.005615,0.084717,0.957520
normal,5326015,-0.014526,0.085449,0.943115
normal,5326035,0.058716,-0.013428,1.117798
normal,5326055,-0.030029,-0.022949,0.961914
normal,5326075,-0.022827,-0.032227,0.978516
normal,5326095,-0.003296,0.031860,1.001465
normal,5326115,-0.000732,0.018799,1.004028
normal,5326135,0.001831,0.018311,1.003296
normal,5326155,0.000610,0.018799,1.000854
normal,5326175,0.010010,0.019897,1.015381
normal,5326195,0.046021,0.011719,1.092529
normal,5326215,-0.019775,-0.031128,0.973877
normal,5326235,-0.032227,0.080933,0.911377
normal,5326255,-0.035400,0.078369,0.904785
normal,5326275,0.053833,0.023437,1.097168
normal,5326295,0.050781,0.034912,1.084351
normal,5326315,0.005005,-0.048584,1.033813
normal,5326335,0.011475,-0.050293,1.047852
normal,5326355,-0.047729,0.059570,0.890869
normal,5326375,-0.048706,0.055054,0.891602
normal,5326395,0.030151,0.064331,1.036743
normal,5326415,0.029785,-0.048828,1.083862
normal,5326435,0.036987,-0.043701,1.094971
normal,5326455,-0.047729,0.029419,0.903931
normal,5326475,-0.047607,0.021729,0.909058
normal,5326495,0.004761,0.081787,0.980469
normal,5326515,-0.000732,0.082764,0.969727
normal,5326535,0.054565,-0.025879,1.117432
normal,5326555,0.054443,-0.020264,1.118652
normal,5326575,-0.034668,-0.013794,0.948242
normal,5326595,-0.020020,0.084961,0.931396
normal,5326615,-0.024780,0.084595,0.922119
normal,5326635,0.058472,0.003052,1.110107
normal,5326655,0.057129,0.011597,1.104248
normal,5326675,-0.011475,-0.041748,1.001953
normal,5326695,-0.004028,-0.047729,1.020020
normal,5326715,-0.041260,0.073608,0.895508
normal,5326735,0.048584,0.069214,0.892822
normal,5326755,0.044067,0.047974,1.067139
normal,5326775,0.014282,-0.050415,1.056641
normal,5326795,0.023071,-0.051025,1.072021
normal,5326815,-0.050537,0.051025,0.892212
normal,5326835,-0.049194,0.041016,0.896973
normal,5326855,0.021606,0.072754,1.015015
normal,5326875,0.015381,0.075562,1.002686
normal,5326895,0.030029,-0.024658,1.060181
normal,5326915,-0.002930,0.020020,1.005859
normal,5326935,0.001953,0.017700,1.001831
normal,5326955,0.001221,0.019531,1.001099
normal,5326975,0.002686,0.012573,1.001831
normal,5326995,-0.025269,0.048218,0.949951
normal,5327015,-0.032471,0.075928,0.917725
normal,5327035,0.056763,0.013550,1.104736
normal,5327055,0.054687,0.021729,1.096558
normal,5327075,-0.004272,-0.046143,1.013062
normal,5327095,-0.041748,0.070557,0.897583
normal,5327115,-0.044434,0.068726,0.892212
normal,5327135,0.044189,0.046143,1.068726
normal,5327155,0.038940,0.055176,1.054443
normal,5327175,0.021606,-0.049927,1.069580
normal,5327195,0.027832,-0.047974,1.082397
normal,5327215,-0.049805,0.040649,0.895996
normal,5327235,-0.049316,0.032471,0.900757
normal,5327255,0.012939,0.077759,0.998901
normal,5327275,0.044556,-0.039063,1.106323
normal,5327295,0.050049,-0.031860,1.113281
normal,5327315,-0.044312,0.005371,0.925415
normal,5327335,-0.041260,-0.002686,0.934448
normal,5327355,-0.012939,0.085571,0.946533
normal,5327375,-0.017090,0.084839,0.936890
normal,5327395,0.059692,-0.007080,1.115601
normal,5327415,0.059937,-0.000854,1.112061
normal,5327435,-0.020508,-0.034058,0.984741
normal,5327455,-0.033936,0.080933,0.908203
normal,5327475,-0.037354,0.078125,0.902344
normal,5327495,0.053223,0.029419,1.089722
normal,5327515,0.050415,0.035889,1.081177
normal,5327535,0.006226,-0.051147,1.039795
normal,5327555,0.013428,-0.051758,1.055054
normal,5327575,-0.048950,0.058838,0.890869
normal,5327595,0.034790,0.050049,0.891968
normal,5327615,0.030151,0.065796,1.034058
normal,5327635,0.031616,-0.047729,1.088013
normal,5327655,0.038574,-0.043823,1.098511
normal,5327675,-0.048218,0.028198,0.904419
normal,5327695,-0.048096,0.016357,0.912842
normal,5327715,0.010010,0.027710,1.026245
normal,5327735,0.000244,0.019653,1.003906
normal,5327755,0.001587,0.018555,1.001343
normal,5327775,0.003418,0.020386,1.001953
normal,5327795,0.002319,0.022827,1.000610
normal,5327815,0.031982,0.002319,1.060425
normal,5327835,0.054810,-0.020020,1.112305
normal,5327855,-0.041382,-0.001831,0.932007
normal,5327875,-0.035889,-0.012573,0.945312
normal,5327895,-0.016846,0.083008,0.939819
normal,5327915,-0.023315,0.083496,0.925537
normal,5327935,0.059692,0.000610,1.113159
normal,5327955,-0.020508,-0.033936,0.984009
normal,5327975,-0.013916,-0.041992,1.000488
normal,5327995,-0.036499,0.079346,0.903198
normal,5328015,-0.041016,0.073486,0.898926
normal,5328035,0.051758,0.036133,1.081421
normal,5328055,0.047241,0.043823,1.072266
normal,5328075,0.013428,-0.050903,1.054077
normal,5328095,0.019653,-0.050415,1.063599
normal,5328115,-0.049561,0.051392,0.893433
normal,5328135,0.030762,0.065308,1.034302
normal,5328155,0.024292,0.070068,1.021851
normal,5328175,0.037964,-0.043945,1.099365
normal,5328195,0.042603,-0.040039,1.104736
normal,5328215,-0.047607,0.017212,0.912109
normal,5328235,-0.045410,0.010498,0.920288
normal,5328255,-0.002319,0.082886,0.965820
normal,5328275,-0.009277,0.085815,0.950806
normal,5328295,0.056763,-0.017944,1.118164
normal,5328315,-0.032715,-0.016846,0.952515
normal,5328335,-0.028442,-0.024902,0.965942
normal,5328355,-0.025879,0.084351,0.921631
normal,5328375,-0.031250,0.083740,0.910400
normal,5328395,0.057617,0.012939,1.102905
normal,5328415,0.054565,0.025024,1.093750
normal,5328435,-0.004028,-0.046631,1.021484
normal,5328455,0.020020,-0.050659,1.035522
normal,5328475,-0.045410,0.065308,0.891724
normal,5328495,0.043823,0.048584,1.065674
normal,5328515,0.037720,0.057617,1.050049
normal,5328535,-0.010742,0.038452,0.982666
normal,5328555,0.002319,0.018799,1.002197
normal,5328575,0.001221,0.019531,1.000610
normal,5328595,0.001831,0.019897,1.000732
normal,5328615,0.004395,0.006348,0.999756
normal,5328635,-0.029297,-0.006104,0.970459
normal,5328655,-0.028687,0.080933,0.921997
normal,5328675,0.058960,0.007324,1.109985
normal,5328695,0.056152,0.015381,1.102661
normal,5328715,-0.009155,-0.042358,1.006104
normal,5328735,-0.001587,-0.047852,1.023804
normal,5328755,-0.042725,0.070801,0.893799
normal,5328775,-0.045898,0.064575,0.891724
normal,5328795,0.042114,0.049805,1.062378
normal,5328815,0.017700,-0.050659,1.032227
normal,5328835,0.024780,-0.050659,1.076172
normal,5328855,-0.049438,0.047607,0.893311
normal,5328875,-0.050537,0.036621,0.898071
normal,5328895,0.019165,0.075073,1.009766
normal,5328915,0.011963,0.078125,0.994995
normal,5328935,0.047241,-0.035767,1.111938
normal,5328955,0.050659,-0.032715,1.114746
normal,5328975,-0.042480,0.001099,0.929443
normal,5328995,-0.008789,0.085327,0.954346
normal,5329015,-0.013428,0.084961,0.944092
normal,5329035,0.058228,-0.011108,1.117676
normal,5329055,0.060181,-0.005127,1.115845
normal,5329075,-0.023926,-0.031494,0.978271
normal,5329095,-0.017212,-0.036987,0.990967
normal,5329115,-0.034302,0.079956,0.906250
normal,5329135,-0.038818,0.077515,0.898437
normal,5329155,0.052246,0.030273,1.088623
normal,5329175,0.001831,-0.049438,1.031738
normal,5329195,0.009766,-0.051392,1.044922
normal,5329215,-0.047607,0.062622,0.890259
normal,5329235,-0.049683,0.055298,0.890259
normal,5329255,0.034424,0.060913,1.041870
normal,5329275,0.025513,0.069092,1.026245
normal,5329295,0.033569,-0.047119,1.092896
normal,5329315,0.039673,-0.042725,1.099976
normal,5329335,-0.034424,0.023926,0.922119
normal,5329355,0.000977,0.017456,1.009399
normal,5329375,0.003052,0.019043,1.001587
normal,5329395,0.004639,0.017578,1.005859
normal,5329415,-0.009766,0.025146,0.976440
normal,5329435,0.022705,0.031494,1.051270
normal,5329455,0.043701,0.045776,1.073364
normal,5329475,0.017334,-0.050293,1.055786
normal,5329495,0.014893,-0.050171,1.067505
normal,5329515,-0.049194,0.049316,0.892822
normal,5329535,0.026611,0.068237,1.029297
normal,5329555,0.022705,0.071167,1.018433
normal,5329575,0.040283,-0.042114,1.099976
normal,5329595,0.045532,-0.039307,1.108032
normal,5329615,-0.046997,0.015381,0.914185
normal,5329635,-0.044067,0.003662,0.925903
normal,5329655,-0.005127,0.084473,0.959961
normal,5329675,0.055542,-0.021729,0.945679
normal,5329695,0.058594,-0.015259,1.118530
normal,5329715,-0.031982,-0.020264,0.958008
normal,5329735,-0.025024,-0.030273,0.974487
normal,5329755,-0.027222,0.083374,0.915894
normal,5329775,-0.032715,0.080078,0.908081
normal,5329795,0.057007,0.019043,1.098267
normal,5329815,0.053589,0.027588,1.090942
normal,5329835,0.001343,-0.049072,1.028931
normal,5329855,-0.042480,0.070068,0.893799
normal,5329875,-0.046509,0.063721,0.891846
normal,5329895,0.041626,0.053223,1.058350
normal,5329915,0.036011,0.058105,1.048340
normal,5329935,0.027466,-0.049438,1.079346
normal,5329955,0.032104,-0.048706,1.087769
normal,5329975,-0.048828,0.035400,0.898926
normal,5329995,-0.048828,0.026978,0.905029
normal,5330015,0.010498,0.079468,0.992554
normal,5330035,0.048340,-0.034912,1.111816
normal,5330055,0.051025,-0.030884,1.115845
normal,5330075,-0.041870,-0.000244,0.930542
normal,5330095,-0.037231,-0.010254,0.943481
normal,5330115,-0.014771,0.085449,0.940063
normal,5330135,-0.022095,0.085449,0.926392
normal,5330155,0.034546,-0.008545,1.070923
normal,5330175,0.002563,0.018799,1.004517
normal,5330195,0.001587,0.018921,1.002686
normal,5330215,0.002441,0.018921,1.002319
normal,5330235,0.010132,0.018188,1.016968
normal,5330255,-0.009277,0.004761,0.968506
normal,5330275,-0.033691,-0.015015,0.944580
normal,5330295,-0.021118,0.085693,0.931641
normal,5330315,-0.025146,0.083984,0.921631
normal,5330335,0.059204,0.002563,1.110474
normal,5330355,0.057251,0.015625,1.102783
normal,5330375,-0.012085,-0.042480,1.004272
normal,5330395,-0.038818,0.076660,0.899536
normal,5330415,-0.042603,0.073120,0.893433
normal,5330435,0.048950,0.038574,1.078369
normal,5330455,0.043091,0.050049,1.064575
normal,5330475,0.015015,-0.052368,1.057739
normal,5330495,0.021606,-0.050049,1.070679
normal,5330515,-0.050415,0.047852,0.892456
normal,5330535,0.028076,0.041992,0.895386
normal,5330555,0.018921,0.074951,1.011719
normal,5330575,0.039673,-0.044067,1.099976
normal,5330595,0.045410,-0.037964,1.107544
normal,5330615,-0.046143,0.012817,0.916626
normal,5330635,-0.042969,0.006348,0.923096
normal,5330655,-0.006592,0.085327,0.958374
normal,5330675,-0.011475,0.085449,0.947632
normal,5330695,0.057617,-0.015259,1.118774
normal,5330715,-0.029541,-0.022339,1.117188
normal,5330735,-0.026001,-0.027344,0.971191
normal,5330755,-0.029419,0.084351,0.915283
normal,5330775,-0.032959,0.082275,0.908813
normal,5330795,0.056519,0.018188,1.099609
normal,5330815,0.053345,0.028809,1.091187
normal,5330835,-0.000488,-0.048706,1.026611
normal,5330855,0.007813,-0.051392,1.043701
normal,5330875,-0.045654,0.065308,0.891479
normal,5330895,0.041626,0.052002,1.060547
normal,5330915,0.035034,0.060547,1.045410
normal,5330935,0.025879,-0.050293,1.077271
normal,5330955,0.033936,-0.047485,1.089722
normal,5330975,-0.017578,0.037598,0.975220
normal,5330995,-0.000366,0.017944,1.003052
normal,5331015,0.001709,0.017212,1.001587
normal,5331035,0.001343,0.019043,1.000854
normal,5331055,-0.009033,0.029297,0.979248
normal,5331075,0.033081,0.017456,1.071289
normal,5331095,0.057739,0.018066,1.104492
normal,5331115,-0.006226,-0.043701,1.008057
normal,5331135,-0.001221,-0.048462,1.024536
normal,5331155,-0.043701,0.070190,0.894897
normal,5331175,-0.046631,0.064209,0.891113
normal,5331195,0.042114,0.051514,1.062012
normal,5331215,0.034790,0.059448,1.045776
normal,5331235,0.025391,-0.049561,1.077148
normal,5331255,-0.050293,0.045532,0.894043
normal,5331275,-0.049683,0.034912,0.899292
normal,5331295,0.018311,0.075439,1.007324
normal,5331315,0.011353,0.079590,0.992065
normal,5331335,0.048340,-0.036499,1.111206
normal,5331355,0.050415,-0.030518,1.113892
normal,5331375,-0.041138,-0.000854,0.932007
normal,5331395,-0.038696,-0.007324,0.939697
normal,5331415,-0.015869,0.085205,0.940796
normal,5331435,0.059082,-0.011230,1.118408
normal,5331455,0.058838,-0.004150,1.114624
normal,5331475,-0.021973,-0.033569,0.982666
normal,5331495,-0.016846,-0.037720,0.992310
normal,5331515,-0.034790,0.079468,0.905396
normal,5331535,-0.039551,0.076416,0.899292
normal,5331555,0.052246,0.031372,1.087036
normal,5331575,0.004883,0.043335,1.073853
normal,5331595,0.009888,-0.052124,1.047729
normal,5331615,-0.048218,0.060913,0.891602
normal,5331635,-0.048462,0.054932,0.892212
normal,5331655,0.032471,0.062378,1.040771
normal,5331675,0.025879,0.069824,1.024902
normal,5331695,0.034668,-0.045898,1.093384
normal,5331715,0.041382,-0.041992,1.101807
normal,5331735,-0.047729,0.021606,0.909302
normal,5331755,0.006958,0.080566,0.985229
normal,5331775,-0.004150,0.073242,0.968750
normal,5331795,-0.000488,0.018188,0.999756
normal,5331815,0.003052,0.021240,1.000732
normal,5331835,0.002319,0.017944,1.002563
normal,5331855,-0.001343,0.019653,0.994873
normal,5331875,0.008057,0.034912,1.023926
normal,5331895,0.031006,0.056641,1.052368
normal,5331915,0.027954,-0.048828,1.077759
normal,5331935,-0.049683,0.041382,0.895142
normal,5331955,-0.049438,0.035767,0.898193
normal,5331975,0.015869,0.075684,1.005371
normal,5331995,0.009888,0.079102,0.991699
normal,5332015,0.048584,-0.034546,1.112061
normal,5332035,0.053101,-0.029419,1.116943
normal,5332055,-0.042114,-0.000854,0.930786
normal,5332075,-0.036743,-0.011963,0.944702
normal,5332095,-0.015869,0.085205,0.937256
normal,5332115,0.059448,-0.010864,1.117188
normal,5332135,0.059448,0.000000,1.113770
normal,5332155,-0.021606,-0.033569,0.981323
normal,5332175,-0.013916,-0.040405,0.997559
normal,5332195,-0.035889,0.080444,0.902222
normal,5332215,-0.040039,0.075317,0.899048
normal,5332235,0.051392,0.035767,1.083008
normal,5332255,0.047119,0.041382,1.074951
normal,5332275,0.011475,-0.050781,1.051880
normal,5332295,-0.047852,0.060425,0.890869
normal,5332315,-0.049194,0.054077,0.891113
normal,5332335,0.030762,0.064819,1.034546
normal,5332355,0.025146,0.068726,1.025024
normal,5332375,0.036499,-0.044189,1.096313
normal,5332395,0.041626,-0.041748,1.103394
normal,5332415,-0.048340,0.020386,0.908691
normal,5332435,0.003906,0.010254,0.917969
normal,5332455,-0.000610,0.083008,0.967896
normal,5332475,0.054077,-0.024536,1.117432
normal,5332495,0.057007,-0.020630,1.118408
normal,5332515,-0.034668,-0.015137,0.951172
normal,5332535,-0.028442,-0.025269,0.966797
normal,5332555,-0.025024,0.084473,0.921631
normal,5332575,-0.031494,0.082642,0.911987
normal,5332595,0.032227,-0.001831,1.068970
normal,5332615,-0.002319,0.020264,1.003296
normal,5332635,0.001831,0.019531,1.001343
normal,5332655,0.001587,0.021240,0.999390
normal,5332675,-0.001587,0.030762,0.993774
normal,5332695,0.040039,-0.007080,1.073608
normal,5332715,0.049438,-0.035034,1.109863
normal,5332735,-0.044312,0.012329,0.915283
normal,5332755,-0.041260,0.001221,0.928345
normal,5332775,-0.007935,0.083984,0.956665
normal,5332795,0.057251,-0.017700,1.118896
normal,5332815,0.058716,-0.011841,1.117798
normal,5332835,-0.029419,-0.023926,0.964600
normal,5332855,-0.022705,-0.031372,0.979980
normal,5332875,-0.031738,0.082886,0.911987
normal,5332895,-0.035645,0.080444,0.902710
normal,5332915,0.055420,0.022095,1.096558
normal,5332935,0.051636,0.032593,1.085815
normal,5332955,0.003662,-0.050781,1.035889
normal,5332975,-0.045166,0.068970,0.891846
normal,5332995,-0.046875,0.060547,0.891357
normal,5333015,0.038818,0.056519,1.053223
normal,5333035,0.033081,0.062866,1.040283
normal,5333055,0.028931,-0.048706,1.084106
normal,5333075,0.035278,-0.047119,1.092773
normal,5333095,-0.049438,0.029419,0.902100
normal,5333115,-0.048340,0.023437,0.907959
normal,5333135,0.006470,0.080811,0.985107
normal,5333155,0.050781,-0.031860,1.114258
normal,5333175,0.053589,-0.027588,1.117065
normal,5333195,-0.038940,-0.006104,0.936279
normal,5333215,-0.036011,-0.011719,0.945923
normal,5333235,-0.019165,0.084717,0.934082
normal,5333255,-0.024536,0.085449,0.923706
normal,5333275,0.060181,-0.000366,1.111572
normal,5333295,0.044312,0.011963,1.104126
normal,5333315,-0.012939,-0.040649,1.000366
normal,5333335,-0.037720,0.077881,0.901978
normal,5333355,-0.041260,0.074463,0.895630
normal,5333375,0.049683,0.036987,1.080933
normal,5333395,0.043213,0.048340,1.067383
normal,5333415,-0.012695,0.039673,0.980225
normal,5333435,0.002563,0.018921,1.002197
normal,5333455,0.001465,0.018799,1.001343
normal,5333475,0.002808,0.018921,1.000732
normal,5333495,-0.005615,0.016479,0.981934
normal,5333515,-0.005005,0.049805,0.998047
normal,5333535,0.007813,0.077026,0.996704
normal,5333555,0.048584,-0.034546,1.112061
normal,5333575,0.050781,-0.029907,1.114380
normal,5333595,-0.042114,-0.000610,0.930054
normal,5333615,-0.036987,-0.011597,0.945679
normal,5333635,-0.015503,0.084717,0.939575
normal,5333655,0.058228,-0.009521,0.928833
normal,5333675,0.059937,-0.000854,1.113892
normal,5333695,-0.021973,-0.033081,0.981934
normal,5333715,-0.015137,-0.041748,0.999756
normal,5333735,-0.035400,0.080200,0.904297
normal,5333755,-0.039917,0.074951,0.898804
normal,5333775,0.050659,0.034668,1.083008
normal,5333795,0.047485,0.042847,1.073242
normal,5333815,0.011719,-0.051758,1.053589
normal,5333835,-0.047607,0.061646,0.890991
normal,5333855,-0.048950,0.052856,0.892700
normal,5333875,0.031006,0.064697,1.035767
normal,5333895,0.025513,0.068726,1.024780
normal,5333915,0.036499,-0.045044,1.097534
normal,5333935,0.041138,-0.041748,1.103882
normal,5333955,-0.047974,0.019531,0.910400
normal,5333975,-0.045776,0.011230,0.919067
normal,5333995,-0.000977,0.083496,0.968750
normal,5334015,0.054199,-0.025269,1.117920
normal,5334035,0.056274,-0.020142,1.118408
normal,5334055,-0.034912,-0.015747,0.951294
normal,5334075,-0.030029,-0.022705,0.964600
normal,5334095,-0.025269,0.084717,0.920532
normal,5334115,-0.030029,0.083130,0.912109
normal,5334135,0.057617,0.011597,1.104370
normal,5334155,0.055298,0.023682,1.095825
normal,5334175,-0.004517,-0.048584,1.018433
normal,5334195,-0.042358,0.073486,0.894775
normal,5334215,-0.044067,0.067017,0.893188
normal,5334235,0.014038,0.020874,1.004517
normal,5334255,0.004517,0.019165,1.001953
normal,5334275,0.002075,0.020874,1.000854
normal,5334295,0.001587,0.018188,1.000488
normal,5334315,-0.002563,0.036987,1.000366
normal,5334335,0.041748,0.062866,1.014526
normal,5334355,0.041016,-0.042236,1.100342
normal,5334375,-0.046875,0.019287,0.908325
normal,5334395,-0.044800,0.012939,0.915649
normal,5334415,-0.000488,0.082520,0.973755
normal,5334435,-0.008057,0.084473,0.954956
normal,5334455,0.056274,-0.020386,1.118408
normal,5334475,0.058716,-0.011108,1.117676
normal,5334495,-0.029419,-0.022339,0.961182
normal,5334515,-0.024414,0.084106,0.975952
normal,5334535,-0.030762,0.083374,0.912354
normal,5334555,0.057739,0.010620,1.106567
normal,5334575,0.055054,0.022339,1.096313
normal,5334595,-0.005737,-0.047241,1.017090
normal,5334615,0.001709,-0.049805,1.030762
normal,5334635,-0.044434,0.067871,0.892456
normal,5334655,-0.047607,0.063354,0.891113
normal,5334675,0.038818,0.056641,1.055420
normal,5334695,0.021851,-0.051392,1.069824
normal,5334715,0.028442,-0.048828,1.081177
normal,5334735,-0.049438,0.041626,0.895508
normal,5334755,-0.050415,0.034790,0.899048
normal,5334775,0.014038,0.078125,1.001465
normal,5334795,0.009521,0.080566,0.989746
normal,5334815,0.049072,-0.033936,1.113159
normal,5334835,0.053101,-0.028198,1.116333
normal,5334855,-0.041260,-0.000610,0.932373
normal,5334875,-0.011597,0.085449,0.947388
normal,5334895,-0.017822,0.084961,0.935669
normal,5334915,0.060181,-0.008545,1.117798
normal,5334935,0.058594,-0.000366,1.112915
normal,5334955,-0.020996,-0.034668,0.983154
normal,5334975,-0.013550,-0.042114,1.000732
normal,5334995,-0.036377,0.079102,0.903320
normal,5335015,-0.040649,0.074341,0.897583
normal,5335035,0.047363,0.035034,1.079590
normal,5335055,0.001099,0.016602,0.997925
normal,5335075,0.003174,0.021362,1.000488
normal,5335095,0.003784,0.017578,1.001953
normal,5335115,0.000854,0.019165,1.000732
normal,5335135,-0.010132,0.040161,0.984009
normal,5335155,-0.012207,0.071289,0.972778
normal,5335175,0.054687,-0.025146,1.118530
normal,5335195,0.055542,-0.017578,1.117310
normal,5335215,-0.033569,-0.014893,0.949829
normal,5335235,-0.020142,0.084229,0.934937
normal,5335255,-0.025757,0.084106,0.921265
normal,5335275,0.058594,0.003662,1.110474
normal,5335295,0.057739,0.014893,1.102905
normal,5335315,-0.011230,-0.042603,1.004517
normal,5335335,-0.004150,-0.047607,1.018677
normal,5335355,-0.042236,0.072754,0.894287
normal,5335375,0.047729,0.071533,0.892700
normal,5335395,0.042114,0.050293,1.063965
normal,5335415,0.016602,-0.052002,1.061035
normal,5335435,0.022705,-0.050049,1.072754
normal,5335455,-0.050171,0.048340,0.892822
normal,5335475,-0.050293,0.041260,0.895752
normal,5335495,0.018921,0.074585,1.010742
normal,5335515,0.014771,0.076904,1.002075
normal,5335535,0.045044,-0.037842,1.108643
normal,5335555,-0.046631,0.012329,1.104614
normal,5335575,-0.044312,0.005493,0.924805
normal,5335595,-0.007446,0.085083,0.955933
normal,5335615,-0.012207,0.085571,0.947876
normal,5335635,0.058838,-0.014282,1.117676
normal,5335655,0.059937,-0.007446,1.116821
normal,5335675,-0.024780,-0.027954,0.972046
normal,5335695,-0.018188,-0.037476,0.989258
normal,5335715,-0.033325,0.081909,0.907959
normal,5335735,0.056519,0.018555,1.099609
normal,5335755,0.054199,0.027710,1.091064
normal,5335775,-0.000244,-0.049805,1.027344
normal,5335795,0.008179,-0.052612,1.043579
normal,5335815,-0.046875,0.064819,0.890991
normal,5335835,-0.048218,0.057983,0.891968
normal,5335855,0.020996,0.016724,1.049316
normal,5335875,0.001709,0.020264,1.004761
normal,5335895,0.001709,0.019775,1.001343
normal,5335915,0.001221,0.020996,0.999756
normal,5335935,0.009766,0.015015,1.014526
normal,5335955,-0.025024,0.023071,0.941406
normal,5335975,-0.048828,0.025879,0.899780
normal,5335995,0.009033,0.079102,0.993774
normal,5336015,0.004150,0.082275,0.978760
normal,5336035,0.051636,-0.030640,1.115112
normal,5336055,0.054443,-0.023315,1.119019
normal,5336075,-0.038452,-0.006836,0.939087
normal,5336095,-0.014771,0.085205,0.941284
normal,5336115,-0.021606,0.085083,0.928833
normal,5336135,0.059082,-0.003906,1.114380
normal,5336155,0.058716,0.006592,1.108521
normal,5336175,-0.016846,-0.039429,0.992798
normal,5336195,-0.009521,-0.044189,1.006836
normal,5336215,-0.038940,0.076294,0.898560
normal,5336235,-0.041626,0.072754,0.895752
normal,5336255,0.048462,0.042969,1.075195
normal,5336275,0.010498,-0.051025,1.047852
normal,5336295,0.017578,-0.050781,1.060547
normal,5336315,-0.049194,0.054565,0.890137
normal,5336335,-0.049438,0.048340,0.892090
normal,5336355,0.025757,0.069458,1.024658
normal,5336375,0.019897,0.073364,1.013306
normal,5336395,0.039795,-0.043579,1.102417
normal,5336415,-0.048096,-0.042358,1.109375
normal,5336435,-0.045532,0.013916,0.915405
normal,5336455,-0.000366,0.083008,0.969604
normal,5336475,-0.006958,0.084229,0.957886
normal,5336495,0.057007,-0.021240,1.118896
normal,5336515,0.058838,-0.014038,1.118164
normal,5336535,-0.031006,-0.022217,0.960571
normal,5336555,-0.024414,-0.031128,0.976929
normal,5336575,-0.028687,0.083984,0.914917
normal,5336595,0.059082,0.010864,1.106812
normal,5336615,0.055664,0.020996,1.097900
normal,5336635,-0.005737,-0.046021,1.016357
normal,5336655,0.002075,-0.049683,1.032593
normal,5336675,-0.010620,0.034790,0.985718
normal,5336695,-0.001221,0.018066,1.003174
normal,5336715,0.001587,0.018188,1.001953
normal,5336735,0.002075,0.019775,1.001099
normal,5336755,0.009277,0.019653,1.015991
normal,5336775,-0.000732,-0.004028,0.986450
normal,5336795,-0.021362,-0.031372,0.972778
normal,5336815,-0.031860,0.083496,0.911743
normal,5336835,-0.034668,0.080566,0.906006
normal,5336855,0.054199,0.021851,1.097412
normal,5336875,0.050659,0.034302,1.086182
normal,5336895,0.003540,-0.050415,1.034302
normal,5336915,0.010742,-0.052246,1.048584
normal,5336935,-0.047241,0.061035,0.890625
normal,5336955,0.038452,0.054932,1.055176
normal,5336975,0.031738,0.064331,1.039673
normal,5336995,0.028687,-0.049072,1.084351
normal,5337015,0.035889,-0.045776,1.094116
normal,5337035,-0.049072,0.030884,0.902222
normal,5337055,-0.049072,0.022949,0.908081
normal,5337075,0.005371,0.081421,0.981934
normal,5337095,0.000244,0.083862,0.972168
normal,5337115,0.053955,-0.026855,1.117676
normal,5337135,-0.039307,-0.006470,0.938843
normal,5337155,-0.035034,-0.012329,0.945923
normal,5337175,-0.020142,0.085937,0.931641
normal,5337195,-0.023926,0.084717,0.924438
normal,5337215,0.058960,0.001465,1.112915
normal,5337235,0.058716,0.010620,1.106812
normal,5337255,-0.012695,-0.041870,1.000732
normal,5337275,-0.038940,-0.047729,1.019043
normal,5337295,-0.041260,0.074951,0.894775
normal,5337315,0.049316,0.038208,1.079468
normal,5337335,0.044800,0.046997,1.068115
normal,5337355,0.014282,-0.052002,1.054199
normal,5337375,0.022217,-0.051514,1.069946
normal,5337395,-0.049561,0.051758,0.890503
normal,5337415,-0.050415,0.043091,0.895020
normal,5337435,0.021362,0.072510,1.015503
normal,5337455,0.037842,-0.044067,1.005249
normal,5337475,0.045410,-0.040527,1.108032
normal,5337495,-0.018311,0.037964,0.973389
normal,5337515,0.000244,0.017944,1.002930
normal,5337535,0.001953,0.017822,1.001099
normal,5337555,0.000732,0.019897,1.000732
normal,5337575,0.016113,0.001831,1.024536
normal,5337595,0.028320,-0.033081,1.051880
normal,5337615,-0.049438,0.054321,0.888550
normal,5337635,0.031372,0.062012,1.043823
normal,5337655,0.026855,0.067505,1.029907
normal,5337675,0.034546,-0.045898,1.090332
normal,5337695,0.040894,-0.042603,1.101563
normal,5337715,-0.048828,0.023804,0.905151
normal,5337735,-0.045776,0.011475,0.917236
normal,5337755,0.000488,0.083618,0.971069
normal,5337775,-0.007080,0.084839,0.958862
normal,5337795,0.055908,-0.020874,1.118774
normal,5337815,-0.036011,-0.012451,0.946655
normal,5337835,-0.030273,-0.022827,0.961304
normal,5337855,-0.023193,0.085327,0.924072
