label,t_ms,ax,ay,az
off,4269095,0.000732,-0.013916,1.004761
off,4269115,-0.001587,-0.015137,1.004639
off,4269135,0.000977,-0.014893,1.005249
off,4269155,0.001099,-0.016357,1.003418
off,4269175,-0.000610,-0.012573,1.004395
off,4269195,-0.000610,-0.013794,1.002808
off,4269215,0.000732,-0.015381,1.005005
off,4269235,0.001465,-0.014771,1.004028
off,4269255,0.002808,-0.015991,1.004150
off,4269275,0.000854,-0.014893,1.003906
off,4269295,-0.001831,-0.014160,1.003418
off,4269315,-0.000610,-0.013794,1.004150
off,4269335,0.001465,-0.014648,1.004272
off,4269355,0.001709,-0.015259,1.004761
off,4269375,0.001343,-0.015747,1.003540
off,4269395,0.000122,-0.013916,1.004150
off,4269415,0.000000,-0.013672,1.003906
off,4269435,0.000488,-0.014526,1.004517
off,4269455,0.002686,-0.015747,1.003784
off,4269475,0.000977,-0.015747,1.004639
off,4269495,0.000854,-0.014648,1.003296
off,4269515,0.000000,-0.013916,1.004395
off,4269535,0.000000,-0.012695,1.004761
off,4269555,0.000977,-0.014771,1.004517
off,4269575,0.001587,-0.015015,1.004395
off,4269595,0.001953,-0.015381,1.004761
off,4269615,0.001221,-0.014771,1.004272
off,4269635,0.000610,-0.014282,1.004272
off,4269655,0.000122,-0.014160,1.004639
off,4269675,0.000366,-0.014771,1.004150
off,4269695,0.000854,-0.015625,1.003540
off,4269715,0.000732,-0.014526,1.004761
off,4269735,0.000732,-0.013794,1.003418
off,4269755,0.000244,-0.014160,1.003540
off,4269775,0.000732,-0.015015,1.003174
off,4269795,0.000732,-0.014282,1.004761
off,4269815,0.000610,-0.015259,1.005005
off,4269835,0.000977,-0.014404,1.004272
off,4269855,0.001831,-0.014282,1.003784
off,4269875,0.000977,-0.014648,1.003540
off,4269895,0.000244,-0.014893,1.004761
off,4269915,0.000610,-0.015625,1.004883
off,4269935,0.000610,-0.014771,1.005371
off,4269955,0.000488,-0.014526,1.004395
off,4269975,0.000854,-0.014038,1.004395
off,4269995,0.000488,-0.015625,1.004395
off,4270015,0.000366,-0.015015,1.005005
off,4270035,0.000122,-0.015503,1.003174
off,4270055,0.001099,-0.015381,1.003662
off,4270075,0.000610,-0.014893,1.004150
off,4270095,0.000732,-0.014282,1.003174
off,4270115,0.000488,-0.014771,1.003906
off,4270135,-0.000122,-0.014404,1.003784
off,4270155,0.000854,-0.014771,1.004517
off,4270175,0.000122,-0.014526,1.004761
off,4270195,0.000610,-0.015015,1.004761
off,4270215,0.000732,-0.015503,1.004639
off,4270235,0.000732,-0.015015,1.003540
off,4270255,0.000366,-0.014526,1.003784
off,4270275,0.000244,-0.014648,1.004272
off,4270295,0.001221,-0.014038,1.005127
off,4270315,0.000610,-0.014771,1.003906
off,4270335,0.000732,-0.015137,1.003906
off,4270355,0.000000,-0.015381,1.004150
off,4270375,-0.000122,-0.014404,1.004395
off,4270395,0.000977,-0.015259,1.004761
off,4270415,0.000610,-0.015869,1.003906
off,4270435,0.000488,-0.014771,1.004150
off,4270455,0.001221,-0.015015,1.004028
off,4270475,0.000732,-0.014893,1.004150
off,4270495,0.000610,-0.014648,1.004395
off,4270515,0.000244,-0.014771,1.004028
off,4270535,0.000488,-0.014282,1.004272
off,4270555,0.000366,-0.015259,1.004150
off,4270575,0.000977,-0.014893,1.004028
off,4270595,0.000244,-0.014893,1.004395
off,4270615,0.000732,-0.015137,1.003296
off,4270635,0.000732,-0.014771,1.004517
off,4270655,0.000366,-0.015381,1.005127
off,4270675,0.000854,-0.014893,1.004272
off,4270695,0.000366,-0.014771,1.004028
off,4270715,0.000122,-0.015259,1.004272
off,4270735,0.000366,-0.014893,1.004517
off,4270755,0.000366,-0.014404,1.004272
off,4270775,0.000854,-0.014526,1.004761
off,4270795,0.000244,-0.014160,1.004761
off,4270815,0.000244,-0.014771,1.004517
off,4270835,0.000244,-0.013916,1.004761
off,4270855,0.000122,-0.014282,1.004517
off,4270875,-0.000366,-0.014404,1.003906
off,4270895,0.000854,-0.015381,1.004272
off,4270915,0.000732,-0.014282,1.003784
off,4270935,0.000122,-0.015137,1.004883
off,4270955,0.000366,-0.015625,1.004761
off,4270975,0.000488,-0.015137,1.004883
off,4270995,0.000732,-0.014038,1.004517
off,4271015,0.000610,-0.014648,1.004395
off,4271035,0.000610,-0.015259,1.003540
off,4271055,0.000244,-0.014282,1.004028
off,4271075,0.000000,-0.014526,1.004272
off,4271095,0.000000,-0.015381,1.003906
off,4271115,0.000488,-0.015015,1.003784
off,4271135,0.001587,-0.015259,1.004395
off,4271155,0.000366,-0.015137,1.005249
off,4271175,0.000000,-0.013916,1.002563
off,4271195,-0.000732,-0.013184,1.005005
off,4271215,0.000854,-0.014893,1.004395
off,4271235,0.001221,-0.014526,1.005859
off,4271255,0.000732,-0.014771,1.004272
off,4271275,0.000366,-0.015137,1.004761
off,4271295,0.000732,-0.014160,1.003540
off,4271315,0.000000,-0.015015,1.004272
off,4271335,0.000610,-0.014404,1.004028
off,4271355,0.000610,-0.015015,1.003418
off,4271375,0.000488,-0.014404,1.003906
off,4271395,0.000854,-0.015137,1.004517
off,4271415,0.000366,-0.014526,1.004395
off,4271435,0.000732,-0.014893,1.004272
off,4271455,0.000000,-0.014526,1.004883
off,4271475,0.000610,-0.014160,1.004150
off,4271495,0.000610,-0.014893,1.004761
off,4271515,0.000854,-0.015015,1.004150
off,4271535,0.000366,-0.014038,1.004517
off,4271555,0.000854,-0.013794,1.003662
off,4271575,0.000366,-0.014526,1.003052
off,4271595,0.000244,-0.014893,1.003174
off,4271615,0.000610,-0.015015,1.003906
off,4271635,0.001221,-0.014771,1.004761
off,4271655,0.000366,-0.014893,1.004395
off,4271675,0.000732,-0.014404,1.003540
off,4271695,0.000732,-0.015747,1.003296
off,4271715,0.000732,-0.014893,1.004639
off,4271735,0.000000,-0.015259,1.004272
off,4271755,0.000732,-0.015259,1.004395
off,4271775,0.000122,-0.015015,1.004150
off,4271795,0.000732,-0.014526,1.003174
off,4271815,0.000000,-0.015137,1.005005
off,4271835,0.000610,-0.015625,1.004028
off,4271855,0.000366,-0.014282,1.004517
off,4271875,0.000122,-0.015503,1.004150
off,4271895,0.000366,-0.015381,1.003296
off,4271915,0.000244,-0.014526,1.004028
off,4271935,0.000488,-0.014282,1.004028
off,4271955,0.000732,-0.014648,1.003540
off,4271975,0.000610,-0.014893,1.004150
off,4271995,0.001221,-0.015259,1.003784
off,4272015,0.000488,-0.014404,1.003784
off,4272035,0.001221,-0.015137,1.003662
off,4272055,0.000244,-0.014771,1.004639
off,4272075,0.000488,-0.014893,1.003784
off,4272095,0.000122,-0.014404,1.004150
off,4272115,0.000732,-0.014893,1.003906
off,4272135,0.000244,-0.015747,1.004150
off,4272155,0.000732,-0.015015,1.004517
off,4272175,0.000610,-0.014771,1.004517
off,4272195,0.000366,-0.013916,1.003784
off,4272215,0.000610,-0.014648,1.003906
off,4272235,0.000732,-0.015015,1.003662
off,4272255,0.000000,-0.014893,1.004272
off,4272275,0.000732,-0.014893,1.004883
off,4272295,0.000366,-0.015503,1.002808
off,4272315,0.000122,-0.015747,1.003540
off,4272335,0.001099,-0.014893,1.004272
off,4272355,0.000488,-0.015259,1.003784
off,4272375,0.000732,-0.014282,1.005127
off,4272395,0.000732,-0.014282,1.004150
off,4272415,0.000977,-0.014526,1.004517
off,4272435,0.000977,-0.015137,1.003784
off,4272455,0.000732,-0.015137,1.004272
off,4272475,0.000488,-0.015259,1.004517
off,4272495,0.000610,-0.014404,1.003540
off,4272515,0.000244,-0.014404,1.003418
off,4272535,0.000366,-0.014771,1.003052
off,4272555,0.000488,-0.013672,1.003540
off,4272575,0.000854,-0.015381,1.003052
off,4272595,0.001099,-0.015381,1.003296
off,4272615,0.000854,-0.014893,1.004028
off,4272635,0.000488,-0.015015,1.004028
off,4272655,0.000854,-0.014160,1.004639
off,4272675,0.000244,-0.014526,1.003540
off,4272695,0.000488,-0.014526,1.004883
off,4272715,0.000610,-0.014282,1.004395
off,4272735,0.000732,-0.014404,1.004639
off,4272755,0.000732,-0.014282,1.003662
off,4272775,0.000366,-0.015503,1.005005
off,4272795,0.000732,-0.014771,1.004395
off,4272815,0.000732,-0.015015,1.004639
off,4272835,0.000488,-0.014893,1.004639
off,4272855,0.000244,-0.014526,1.004517
off,4272875,0.000244,-0.015259,1.004517
off,4272895,0.000610,-0.014771,1.003784
off,4272915,0.000488,-0.015015,1.004395
off,4272935,0.000488,-0.014893,1.003296
off,4272955,0.000610,-0.015503,1.004517
off,4272975,0.000488,-0.014526,1.003784
off,4272995,0.000244,-0.014160,1.004150
off,4273015,0.001099,-0.014648,1.004272
off,4273035,0.000977,-0.015381,1.005005
off,4273055,0.000244,-0.014648,1.004150
off,4273075,0.000732,-0.014893,1.005249
off,4273095,0.000488,-0.015381,1.004028
off,4273115,0.000610,-0.014648,1.004883
off,4273135,0.000366,-0.015015,1.004150
off,4273155,0.000244,-0.014771,1.003418
off,4273175,0.000732,-0.014282,1.003784
off,4273195,0.000366,-0.014282,1.004150
off,4273215,0.001465,-0.014160,1.003906
off,4273235,0.000854,-0.014893,1.004639
off,4273255,0.000610,-0.014893,1.004150
off,4273275,0.000854,-0.015015,1.003296
off,4273295,0.000610,-0.014038,1.003784
off,4273315,0.000854,-0.014893,1.004272
off,4273335,0.000488,-0.014282,1.004028
off,4273355,0.000000,-0.014160,1.003906
off,4273375,0.000000,-0.014648,1.004150
off,4273395,0.000244,-0.014771,1.004395
off,4273415,0.001099,-0.014771,1.004517
off,4273435,0.000122,-0.015381,1.003052
off,4273455,0.000610,-0.014893,1.003540
off,4273475,0.000488,-0.015259,1.003906
off,4273495,0.000000,-0.014893,1.004517
off,4273515,0.000977,-0.014526,1.004272
off,4273535,-0.002319,-0.011475,1.051270
off,4273555,-0.005005,-0.013672,0.964233
off,4273575,-0.000610,-0.013672,0.992432
off,4273595,0.001343,-0.016602,0.990112
off,4273615,0.001709,-0.014771,1.021851
off,4273635,0.001709,-0.015747,1.016968
off,4273655,0.000366,-0.015137,1.004883
off,4273675,0.000854,-0.015137,1.009155
off,4273695,0.001099,-0.014648,0.995117
off,4273715,0.000000,-0.015381,0.999390
off,4273735,0.000244,-0.014282,1.002441
off,4273755,0.000366,-0.015747,1.000732
off,4273775,0.000488,-0.013428,1.008667
off,4273795,0.000244,-0.015503,1.005493
off,4273815,0.000488,-0.014526,1.006714
off,4273835,0.000488,-0.015259,1.002930
off,4273855,0.000488,-0.015015,1.002197
off,4273875,0.000610,-0.015381,1.003662
off,4273895,0.001343,-0.014893,1.003540
off,4273915,0.000000,-0.014771,1.002930
off,4273935,0.000122,-0.015381,1.004883
off,4273955,0.000122,-0.014160,1.004517
off,4273975,0.000977,-0.014526,1.003418
off,4273995,0.000732,-0.014160,1.003174
off,4274015,0.000732,-0.014771,1.004272
off,4274035,0.000000,-0.014893,1.002930
off,4274055,0.000488,-0.014893,1.004395
off,4274075,0.000366,-0.014282,1.003052
off,4274095,0.000732,-0.014038,1.004272
off,4274115,0.000488,-0.014526,1.003174
off,4274135,0.000366,-0.015625,1.004639
off,4274155,0.000122,-0.015137,1.004150
off,4274175,0.000244,-0.014893,1.003662
off,4274195,0.000610,-0.014771,1.004272
off,4274215,0.001099,-0.014893,1.004272
off,4274235,0.001343,-0.015747,1.003418
off,4274255,0.000488,-0.015137,1.004517
off,4274275,0.000366,-0.014038,1.003906
off,4274295,0.000488,-0.014893,1.004150
off,4274315,0.000732,-0.014404,1.003418
off,4274335,0.000488,-0.014160,1.004517
off,4274355,0.000366,-0.014893,1.003296
off,4274375,0.000366,-0.015137,1.004150
off,4274395,0.000244,-0.014893,1.004028
off,4274415,0.000244,-0.014282,1.003540
off,4274435,0.000244,-0.014038,1.003174
off,4274455,0.000732,-0.014526,1.004272
off,4274475,0.000488,-0.014893,1.004150
off,4274495,0.000610,-0.014282,1.003540
off,4274515,0.001221,-0.015015,1.004883
off,4274535,0.000488,-0.014648,1.003906
off,4274555,0.000488,-0.014038,1.004272
off,4274575,0.000122,-0.015015,1.002808
off,4274595,0.000610,-0.014038,1.004761
off,4274615,0.000732,-0.014771,1.003906
off,4274635,0.000488,-0.014771,1.004761
off,4274655,0.000366,-0.014893,1.003784
off,4274675,0.001099,-0.015137,1.004761
off,4274695,0.008911,-0.012817,1.003296
off,4274715,-0.003906,-0.015381,0.970215
off,4274735,-0.003418,-0.010498,0.977539
off,4274755,0.001221,-0.015381,0.977173
off,4274775,0.000854,-0.015259,1.022827
off,4274795,0.002197,-0.016235,1.015015
off,4274815,0.001465,-0.016357,1.010742
off,4274835,0.000488,-0.014282,0.993530
off,4274855,0.000000,-0.014404,0.995483
off,4274875,0.000488,-0.015015,1.003296
off,4274895,0.000000,-0.014282,1.000366
off,4274915,0.001587,-0.014526,1.013306
off,4274935,0.000610,-0.014404,1.009399
off,4274955,-0.008911,-0.008789,0.973511
off,4274975,-0.007568,-0.008179,0.970947
off,4274995,-0.002197,-0.011597,1.019775
off,4275015,0.001831,-0.014893,1.030884
off,4275035,0.003418,-0.015869,1.020996
off,4275055,0.001099,-0.016968,0.990112
off,4275075,0.000122,-0.016479,0.995850
off,4275095,0.000122,-0.013794,0.999512
off,4275115,0.000244,-0.013428,0.996582
off,4275135,0.002075,-0.015137,1.012573
off,4275155,0.000366,-0.015869,1.010498
off,4275175,0.000244,-0.015869,1.007813
off,4275195,0.000854,-0.014404,0.999390
off,4275215,0.000244,-0.013794,1.000854
off,4275235,0.000366,-0.014404,1.001465
off,4275255,0.001221,-0.015381,1.001587
off,4275275,0.000854,-0.015381,1.005615
off,4275295,0.000610,-0.014526,1.004517
off,4275315,0.000977,-0.014648,1.005981
off,4275335,0.000488,-0.013794,1.003296
off,4275355,0.000977,-0.014282,1.004272
off,4275375,0.001099,-0.015625,1.003784
off,4275395,0.001221,-0.015015,1.004028
off,4275415,0.000977,-0.014282,1.003418
off,4275435,0.000244,-0.015015,1.004761
off,4275455,0.000854,-0.014771,1.004150
off,4275475,0.000610,-0.014648,1.004883
off,4275495,0.000732,-0.015503,1.004639
off,4275515,0.000366,-0.014771,1.003662
off,4275535,0.000488,-0.014771,1.003296
off,4275555,0.000244,-0.014771,1.002441
off,4275575,0.000488,-0.014648,1.003296
off,4275595,0.001221,-0.014893,1.003662
off,4275615,0.000610,-0.014648,1.004639
off,4275635,0.000610,-0.014526,1.004517
off,4275655,-0.018799,-0.002197,1.057495
off,4275675,-0.005615,-0.009399,0.986572
off,4275695,0.002808,-0.013062,0.985107
off,4275715,-0.001709,-0.013062,0.989014
off,4275735,-0.000854,-0.013184,1.018799
off,4275755,0.002075,-0.017456,1.010254
off,4275775,0.000610,-0.015259,1.010010
off,4275795,0.000366,-0.013428,1.010498
off,4275815,0.000122,-0.014160,0.999756
off,4275835,0.000000,-0.015259,1.000732
off,4275855,0.000244,-0.015747,1.000854
off,4275875,0.000732,-0.015259,1.010376
off,4275895,-0.008423,-0.014526,0.984009
off,4275915,-0.000854,-0.013672,1.023193
off,4275935,-0.003662,-0.011230,1.019531
off,4275955,0.002441,-0.015747,1.015503
off,4275975,0.002075,-0.016235,1.015381
off,4275995,0.001709,-0.016846,0.992187
off,4276015,0.000000,-0.015503,0.999512
off,4276035,-0.001221,-0.011230,1.001587
off,4276055,-0.000244,-0.011963,1.012695
off,4276075,0.003540,-0.015747,1.009766
off,4276095,0.000732,-0.017090,1.005249
off,4276115,0.000122,-0.015503,1.005371
off,4276135,0.000854,-0.014771,1.000610
off,4276155,0.000000,-0.011841,1.001221
off,4276175,0.000610,-0.013916,1.002197
off,4276195,0.002075,-0.017212,1.001099
off,4276215,-0.000122,-0.016235,1.004639
off,4276235,0.000000,-0.014282,1.004272
off,4276255,0.000854,-0.013428,1.005615
off,4276275,0.000366,-0.012939,1.004028
off,4276295,0.000854,-0.015381,1.005615
off,4276315,0.001099,-0.017090,1.003662
off,4276335,0.000488,-0.015015,1.004395
off,4276355,0.000977,-0.013550,1.004028
off,4276375,0.000244,-0.013672,1.004395
off,4276395,0.000000,-0.013916,1.004150
off,4276415,0.000366,-0.015503,1.002808
off,4276435,0.001831,-0.016846,1.003174
off,4276455,0.000488,-0.014771,1.003662
off,4276475,0.000122,-0.014404,1.003784
off,4276495,0.000488,-0.013184,1.003784
off,4276515,0.000488,-0.015747,1.002930
off,4276535,0.000488,-0.015869,1.004517
off,4276555,0.000977,-0.015991,1.003418
off,4276575,0.000366,-0.013550,1.003906
off,4276595,-0.000244,-0.013672,1.003296
off,4276615,0.000122,-0.014282,1.003418
off,4276635,0.001221,-0.015137,1.004272
off,4276655,0.000732,-0.015381,1.003662
off,4276675,0.000732,-0.014771,1.003174
off,4276695,0.000610,-0.013550,1.004883
off,4276715,0.000488,-0.013550,1.004272
off,4276735,0.000488,-0.015015,1.002930
off,4276755,0.001221,-0.015625,1.004150
off,4276775,0.000854,-0.015137,1.003540
off,4276795,0.000732,-0.014526,1.003174
off,4276815,0.001465,-0.014038,1.004272
off,4276835,0.000610,-0.015625,1.003662
off,4276855,0.001099,-0.015747,1.004150
off,4276875,0.001221,-0.014404,1.004028
off,4276895,0.000854,-0.014893,1.003784
off,4276915,0.000488,-0.014282,1.004028
off,4276935,0.000244,-0.014771,1.003296
off,4276955,0.000488,-0.015991,1.003784
off,4276975,0.001099,-0.015747,1.004028
off,4276995,0.000854,-0.015259,1.004150
off,4277015,-0.000488,-0.014282,1.004517
off,4277035,0.000244,-0.014160,1.003906
off,4277055,0.000000,-0.014771,1.003418
off,4277075,0.000122,-0.015503,1.004272
off,4277095,0.000854,-0.015869,1.003296
off,4277115,0.000610,-0.013794,1.003174
off,4277135,0.000366,-0.014038,1.003296
off,4277155,0.000488,-0.015137,1.003174
off,4277175,0.000854,-0.015503,1.003418
off,4277195,0.000366,-0.014282,1.003052
off,4277215,0.000977,-0.014038,1.003906
off,4277235,0.000000,-0.013916,1.004883
off,4277255,0.001099,-0.014404,1.003784
off,4277275,0.000244,-0.014404,1.003296
off,4277295,0.000366,-0.015015,1.003296
off,4277315,0.000366,-0.014893,1.003296
off,4277335,0.000488,-0.014282,1.003662
off,4277355,0.000122,-0.014771,1.003906
off,4277375,0.005981,-0.025879,1.002441
off,4277395,-0.007202,-0.012207,1.000854
off,4277415,-0.007935,-0.009277,0.997559
off,4277435,0.004761,-0.017456,1.000610
off,4277455,0.004761,-0.018066,1.004639
off,4277475,0.000122,-0.013672,1.006348
off,4277495,0.000977,-0.014771,1.003540
off,4277515,0.000977,-0.014893,1.003906
off,4277535,0.000610,-0.014282,1.002319
off,4277555,-0.029663,0.001099,1.019409
off,4277575,-0.014038,-0.002930,1.030273
off,4277595,-0.002441,-0.011597,1.009155
off,4277615,-0.000122,-0.014648,1.003906
off,4277635,0.007080,-0.013306,1.026855
off,4277655,-0.007446,-0.010010,1.012817
off,4277675,-0.005859,-0.008057,1.010132
off,4277695,0.000977,-0.016113,1.001709
off,4277715,0.000366,-0.014526,1.000732
off,4277735,0.000977,-0.015381,1.001587
off,4277755,0.001221,-0.028687,0.913818
off,4277775,-0.015137,-0.012695,1.000366
off,4277795,0.015381,-0.025635,0.984131
off,4277815,0.003296,-0.014771,1.010132
off,4277835,0.005981,-0.015991,1.000488
off,4277855,0.001831,-0.016357,1.004150
off,4277875,0.001709,-0.015625,1.001465
off,4277895,0.001709,-0.015625,1.001953
off,4277915,-0.000244,-0.013794,1.001953
off,4277935,0.000000,-0.014282,1.006104
off,4277955,0.000732,-0.014648,1.005249
off,4277975,0.000244,-0.014038,1.005615
off,4277995,0.000854,-0.015015,1.003662
off,4278015,0.000366,-0.015503,1.005371
off,4278035,0.000610,-0.015137,1.002930
off,4278055,0.000854,-0.015137,1.005737
off,4278075,0.000977,-0.015015,1.002808
off,4278095,0.000488,-0.014160,1.003906
off,4278115,0.000977,-0.013672,1.003174
off,4278135,0.000244,-0.014648,1.003540
off,4278155,0.000610,-0.015747,1.004395
off,4278175,0.000488,-0.015259,1.003418
off,4278195,0.000244,-0.014526,1.003784
off,4278215,0.000977,-0.013794,1.004639
off,4278235,0.000854,-0.014404,1.003540
off,4278255,0.000244,-0.015381,1.003906
off,4278275,0.000977,-0.014282,1.003906
off,4278295,0.000488,-0.014526,1.005127
off,4278315,0.000366,-0.014282,1.003906
off,4278335,0.000732,-0.015381,1.004028
off,4278355,0.000122,-0.014404,1.004639
off,4278375,0.000366,-0.014282,1.003296
off,4278395,0.000244,-0.014771,1.004150
off,4278415,0.000000,-0.014404,1.003662
off,4278435,0.000244,-0.013794,1.003174
off,4278455,0.000854,-0.014038,1.004028
off,4278475,0.000366,-0.015625,1.003052
off,4278495,0.000244,-0.014771,1.003540
off,4278515,0.000732,-0.014526,1.004395
off,4278535,0.000732,-0.014526,1.003784
off,4278555,0.000122,-0.014282,1.003296
off,4278575,0.000366,-0.014893,1.003784
off,4278595,0.000610,-0.014648,1.003662
off,4278615,0.000732,-0.015015,1.003174
off,4278635,0.000000,-0.014160,1.003662
off,4278655,0.000366,-0.014282,1.004028
off,4278675,0.000122,-0.014160,1.002686
off,4278695,0.000488,-0.015503,1.003296
off,4278715,0.001099,-0.014771,1.004150
off,4278735,0.000977,-0.014282,1.003784
off,4278755,0.000366,-0.014648,1.003662
off,4278775,0.000488,-0.015259,1.004883
off,4278795,0.000854,-0.015015,1.002930
off,4278815,0.000244,-0.015259,1.003540
off,4278835,0.000000,-0.015015,1.004028
off,4278855,0.000488,-0.014526,1.003662
off,4278875,0.000366,-0.014648,1.004028
off,4278895,0.000488,-0.014893,1.004272
off,4278915,0.000244,-0.014771,1.004395
off,4278935,0.000366,-0.014282,1.004517
off,4278955,0.000488,-0.013672,1.002808
off,4278975,0.000488,-0.014648,1.002930
off,4278995,0.000488,-0.014282,1.003906
off,4279015,0.001099,-0.014771,1.001953
off,4279035,0.000488,-0.014893,1.002808
off,4279055,-0.000610,-0.014160,1.002563
off,4279075,0.000122,-0.014404,1.005493
off,4279095,0.001343,-0.014648,1.005005
off,4279115,0.000244,-0.014771,1.004761
off,4279135,0.000122,-0.015259,1.003418
off,4279155,0.000610,-0.015137,1.004395
off,4279175,0.000610,-0.014526,1.004028
off,4279195,0.000244,-0.014038,1.003052
off,4279215,0.000244,-0.014648,1.004150
off,4279235,0.000122,-0.015015,1.003540
off,4279255,0.000732,-0.015503,1.005493
off,4279275,0.001221,-0.015259,1.004761
off,4279295,0.000610,-0.015259,1.004150
off,4279315,0.000244,-0.014526,1.004028
off,4279335,0.000244,-0.015259,1.004028
off,4279355,0.000732,-0.014771,1.002686
off,4279375,0.001099,-0.014893,1.002930
off,4279395,0.000610,-0.015015,1.003662
off,4279415,0.000244,-0.015259,1.004150
off,4279435,0.000732,-0.013916,1.004028
off,4279455,0.000610,-0.013916,1.003540
off,4279475,0.000854,-0.014648,1.003174
off,4279495,0.000610,-0.015625,1.003418
off,4279515,0.000610,-0.016113,1.003662
off,4279535,0.000244,-0.014160,1.004150
off,4279555,0.000122,-0.013062,1.003906
off,4279575,0.000122,-0.014648,1.005249
off,4279595,0.000366,-0.015869,1.004395
off,4279615,0.001343,-0.015991,1.004517
off,4279635,0.000977,-0.014282,1.004517
off,4279655,0.000366,-0.013794,1.005005
off,4279675,-0.000122,-0.013794,1.003784
off,4279695,0.000366,-0.014038,1.004761
off,4279715,0.000977,-0.015137,1.001709
off,4279735,-0.000488,-0.014771,1.001465
off,4279755,0.000000,-0.015381,1.004150
off,4279775,0.001465,-0.015503,1.003906
off,4279795,0.000854,-0.014160,1.003540
off,4279815,0.001221,-0.014038,1.004395
off,4279835,0.001465,-0.015503,1.004639
off,4279855,0.000854,-0.015381,1.004272
off,4279875,0.000122,-0.016357,1.004395
off,4279895,0.000244,-0.014771,1.004395
off,4279915,0.000122,-0.013916,1.004150
off,4279935,0.000610,-0.014648,1.003906
off,4279955,0.000977,-0.015137,1.004761
off,4279975,0.000732,-0.015503,1.004883
off,4279995,-0.000366,-0.014404,1.004517
off,4280015,-0.000244,-0.014282,1.004883
off,4280035,0.000732,-0.014526,1.003296
off,4280055,0.001465,-0.014771,1.004150
off,4280075,0.000244,-0.014038,1.004150
off,4280095,-0.000244,-0.014648,1.003906
off,4280115,0.000122,-0.014038,1.003784
off,4280135,0.000732,-0.014648,1.005127
off,4280155,0.001465,-0.014282,1.004272
off,4280175,0.000244,-0.015503,1.003540
off,4280195,0.000122,-0.014282,1.003418
off,4280215,0.000000,-0.015381,1.004272
off,4280235,0.000122,-0.015747,1.001221
off,4280255,0.000122,-0.015137,1.009399
off,4280275,0.000977,-0.014648,1.006104
off,4280295,0.001587,-0.013794,1.004761
off,4280315,0.001953,-0.014526,1.004639
off,4280335,0.000366,-0.014526,1.003540
off,4280355,0.000366,-0.014771,1.003906
off,4280375,0.000366,-0.013672,1.004639
off,4280395,0.000610,-0.013550,1.003906
off,4280415,0.000854,-0.014648,1.004639
off,4280435,0.000366,-0.014160,1.004272
off,4280455,0.001099,-0.014282,1.004517
off,4280475,-0.000122,-0.015381,1.004517
off,4280495,0.000977,-0.015015,1.003906
off,4280515,-0.000488,-0.013794,1.001099
off,4280535,0.000000,-0.015015,1.005371
off,4280555,0.000610,-0.015259,1.003540
off,4280575,0.001831,-0.014160,1.004761
off,4280595,0.000366,-0.015503,1.003540
off,4280615,-0.000732,-0.014771,1.004639
off,4280635,-0.000122,-0.014771,1.004761
off,4280655,0.000977,-0.014893,1.004028
off,4280675,0.001221,-0.014526,1.003418
off,4280695,0.000122,-0.014648,1.004150
off,4280715,0.000244,-0.014893,1.003784
off,4280735,0.000366,-0.015015,1.004272
off,4280755,0.001221,-0.016479,1.002930
off,4280775,0.000000,-0.012817,1.006592
off,4280795,0.002441,-0.012817,1.003174
off,4280815,0.004639,-0.016113,1.002686
off,4280835,0.000366,-0.016724,1.003540
off,4280855,-0.000854,-0.016113,1.004028
off,4280875,-0.001343,-0.014771,1.003784
off,4280895,0.000122,-0.012329,1.001343
off,4280915,0.001099,-0.011963,1.001587
off,4280935,0.000854,-0.014893,1.005371
off,4280955,0.000732,-0.017334,1.007935
off,4280975,0.002319,-0.017822,1.006470
off,4280995,0.000122,-0.012817,1.004517
off,4281015,0.000610,-0.012451,1.001709
off,4281035,0.000122,-0.014160,1.002808
off,4281055,0.000488,-0.016846,1.002319
off,4281075,0.000854,-0.016846,1.003418
off,4281095,0.001953,-0.015503,1.005005
off,4281115,0.000244,-0.014038,1.003052
off,4281135,-0.002319,-0.012451,1.005005
off,4281155,-0.001343,-0.014526,1.004883
off,4281175,0.001709,-0.015869,1.004883
off,4281195,0.003296,-0.015991,1.004517
off,4281215,0.001099,-0.014893,1.006836
off,4281235,-0.000854,-0.013428,1.001465
off,4281255,-0.001465,-0.012939,1.003052
off,4281275,0.000488,-0.013428,1.003052
off,4281295,0.002808,-0.014526,1.005005
off,4281315,0.003540,-0.018555,1.003296
off,4281335,0.000122,-0.016724,1.004639
off,4281355,0.000854,-0.014648,1.006226
off,4281375,0.000122,-0.011719,1.004761
off,4281395,0.000366,-0.013428,1.004272
off,4281415,0.000732,-0.016357,1.003418
off,4281435,0.001099,-0.017944,1.003784
off,4281455,0.001099,-0.015503,1.003784
off,4281475,0.001587,-0.012939,1.005371
off,4281495,0.000610,-0.012939,1.004150
off,4281515,0.000000,-0.013672,1.005005
off,4281535,0.000854,-0.017212,1.004639
off,4281555,0.001953,-0.015747,1.001953
off,4281575,0.001587,-0.014648,1.003540
off,4281595,0.000244,-0.012695,1.003052
off,4281615,0.000122,-0.013550,1.003052
off,4281635,0.000366,-0.015503,1.003784
off,4281655,0.000366,-0.015991,1.003906
off,4281675,0.000977,-0.014282,1.003540
off,4281695,0.000488,-0.014038,1.004761
off,4281715,0.000122,-0.013428,1.003906
off,4281735,0.000732,-0.014526,1.003174
off,4281755,0.000610,-0.015503,1.003662
off,4281775,0.000977,-0.016235,1.004395
off,4281795,0.000366,-0.014893,1.004761
off,4281815,0.000977,-0.013062,1.005127
off,4281835,0.000488,-0.014404,1.003174
off,4281855,0.001099,-0.015869,1.005249
off,4281875,0.000488,-0.015381,1.003296
off,4281895,0.000488,-0.014771,1.003784
off,4281915,0.000366,-0.014648,1.004883
off,4281935,0.000610,-0.013916,1.004395
off,4281955,0.000244,-0.014893,1.004883
off,4281975,0.000854,-0.015137,1.003540
off,4281995,0.000122,-0.014771,1.005005
off,4282015,0.000244,-0.013794,1.004272
off,4282035,0.000488,-0.014282,1.004517
off,4282055,0.000732,-0.014771,1.004272
off,4282075,0.000977,-0.014893,1.004517
off,4282095,0.000854,-0.015259,1.003906
off,4282115,0.000122,-0.014526,1.004639
off,4282135,0.000366,-0.013306,1.004028
off,4282155,0.000977,-0.014038,1.004028
off,4282175,0.001099,-0.015381,1.002319
off,4282195,0.000854,-0.014771,1.002808
off,4282215,0.000488,-0.014526,1.003906
off,4282235,0.000244,-0.014160,1.004395
off,4282255,0.000244,-0.014648,1.004150
off,4282275,0.000244,-0.015015,1.002808
off,4282295,0.000610,-0.014526,1.003174
off,4282315,0.001709,-0.015381,1.003906
off,4282335,0.000244,-0.014771,1.004150
off,4282355,-0.000122,-0.014038,1.003418
off,4282375,0.000488,-0.013916,1.004150
off,4282395,0.000488,-0.014404,1.003784
off,4282415,0.001221,-0.015137,1.003662
off,4282435,0.000610,-0.015137,1.003418
off,4282455,0.000488,-0.014893,1.003906
off,4282475,0.000732,-0.014526,1.003662
off,4282495,0.000000,-0.014404,1.004028
off,4282515,0.000244,-0.015747,1.004028
off,4282535,0.000488,-0.014648,1.003540
off,4282555,0.000610,-0.015625,1.003662
off,4282575,0.000122,-0.014282,1.003784
off,4282595,0.000122,-0.014771,1.004517
off,4282615,0.000854,-0.014526,1.004150
off,4282635,0.000122,-0.014893,1.004150
off,4282655,0.001221,-0.015015,1.003784
off,4282675,0.000732,-0.014404,1.003662
off,4282695,0.000977,-0.013794,1.003540
off,4282715,0.000732,-0.015137,1.004150
off,4282735,0.002075,-0.017334,0.998657
off,4282755,0.002441,-0.014526,1.002563
off,4282775,0.007935,-0.015625,1.026611
off,4282795,0.000854,-0.014038,0.988281
off,4282815,-0.000732,-0.015381,0.981445
off,4282835,-0.001587,-0.015259,0.992676
off,4282855,0.001343,-0.016846,0.994629
off,4282875,0.002686,-0.015625,1.021851
off,4282895,0.000122,-0.010742,1.017090
off,4282915,-0.005981,-0.011841,1.004883
off,4282935,-0.003174,-0.014038,1.009155
off,4282955,-0.005249,-0.013062,1.000732
off,4282975,-0.001221,-0.014404,1.007324
off,4282995,-0.000977,-0.009399,1.003296
off,4283015,-0.012085,-0.002686,1.021606
off,4283035,0.000732,-0.013550,1.003662
off,4283055,-0.001465,-0.012817,1.008057
off,4283075,-0.000366,-0.015015,1.007813
off,4283095,-0.000122,-0.015625,1.005127
off,4283115,-0.000732,-0.013184,1.004883
off,4283135,-0.000366,-0.013184,1.002930
off,4283155,0.000854,-0.014771,1.003662
off,4283175,0.003784,-0.016479,1.004150
off,4283195,0.003296,-0.019409,1.002075
off,4283215,0.000977,-0.015747,1.004150
off,4283235,0.000000,-0.013550,1.003784
off,4283255,0.000732,-0.013916,1.002441
off,4283275,0.000000,-0.014648,1.004272
off,4283295,0.000732,-0.016357,1.003052
off,4283315,0.000366,-0.016235,1.003784
off,4283335,0.000610,-0.013306,1.004517
off,4283355,0.000000,-0.013306,1.003662
off,4283375,0.000488,-0.014160,1.004395
off,4283395,0.000854,-0.016357,1.004517
off,4283415,0.001221,-0.015869,1.004639
off,4283435,0.000366,-0.014771,1.004150
off,4283455,0.000366,-0.013184,1.003906
off,4283475,-0.000122,-0.013916,1.004272
off,4283495,0.000610,-0.015625,1.004028
off,4283515,0.000732,-0.016235,1.004883
off,4283535,0.000610,-0.015381,1.004883
off,4283555,0.000122,-0.014404,1.004517
off,4283575,-0.000366,-0.014038,1.003662
off,4283595,0.001099,-0.015015,1.003540
off,4283615,0.000854,-0.015503,1.004028
off,4283635,0.000732,-0.015747,1.004272
off,4283655,0.000244,-0.014648,1.004517
off,4283675,0.001099,-0.014160,1.003784
off,4283695,0.000244,-0.014404,1.004517
off,4283715,0.000732,-0.015259,1.004028
off,4283735,0.001221,-0.016602,1.005127
off,4283755,0.001587,-0.014160,1.004272
off,4283775,0.000244,-0.013916,1.003662
off,4283795,0.000122,-0.013916,1.004272
off,4283815,0.000854,-0.014771,1.003418
off,4283835,0.000122,-0.015625,1.004517
off,4283855,0.000732,-0.015747,1.004272
off,4283875,0.000488,-0.015381,1.004150
off,4283895,0.000244,-0.014648,1.004639
off,4283915,0.000244,-0.014404,1.004028
off,4283935,0.000854,-0.015259,1.004761
off,4283955,0.000610,-0.015625,1.004639
off,4283975,0.011108,-0.008789,1.017334
off,4283995,0.061890,-0.051392,0.885254
off,4284015,0.008789,-0.025391,1.103760
off,4284035,0.001465,-0.010376,1.110107
off,4284055,0.003052,-0.015869,0.990112
off,4284075,0.003052,-0.020752,0.965454
off,4284095,-0.003784,-0.012451,0.965210
off,4284115,-0.018433,0.000977,0.837158
off,4284135,-0.040527,-0.019165,0.942871
off,4284155,0.008545,-0.020508,0.962036
off,4284175,-0.001465,-0.014160,0.968384
off,4284195,-0.005371,-0.005493,1.053467
off,4284215,-0.002686,-0.007080,1.053467
off,4284235,0.009644,-0.020386,0.999023
off,4284255,-0.012573,-0.005005,1.047241
off,4284275,-0.006470,-0.012573,0.983887
off,4284295,-0.001953,-0.010254,0.998779
off,4284315,-0.003174,-0.009033,1.013550
off,4284335,-0.030640,-0.012329,1.001587
off,4284355,0.001343,-0.014648,1.017944
off,4284375,0.002075,-0.019653,0.998535
off,4284395,0.001221,-0.018433,1.000366
off,4284415,-0.000244,-0.013184,1.001587
off,4284435,-0.000244,-0.011597,1.000366
off,4284455,0.000488,-0.012207,1.003662
off,4284475,0.001709,-0.017700,1.003662
off,4284495,0.000610,-0.017944,1.005005
off,4284515,0.000610,-0.016602,1.001709
off,4284535,0.000488,-0.012451,1.004395
off,4284555,0.000366,-0.012695,1.004761
off,4284575,0.000610,-0.015747,1.004883
off,4284595,0.000977,-0.017212,1.004883
off,4284615,0.000244,-0.015381,1.004517
off,4284635,0.000244,-0.014648,1.005371
off,4284655,0.000244,-0.012207,1.005493
off,4284675,0.000366,-0.013550,1.004395
off,4284695,0.000854,-0.015869,1.004395
off,4284715,0.000488,-0.016968,1.003906
off,4284735,0.001343,-0.016479,1.004517
off,4284755,0.000122,-0.013184,1.004639
off,4284775,0.000244,-0.013428,1.003662
off,4284795,0.000488,-0.015381,1.003662
off,4284815,0.001343,-0.016113,1.004761
off,4284835,0.001465,-0.015747,1.003662
off,4284855,0.000122,-0.014282,1.004028
off,4284875,0.000000,-0.012695,1.004761
off,4284895,0.000488,-0.014648,1.004150
off,4284915,0.000977,-0.016479,1.003418
off,4284935,0.000977,-0.016357,1.004639
off,4284955,0.000488,-0.015625,1.003174
off,4284975,-0.000122,-0.013672,1.003174
off,4284995,0.000244,-0.012817,1.004395
off,4285015,0.000854,-0.014526,1.004517
off,4285035,0.001221,-0.016113,1.004272
off,4285055,0.001343,-0.016113,1.004272
off,4285075,0.000000,-0.014648,1.004028
off,4285095,0.000732,-0.013306,1.003174
off,4285115,0.000854,-0.014160,1.004395
off,4285135,0.000244,-0.014282,1.004028
off,4285155,0.043457,0.022583,1.255615
off,4285175,-0.014404,0.005493,1.066528
off,4285195,-0.027344,-0.000732,0.991821
off,4285215,-0.018677,0.004150,1.038696
off,4285235,-0.005249,-0.003662,1.029785
off,4285255,0.000488,-0.006592,1.023926
off,4285275,0.004272,-0.019531,1.000366
off,4285295,0.002075,-0.025757,1.002075
off,4285315,0.002686,-0.021729,1.000488
off,4285335,-0.001587,-0.006348,1.000488
off,4285355,-0.001465,-0.003784,1.006836
off,4285375,0.030640,-0.013916,1.005737
off,4285395,0.001465,-0.031738,0.807373
off,4285415,-0.009155,-0.025635,0.964355
off,4285435,0.003662,-0.028442,0.962036
off,4285455,-0.002930,-0.011230,1.023438
off,4285475,0.013306,-0.007690,1.019165
off,4285495,0.005127,-0.014038,0.998779
off,4285515,-0.004028,-0.027710,1.008545
off,4285535,-0.003540,-0.024536,0.998657
off,4285555,-0.000122,-0.014526,0.997437
off,4285575,0.005859,-0.004883,1.007568
off,4285595,0.000366,-0.005859,1.009644
off,4285615,-0.004639,-0.017334,1.009644
off,4285635,0.000610,-0.023682,1.000854
off,4285655,0.005127,-0.019653,1.003662
off,4285675,0.001831,-0.011719,1.001099
off,4285695,-0.002197,-0.007080,1.001221
off,4285715,-0.002808,-0.011597,1.002686
off,4285735,-0.000366,-0.016235,1.003784
off,4285755,0.005249,-0.021973,1.001831
off,4285775,0.004028,-0.019287,1.003906
off,4285795,-0.003174,-0.010864,1.002441
off,4285815,-0.003784,-0.008423,1.002930
off,4285835,0.000122,-0.012817,1.003540
off,4285855,0.003052,-0.017944,1.004028
off,4285875,0.003052,-0.021484,1.003052
off,4285895,0.000122,-0.016113,1.003784
off,4285915,-0.001831,-0.010742,1.002197
off,4285935,-0.000122,-0.009521,1.003540
off,4285955,0.000610,-0.012695,1.002930
off,4285975,0.000977,-0.019775,1.003784
off,4285995,0.001221,-0.019531,1.001953
off,4286015,0.000244,-0.013672,1.003418
off,4286035,-0.001343,-0.009644,1.001587
off,4286055,0.000244,-0.011719,1.002319
off,4286075,0.001099,-0.015991,1.002930
off,4286095,0.000854,-0.018555,1.003174
off,4286115,0.001343,-0.017212,1.002075
off,4286135,0.000732,-0.013062,1.003296
off,4286155,-0.000244,-0.009888,1.003296
off,4286175,-0.000244,-0.011963,1.002563
off,4286195,0.000488,-0.017090,1.003296
off,4286215,0.001099,-0.017334,1.002686
off,4286235,0.000854,-0.014038,1.003052
off,4286255,0.000000,-0.011597,1.002686
off,4286275,-0.000122,-0.010986,1.003784
off,4286295,0.000122,-0.015259,1.001953
off,4286315,0.001099,-0.016357,1.003296
off,4286335,0.001099,-0.016357,1.002930
off,4286355,0.000488,-0.015137,1.002930
off,4286375,-0.000122,-0.011353,1.003174
off,4286395,-0.000244,-0.011719,1.002686
off,4286415,0.000977,-0.016235,1.003174
off,4286435,0.001831,-0.017212,1.003418
off,4286455,0.000366,-0.014893,1.003296
off,4286475,-0.000122,-0.012573,1.003418
off,4286495,0.000000,-0.012329,1.003784
off,4286515,0.000122,-0.013306,1.002808
off,4286535,0.000732,-0.016113,1.003540
off,4286555,0.000366,-0.016724,1.002930
off,4286575,0.000000,-0.014648,1.003052
off,4286595,-0.000854,-0.012695,1.002930
off,4286615,0.000000,-0.012817,1.003662
off,4286635,0.000122,-0.014648,1.003906
off,4286655,0.000488,-0.016846,1.003052
off,4286675,0.000854,-0.015503,1.002930
off,4286695,0.000488,-0.013794,1.003174
off,4286715,0.000488,-0.012451,1.002319
off,4286735,0.000244,-0.014282,1.003662
off,4286755,0.000610,-0.015259,1.003296
off,4286775,0.000366,-0.016235,1.003296
off,4286795,-0.000122,-0.014038,1.003784
off,4286815,-0.000122,-0.013062,1.002808
off,4286835,0.000488,-0.013916,1.002930
off,4286855,0.000488,-0.015625,1.002930
off,4286875,0.000732,-0.016724,1.002930
off,4286895,0.000488,-0.016113,1.003418
off,4286915,-0.000122,-0.012817,1.003296
off,4286935,0.000244,-0.013550,1.003052
off,4286955,0.000122,-0.013794,1.002563
off,4286975,0.000366,-0.015747,1.003540
off,4286995,0.000610,-0.016479,1.002441
off,4287015,0.000977,-0.014648,1.002075
off,4287035,-0.000122,-0.013550,1.003906
off,4287055,0.001587,-0.015625,1.001953
off,4287075,0.000977,-0.014160,1.002319
off,4287095,-0.001099,-0.014404,1.002441
off,4287115,-0.000732,-0.014893,1.003174
off,4287135,0.000732,-0.013184,1.004395
off,4287155,0.001709,-0.014038,1.004028
off,4287175,0.000366,-0.017334,1.006348
off,4287195,-0.002686,-0.011353,1.009399
off,4287215,-0.004028,-0.010376,1.010986
off,4287235,0.000244,-0.011597,1.005371
off,4287255,0.001831,-0.014038,1.004028
off,4287275,0.001831,-0.018555,1.003418
off,4287295,0.003418,-0.017334,1.004395
off,4287315,-0.000732,-0.014282,1.005493
off,4287335,-0.001831,-0.011475,1.001099
off,4287355,0.000366,-0.010742,1.003540
off,4287375,0.000366,-0.012695,1.005859
off,4287395,0.001831,-0.016846,1.003296
off,4287415,0.000366,-0.017456,1.004272
off,4287435,-0.000610,-0.013184,1.003296
off,4287455,-0.000977,-0.010132,1.004395
off,4287475,0.000122,-0.011963,1.003906
off,4287495,0.001343,-0.017212,1.003784
off,4287515,0.000000,-0.017944,1.004883
off,4287535,0.000122,-0.015747,1.003906
off,4287555,0.000854,-0.011841,1.001221
off,4287575,0.000732,-0.011108,1.003296
off,4287595,-0.000610,-0.016113,1.002441
off,4287615,0.000366,-0.018433,1.004395
off,4287635,0.000732,-0.016479,1.004761
off,4287655,0.000244,-0.014526,1.002686
off,4287675,0.000488,-0.011841,1.002686
off,4287695,-0.001465,-0.013184,1.002930
off,4287715,-0.000488,-0.015747,1.002563
off,4287735,0.001343,-0.015991,1.003784
off,4287755,0.000366,-0.015625,1.003052
off,4287775,0.000000,-0.013550,1.003784
off,4287795,-0.000122,-0.013062,1.003662
off,4287815,0.000000,-0.015015,1.003540
off,4287835,0.001099,-0.015015,1.003906
off,4287855,0.000977,-0.015869,1.002563
off,4287875,-0.000244,-0.013550,1.002686
off,4287895,-0.000488,-0.012939,1.004272
off,4287915,0.001099,-0.014771,1.003540
off,4287935,0.001221,-0.015015,1.002930
off,4287955,0.000610,-0.016479,1.003418
off,4287975,-0.000122,-0.014404,1.004150
off,4287995,0.000244,-0.013062,1.003174
off,4288015,0.000732,-0.013184,1.004028
off,4288035,0.000244,-0.014160,1.003418
off,4288055,0.000244,-0.015259,1.003662
off,4288075,0.000000,-0.015137,1.003174
off,4288095,-0.000488,-0.013184,1.003296
off,4288115,0.000000,-0.014038,1.003784
off,4288135,0.000366,-0.013916,1.003784
off,4288155,0.000122,-0.016357,1.003662
off,4288175,0.000977,-0.015625,1.003052
off,4288195,0.000000,-0.014160,1.003174
off,4288215,0.000122,-0.013306,1.003784
off,4288235,0.000122,-0.014160,1.003906
off,4288255,0.000366,-0.015259,1.004395
off,4288275,0.000977,-0.016113,1.004150
off,4288295,0.000366,-0.013916,1.004150
off,4288315,0.000366,-0.014526,1.003418
off,4288335,0.000366,-0.013916,1.003418
off,4288355,0.000977,-0.015137,1.003906
off,4288375,0.000366,-0.016113,1.003906
off,4288395,0.000244,-0.015137,1.004761
off,4288415,0.000000,-0.013916,1.003784
off,4288435,-0.000122,-0.012939,1.003296
off,4288455,-0.059204,-0.031372,0.782227
off,4288475,0.058350,-0.070190,0.805054
off,4288495,0.010498,-0.033569,0.932251
off,4288515,0.012573,-0.039063,0.998291
off,4288535,0.003906,-0.014771,0.952271
off,4288555,0.010864,-0.024414,0.976929
off,4288575,0.003052,-0.022095,0.998047
off,4288595,0.010132,-0.024902,0.999390
off,4288615,0.009766,-0.021118,1.014771
off,4288635,-0.000610,-0.010742,1.012573
off,4288655,-0.005127,-0.008057,1.007202
off,4288675,-0.003418,-0.010986,1.008301
off,4288695,0.005371,-0.019897,1.000366
off,4288715,0.004883,-0.020142,1.003784
off,4288735,-0.000854,-0.015015,1.001587
off,4288755,-0.001587,-0.010864,1.005737
off,4288775,-0.001343,-0.008545,1.003906
off,4288795,0.000366,-0.014404,1.003540
off,4288815,0.001953,-0.021240,1.003052
off,4288835,0.000244,-0.019287,1.003662
off,4288855,-0.000122,-0.014648,1.004150
off,4288875,0.000366,-0.009521,1.003662
off,4288895,0.000000,-0.009888,1.004272
off,4288915,0.000610,-0.016968,1.004272
off,4288935,0.000977,-0.019531,1.004272
off,4288955,0.001099,-0.016724,1.005127
off,4288975,0.000000,-0.012207,1.002930
off,4288995,-0.000122,-0.009888,1.004028
off,4289015,-0.000122,-0.014038,1.002808
off,4289035,0.000610,-0.017578,1.002808
off,4289055,0.001831,-0.017822,1.004639
off,4289075,0.000610,-0.015625,1.003052
off,4289095,0.000122,-0.010986,1.004395
off,4289115,0.000000,-0.010986,1.004517
off,4289135,0.000854,-0.015991,1.003540
off,4289155,0.109741,-0.032959,1.335571
off,4289175,0.056030,-0.046631,0.972534
off,4289195,0.028809,-0.038208,0.904907
off,4289215,-0.014526,-0.010742,1.011597
off,4289235,0.010620,-0.019043,0.995972
off,4289255,0.014282,-0.026001,1.009399
off,4289275,-0.000854,-0.013794,1.024170
off,4289295,0.001831,-0.017456,0.996826
off,4289315,-0.001587,-0.012695,1.001587
off,4289335,-0.001099,-0.010010,0.999634
off,4289355,0.001099,-0.014648,0.998413
off,4289375,0.001343,-0.016846,1.008423
off,4289395,0.000977,-0.017456,1.008911
off,4289415,0.000122,-0.016113,1.009155
off,4289435,0.000000,-0.012573,1.000977
off,4289455,0.000732,-0.013306,1.003784
off,4289475,0.000488,-0.015625,1.000732
off,4289495,0.000244,-0.018188,1.002441
off,4289515,0.000610,-0.016724,1.002808
off,4289535,0.000244,-0.012817,1.003418
off,4289555,0.000000,-0.013062,1.003906
off,4289575,0.000610,-0.013550,1.005005
off,4289595,0.001831,-0.017700,1.004150
off,4289615,0.000610,-0.016235,1.004395
off,4289635,-0.000122,-0.014282,1.005005
off,4289655,0.000000,-0.012817,1.005127
off,4289675,0.000732,-0.013672,1.003662
off,4289695,0.001221,-0.015503,1.003906
off,4289715,0.001221,-0.016357,1.003784
off,4289735,0.000366,-0.014648,1.003540
off,4289755,0.000488,-0.014404,1.003296
off,4289775,0.000610,-0.014160,1.003784
off,4289795,0.000488,-0.015015,1.003906
off,4289815,0.000977,-0.016357,1.002686
off,4289835,0.001343,-0.015869,1.002930
off,4289855,0.000366,-0.014160,1.003052
off,4289875,0.000000,-0.013062,1.003784
off,4289895,0.000610,-0.013794,1.004517
off,4289915,0.001709,-0.016357,1.002808
off,4289935,0.000610,-0.016846,1.003906
off,4289955,0.000488,-0.015137,1.004028
off,4289975,0.000244,-0.014404,1.003662
off,4289995,0.000488,-0.014160,1.004639
off,4290015,0.000488,-0.015381,1.004517
off,4290035,0.000977,-0.016113,1.003296
off,4290055,0.000610,-0.015381,1.003418
off,4290075,0.000488,-0.014038,1.003296
off,4290095,0.000244,-0.013306,1.004517
off,4290115,0.000732,-0.015137,1.004639
off,4290135,0.001465,-0.015015,1.004150
off,4290155,0.000366,-0.015869,1.004150
off,4290175,0.001099,-0.013916,1.004028
off,4290195,0.000122,-0.014160,1.004639
off,4290215,0.000977,-0.015015,1.003174
off,4290235,0.000366,-0.015747,1.005127
off,4290255,0.000610,-0.016113,1.003784
off,4290275,0.000732,-0.015259,1.003906
off,4290295,0.000122,-0.013794,1.004028
off,4290315,0.000732,-0.014160,1.003418
off,4290335,0.001099,-0.015015,1.004028
off,4290355,0.000366,-0.015503,1.004028
off,4290375,0.001099,-0.015259,1.004272
off,4290395,0.000488,-0.014038,1.004272
off,4290415,0.000610,-0.013794,1.003540
off,4290435,0.000488,-0.014160,1.004761
off,4290455,0.000854,-0.015015,1.004395
off,4290475,0.001099,-0.015259,1.004272
off,4290495,0.000854,-0.014648,1.004761
off,4290515,0.001587,-0.014526,1.004272
off,4290535,0.002930,-0.012329,0.998657
off,4290555,-0.000488,-0.011108,1.010010
off,4290575,0.023926,-0.055176,1.043091
off,4290595,-0.059204,0.011841,1.030151
off,4290615,0.018066,-0.037354,0.968994
off,4290635,-0.020508,0.003784,1.019897
off,4290655,0.001465,-0.015747,0.996338
off,4290675,-0.007690,-0.005127,1.007568
off,4290695,0.009888,-0.014038,1.018921
off,4290715,0.005371,-0.011475,1.024048
off,4290735,0.009033,-0.023193,0.993652
off,4290755,0.001221,-0.020874,1.003052
off,4290775,-0.001587,-0.012207,1.000122
off,4290795,-0.001221,-0.008911,1.007568
off,4290815,0.002075,-0.012329,1.004517
off,4290835,0.003296,-0.016968,1.005615
off,4290855,0.003174,-0.021240,1.002197
off,4290875,-0.000122,-0.016968,1.005493
off,4290895,-0.000732,-0.011475,1.003662
off,4290915,-0.000854,-0.009155,1.005005
off,4290935,0.000244,-0.011108,1.004395
off,4290955,0.003540,-0.018677,1.003906
off,4290975,0.002075,-0.020630,1.003052
off,4290995,0.001343,-0.015991,1.004639
off,4291015,0.000244,-0.011108,1.003784
off,4291035,0.000244,-0.010986,1.004639
off,4291055,0.000122,-0.014526,1.003784
off,4291075,0.001099,-0.019287,1.003784
off,4291095,0.001709,-0.018066,1.003052
off,4291115,0.001587,-0.015015,1.004150
off,4291135,0.000610,-0.011353,1.004272
off,4291155,-0.000122,-0.011963,1.003906
off,4291175,0.001099,-0.017090,1.003174
off,4291195,0.001221,-0.017944,1.003662
off,4291215,0.001221,-0.016602,1.002686
off,4291235,0.000488,-0.013306,1.003418
off,4291255,0.000122,-0.012817,1.003296
off,4291275,0.000122,-0.014526,1.003662
off,4291295,0.001221,-0.016602,1.003418
off,4291315,0.001831,-0.016479,1.004028
off,4291335,0.001099,-0.015747,1.004395
off,4291355,0.000000,-0.012451,1.003540
off,4291375,0.000122,-0.013184,1.003906
off,4291395,0.000366,-0.016357,1.002930
off,4291415,0.000732,-0.017578,1.004272
off,4291435,0.001709,-0.016357,1.004028
off,4291455,-0.000122,-0.013184,1.002930
off,4291475,0.000122,-0.013062,1.002441
off,4291495,0.000610,-0.013794,1.003052
off,4291515,0.001465,-0.016235,1.004028
off,4291535,0.000488,-0.017212,1.003418
off,4291555,0.000732,-0.014893,1.003174
off,4291575,0.000122,-0.012939,1.003906
off,4291595,0.000244,-0.014160,1.003906
off,4291615,0.000854,-0.015625,1.002808
off,4291635,0.000977,-0.017090,1.005493
off,4291655,0.000366,-0.015991,1.002686
off,4291675,0.000366,-0.013794,1.003784
off,4291695,0.000488,-0.013428,1.002563
off,4291715,0.000610,-0.014526,1.003174
off,4291735,0.001099,-0.015503,1.003662
off,4291755,0.001343,-0.016479,1.003174
off,4291775,0.000488,-0.014648,1.004639
off,4291795,0.000732,-0.012451,1.004517
off,4291815,0.000488,-0.014404,1.002197
off,4291835,0.001343,-0.015747,1.004395
off,4291855,0.000488,-0.016846,1.004150
off,4291875,0.000122,-0.014771,1.003784
off,4291895,0.001343,-0.014404,1.004639
off,4291915,0.000610,-0.013428,1.004517
off,4291935,0.001099,-0.015381,1.004272
off,4291955,0.001099,-0.015625,1.003296
off,4291975,0.001709,-0.016724,1.003906
off,4291995,0.000244,-0.014160,1.004150
off,4292015,0.000244,-0.014648,1.002441
off,4292035,0.000244,-0.015259,1.004150
off,4292055,0.000610,-0.015503,1.003296
off,4292075,0.001343,-0.015869,1.003906
off,4292095,0.001343,-0.014771,1.004395
off,4292115,0.001343,-0.014404,1.004150
off,4292135,0.000488,-0.013062,1.003540
off,4292155,0.000244,-0.014771,1.003418
off,4292175,0.000732,-0.015625,1.003540
off,4292195,0.000854,-0.014893,1.003784
off,4292215,0.000732,-0.014893,1.004028
off,4292235,0.000244,-0.013672,1.003662
off,4292255,0.000244,-0.014771,1.003662
off,4292275,0.000854,-0.014893,1.004150
off,4292295,0.000488,-0.015259,1.004028
off,4292315,0.001343,-0.014893,1.003784
off,4292335,0.000732,-0.014771,1.004517
off,4292355,0.000732,-0.014526,1.003906
off,4292375,0.000977,-0.014893,1.004028
off,4292395,0.001099,-0.016357,1.003052
off,4292415,0.000488,-0.015503,1.004272
off,4292435,0.000610,-0.014893,1.003418
off,4292455,0.000732,-0.013794,1.004639
off,4292475,0.000977,-0.015259,1.004395
off,4292495,0.000366,-0.015137,1.003662
off,4292515,0.001221,-0.015381,1.003784
off,4292535,0.000488,-0.014648,1.004272
off,4292555,0.000854,-0.014771,1.003662
off,4292575,-0.000122,-0.015137,1.004028
off,4292595,0.000244,-0.015137,1.004028
off,4292615,0.001099,-0.015747,1.004272
off,4292635,0.000488,-0.015259,1.003906
off,4292655,0.000977,-0.014648,1.003540
off,4292675,0.000244,-0.015015,1.002808
off,4292695,0.000366,-0.015625,1.004272
off,4292715,0.000244,-0.015747,1.004150
off,4292735,0.000854,-0.015381,1.002686
off,4292755,0.000488,-0.014160,1.004272
off,4292775,0.000244,-0.014648,1.004028
off,4292795,0.001099,-0.014648,1.003418
off,4292815,0.000488,-0.014404,1.004150
off,4292835,0.000610,-0.015381,1.004639
off,4292855,0.000366,-0.015137,1.003784
off,4292875,0.000244,-0.013916,1.002686
off,4292895,0.000366,-0.015259,1.004517
off,4292915,0.000732,-0.015015,1.003296
off,4292935,0.000488,-0.014526,1.004395
off,4292955,0.000977,-0.015259,1.003906
off,4292975,0.000366,-0.014771,1.004272
off,4292995,0.000366,-0.014771,1.003296
off,4293015,0.000366,-0.014160,1.003052
off,4293035,0.000488,-0.015381,1.003540
off,4293055,0.000854,-0.015625,1.002686
off,4293075,0.001221,-0.015015,1.004150
off,4293095,0.000244,-0.014282,1.004761
off,4293115,0.000977,-0.015137,1.005127
off,4293135,0.000122,-0.015381,1.003662
off,4293155,0.000488,-0.015381,1.003540
off,4293175,0.000366,-0.015259,1.004150
off,4293195,0.000854,-0.014160,1.003540
off,4293215,0.000854,-0.015137,1.003906
off,4293235,0.001465,-0.014404,1.003052
off,4293255,0.001099,-0.015625,1.004395
off,4293275,0.000610,-0.015137,1.004395
off,4293295,0.001709,-0.015259,1.003296
off,4293315,0.000122,-0.015503,1.004761
off,4293335,0.000854,-0.014771,1.004028
off,4293355,0.000732,-0.014893,1.003662
off,4293375,0.000732,-0.015137,1.003906
off,4293395,0.001099,-0.015747,1.003540
off,4293415,0.000610,-0.014771,1.003296
off,4293435,0.000854,-0.015137,1.004028
off,4293455,0.001099,-0.014404,1.004150
off,4293475,0.001587,-0.015381,1.004150
off,4293495,0.001221,-0.015747,1.003418
off,4293515,0.001221,-0.015015,1.002686
off,4293535,0.000366,-0.014526,1.003662
off,4293555,0.000122,-0.014771,1.003418
off,4293575,0.001587,-0.015259,1.004272
off,4293595,0.000488,-0.014893,1.003296
off,4293615,0.000977,-0.014648,1.003296
off,4293635,0.000854,-0.014648,1.002441
off,4293655,0.000244,-0.014893,1.003906
off,4293675,0.000977,-0.014648,1.003540
off,4293695,0.000244,-0.014771,1.003662
off,4293715,0.000610,-0.015015,1.004028
off,4293735,0.000244,-0.014160,1.003540
off,4293755,0.000488,-0.013794,1.003540
off,4293775,0.000854,-0.015625,1.003174
off,4293795,0.000366,-0.014404,1.004150
off,4293815,0.001709,-0.015625,1.004028
off,4293835,0.000244,-0.014771,1.002930
off,4293855,0.000854,-0.015259,1.003540
off,4293875,0.000488,-0.014893,1.003174
off,4293895,0.000366,-0.015137,1.003662
off,4293915,0.000977,-0.014404,1.004517
off,4293935,0.000488,-0.014526,1.004028
off,4293955,0.000854,-0.014771,1.004517
off,4293975,0.000977,-0.015747,1.003662
off,4293995,0.000732,-0.015137,1.003540
off,4294015,0.000488,-0.014893,1.003418
off,4294035,0.000244,-0.014893,1.004517
off,4294055,0.000732,-0.014648,1.004028
off,4294075,0.000732,-0.015137,1.002686
off,4294095,0.000000,-0.014648,1.004150
off,4294115,0.000244,-0.015259,1.003784
off,4294135,0.000610,-0.015137,1.004272
off,4294155,0.000488,-0.014893,1.004639
off,4294175,0.001099,-0.015869,1.004028
off,4294195,0.000244,-0.015137,1.003784
off,4294215,0.000854,-0.015259,1.003784
off,4294235,0.000854,-0.014648,1.004150
off,4294255,0.000488,-0.015503,1.002563
off,4294275,0.000732,-0.015381,1.003906
off,4294295,0.000732,-0.015259,1.003052
off,4294315,0.000488,-0.014771,1.003662
off,4294335,0.000488,-0.015015,1.004639
off,4294355,0.000122,-0.015869,1.003784
off,4294375,0.000610,-0.015259,1.004517
off,4294395,0.000977,-0.014893,1.003784
off,4294415,0.001099,-0.015503,1.003174
off,4294435,0.000122,-0.015015,1.003906
off,4294455,0.000854,-0.014526,1.004028
off,4294475,0.000732,-0.014648,1.004150
off,4294495,0.000977,-0.015015,1.003174
off,4294515,0.000610,-0.014526,1.004150
off,4294535,0.000732,-0.014404,1.003540
off,4294555,0.000610,-0.014771,1.003174
off,4294575,0.000122,-0.014893,1.004395
off,4294595,0.000732,-0.015259,1.005005
off,4294615,0.000366,-0.014526,1.003906
off,4294635,0.000000,-0.015137,1.004272
off,4294655,0.000977,-0.014893,1.003784
off,4294675,0.000610,-0.014893,1.004761
off,4294695,0.000732,-0.015015,1.004150
off,4294715,0.000244,-0.014282,1.004761
off,4294735,0.000854,-0.015503,1.004395
off,4294755,0.000244,-0.014893,1.004517
off,4294775,0.000488,-0.015015,1.004272
off,4294795,0.000488,-0.014526,1.003906
off,4294815,0.000854,-0.014282,1.004150
off,4294835,0.000854,-0.014771,1.004150
off,4294855,0.000122,-0.014771,1.004150
off,4294875,0.000732,-0.015625,1.003418
off,4294895,0.000488,-0.015381,1.004639
off,4294915,0.000610,-0.015015,1.003906
off,4294935,0.000244,-0.015137,1.004761
off,4294955,0.001221,-0.015137,1.004150
off,4294975,0.000610,-0.014893,1.003662
off,4294995,0.000732,-0.015015,1.004639
off,4295015,0.000854,-0.015015,1.004395
off,4295035,0.000244,-0.015381,1.003906
off,4295055,0.001343,-0.014648,1.004150
off,4295075,0.000732,-0.015381,1.004028
off,4295095,0.000488,-0.014160,1.003296
off,4295115,0.000610,-0.014526,1.003662
off,4295135,0.000244,-0.015137,1.004761
off,4295155,0.000122,-0.015381,1.003662
off,4295175,0.000366,-0.015015,1.003296
off,4295195,0.000977,-0.014771,1.003906
off,4295215,0.000610,-0.014771,1.004639
off,4295235,0.000977,-0.015259,1.004395
off,4295255,0.001099,-0.015259,1.004028
off,4295275,0.000488,-0.015503,1.004150
off,4295295,0.000244,-0.014771,1.005005
off,4295315,0.000244,-0.015259,1.003784
off,4295335,0.000488,-0.015259,1.004028
off,4295355,0.000977,-0.014526,1.003296
off,4295375,0.000732,-0.015381,1.004272
off,4295395,0.001099,-0.015747,1.004150
off,4295415,0.000244,-0.015503,1.004395
off,4295435,0.000366,-0.015259,1.003662
off,4295455,0.001587,-0.015259,1.003906
off,4295475,0.000610,-0.015137,1.004761
off,4295495,0.000977,-0.015015,1.004639
off,4295515,0.001221,-0.015015,1.003906
off,4295535,0.000488,-0.014282,1.004395
off,4295555,0.000488,-0.014771,1.004395
off,4295575,0.001587,-0.014893,1.004517
off,4295595,0.000488,-0.014648,1.005493
off,4295615,0.000244,-0.014160,1.004517
off,4295635,0.000244,-0.015015,1.004395
off,4295655,0.000610,-0.015259,1.004150
off,4295675,0.000122,-0.015015,1.003662
off,4295695,0.000122,-0.015503,1.004639
off,4295715,0.000732,-0.015259,1.004028
off,4295735,0.001587,-0.014526,1.004150
off,4295755,0.000366,-0.015259,1.003784
off,4295775,0.000366,-0.014404,1.004028
off,4295795,0.000244,-0.015381,1.004395
off,4295815,0.000488,-0.014160,1.004028
off,4295835,0.000366,-0.015259,1.003906
off,4295855,0.001221,-0.015381,1.004761
off,4295875,0.000854,-0.014160,1.004517
off,4295895,0.000488,-0.015381,1.003174
off,4295915,0.000732,-0.015259,1.005249
off,4295935,0.000122,-0.015137,1.004150
off,4295955,0.000610,-0.014648,1.004028
off,4295975,0.000854,-0.015015,1.004150
off,4295995,0.000244,-0.015259,1.004028
off,4296015,0.001343,-0.014771,1.004150
off,4296035,0.000244,-0.015259,1.004761
off,4296055,0.000610,-0.015259,1.004761
off,4296075,0.000488,-0.014893,1.004883
off,4296095,0.001099,-0.015137,1.004028
off,4296115,0.001465,-0.015625,1.003174
off,4296135,0.000732,-0.015137,1.004761
off,4296155,0.001221,-0.015503,1.004272
off,4296175,0.000977,-0.015015,1.004150
off,4296195,0.000488,-0.015015,1.004517
off,4296215,0.001953,-0.015381,1.004028
off,4296235,0.000854,-0.014893,1.004395
off,4296255,0.000610,-0.015137,1.003784
off,4296275,0.001221,-0.015137,1.004028
off,4296295,0.000732,-0.015015,1.002441
off,4296315,0.000610,-0.014648,1.004639
off,4296335,0.000610,-0.015747,1.005005
off,4296355,0.000244,-0.015137,1.003540
off,4296375,0.001099,-0.015503,1.004028
off,4296395,0.000732,-0.015503,1.003784
off,4296415,0.000122,-0.015747,1.003296
off,4296435,0.000732,-0.015381,1.003540
off,4296455,0.000366,-0.015259,1.004761
off,4296475,0.000977,-0.014282,1.003784
off,4296495,0.001221,-0.015381,1.004517
off,4296515,0.000732,-0.014771,1.003540
off,4296535,0.001221,-0.015747,1.003540
off,4296555,0.000977,-0.015625,1.003418
off,4296575,0.001221,-0.015381,1.003540
off,4296595,0.000244,-0.014771,1.003052
off,4296615,0.000488,-0.015137,1.004639
off,4296635,0.000977,-0.015015,1.004395
off,4296655,0.000854,-0.014648,1.003906
off,4296675,-0.000244,-0.015381,1.003540
off,4296695,0.000366,-0.014893,1.003906
off,4296715,0.000366,-0.015625,1.004150
off,4296735,0.000854,-0.015137,1.004150
off,4296755,0.000732,-0.015381,1.003662
off,4296775,0.000732,-0.014771,1.003540
off,4296795,0.000244,-0.015259,1.004272
off,4296815,0.000122,-0.015625,1.004517
off,4296835,0.000488,-0.015381,1.003540
off,4296855,0.000977,-0.015015,1.003906
off,4296875,0.000244,-0.015381,1.005005
off,4296895,0.001221,-0.015015,1.004639
off,4296915,0.000488,-0.015259,1.004639
off,4296935,0.001099,-0.014648,1.004639
off,4296955,0.000977,-0.014038,1.003174
off,4296975,0.000488,-0.015137,1.004639
off,4296995,0.000366,-0.014648,1.003296
off,4297015,0.000854,-0.015625,1.004272
off,4297035,0.000854,-0.015137,1.004395
off,4297055,0.000854,-0.015503,1.004272
off,4297075,0.000244,-0.015259,1.003662
off,4297095,0.001099,-0.014648,1.004028
off,4297115,0.000732,-0.014648,1.003052
off,4297135,0.000366,-0.015503,1.002930
off,4297155,0.000854,-0.015503,1.004761
off,4297175,0.000610,-0.015015,1.004150
off,4297195,0.000732,-0.015015,1.004150
off,4297215,0.000488,-0.014160,1.003662
off,4297235,0.000244,-0.014771,1.003906
off,4297255,0.000244,-0.015015,1.003540
off,4297275,0.000977,-0.015015,1.003784
off,4297295,0.000977,-0.015015,1.003540
off,4297315,0.000610,-0.014404,1.003174
off,4297335,0.000610,-0.014648,1.004517
off,4297355,0.001099,-0.015259,1.003540
off,4297375,0.000977,-0.014893,1.002563
off,4297395,0.000854,-0.015381,1.003662
off,4297415,0.000488,-0.015503,1.004028
off,4297435,0.000244,-0.014526,1.003296
off,4297455,0.000977,-0.015259,1.004395
off,4297475,0.001343,-0.015259,1.003540
off,4297495,0.000854,-0.015015,1.003662
off,4297515,0.000244,-0.014648,1.003418
off,4297535,0.000366,-0.014771,1.003784
off,4297555,0.000366,-0.015259,1.003296
off,4297575,0.000488,-0.015625,1.003906
off,4297595,0.000977,-0.015503,1.003296
off,4297615,0.000122,-0.014648,1.002441
off,4297635,0.000854,-0.015381,1.004272
off,4297655,0.000244,-0.015381,1.003418
off,4297675,0.000610,-0.015503,1.004028
off,4297695,0.000732,-0.014526,1.003784
off,4297715,0.001343,-0.014893,1.003418
off,4297735,0.000244,-0.014893,1.003296
off,4297755,0.000366,-0.015137,1.003418
off,4297775,0.000854,-0.015137,1.003662
off,4297795,0.000977,-0.015259,1.004883
off,4297815,0.000488,-0.014648,1.003418
off,4297835,0.001221,-0.015259,1.004272
off,4297855,0.000366,-0.015137,1.004272
off,4297875,0.000732,-0.014648,1.003662
off,4297895,0.000854,-0.015015,1.003540
off,4297915,0.001465,-0.015015,1.003174
off,4297935,0.000488,-0.015381,1.004517
off,4297955,0.000366,-0.015991,1.004028
off,4297975,0.000732,-0.015259,1.004028
off,4297995,0.000732,-0.014771,1.003296
off,4298015,0.000488,-0.014893,1.004639
off,4298035,0.000610,-0.014648,1.005249
off,4298055,0.000732,-0.015015,1.003540
off,4298075,0.000366,-0.014648,1.004028
off,4298095,0.000854,-0.015381,1.003784
off,4298115,0.000732,-0.014771,1.003418
off,4298135,0.000610,-0.015503,1.003784
off,4298155,0.000977,-0.015381,1.003784
off,4298175,0.001465,-0.014648,1.004517
off,4298195,0.000366,-0.014648,1.003052
off,4298215,0.000977,-0.015381,1.003662
off,4298235,0.000366,-0.015137,1.003418
off,4298255,0.000610,-0.015137,1.002808
off,4298275,0.000488,-0.015259,1.004150
off,4298295,0.000977,-0.015015,1.002930
off,4298315,0.000610,-0.014282,1.003052
off,4298335,0.000854,-0.015503,1.003540
off,4298355,0.000854,-0.015137,1.003540
off,4298375,0.000732,-0.014648,1.003906
off,4298395,0.000732,-0.015259,1.003296
off,4298415,0.000854,-0.014648,1.003296
off,4298435,0.000732,-0.014282,1.004761
off,4298455,0.000732,-0.015747,1.003296
off,4298475,0.000854,-0.014893,1.003418
off,4298495,0.001221,-0.014893,1.004395
off,4298515,0.000366,-0.014771,1.002808
off,4298535,0.000732,-0.015503,1.002808
off,4298555,0.000732,-0.014526,1.004272
off,4298575,0.001099,-0.015259,1.004639
off,4298595,0.000854,-0.014893,1.003418
off,4298615,0.000488,-0.014893,1.003540
off,4298635,0.000244,-0.015259,1.003174
off,4298655,0.000977,-0.014648,1.003784
off,4298675,0.001465,-0.015259,1.002319
off,4298695,0.000610,-0.015259,1.004028
off,4298715,0.000488,-0.015259,1.002930
off,4298735,0.000854,-0.015015,1.004272
off,4298755,0.000244,-0.014404,1.003906
off,4298775,0.000854,-0.015137,1.003296
off,4298795,0.001343,-0.015137,1.003052
off,4298815,0.000488,-0.015137,1.004272
off,4298835,0.000122,-0.015015,1.002563
off,4298855,0.000732,-0.015259,1.003296
off,4298875,0.000732,-0.016235,1.003418
off,4298895,0.000732,-0.015381,1.004272
off,4298915,0.001099,-0.014893,1.002808
off,4298935,0.001099,-0.014160,1.004272
off,4298955,0.000610,-0.015625,1.004150
off,4298975,0.001221,-0.015381,1.004761
off,4298995,0.000977,-0.015015,1.003174
off,4299015,0.001099,-0.015381,1.003540
off,4299035,0.000488,-0.014648,1.003296
off,4299055,0.000854,-0.015137,1.004028
off,4299075,0.000610,-0.015381,1.004883
off,4299095,0.000122,-0.015137,1.002563
off,4299115,0.000244,-0.015259,1.004272
off,4299135,0.000488,-0.014648,1.003784
off,4299155,0.000488,-0.015015,1.003906
off,4299175,0.000854,-0.015259,1.003296
off,4299195,0.000244,-0.014893,1.003784
off,4299215,0.000610,-0.014526,1.004272
off,4299235,0.001221,-0.014648,1.003296
off,4299255,0.000854,-0.014893,1.003418
off,4299275,0.000977,-0.015747,1.004028
off,4299295,0.000977,-0.014404,1.002930
off,4299315,0.000366,-0.014893,1.003540
off,4299335,0.000366,-0.015137,1.004150
off,4299355,0.001343,-0.015869,1.003906
off,4299375,0.000854,-0.015015,1.004639
off,4299395,0.000610,-0.014282,1.003662
off,4299415,0.000732,-0.015503,1.004150
off,4299435,0.000977,-0.014771,1.004150
off,4299455,0.001221,-0.014771,1.003296
off,4299475,0.000732,-0.015015,1.003784
off,4299495,0.000244,-0.015259,1.003662
off,4299515,0.000366,-0.015381,1.004150
off,4299535,0.000610,-0.015503,1.003418
off,4299555,0.000977,-0.014893,1.003296
off,4299575,0.000366,-0.014160,1.003540
off,4299595,0.000122,-0.014893,1.003540
off,4299615,0.001709,-0.014893,1.003540
off,4299635,0.001221,-0.015015,1.004272
off,4299655,0.000122,-0.014771,1.003906
off,4299675,0.000732,-0.015137,1.003662
off,4299695,0.000977,-0.015503,1.002808
off,4299715,0.000366,-0.015381,1.003296
off,4299735,0.000488,-0.014893,1.002808
off,4299755,0.000854,-0.014648,1.004639
off,4299775,0.000366,-0.015381,1.003784
off,4299795,0.000366,-0.015625,1.003662
off,4299815,0.000366,-0.015503,1.003784
off,4299835,0.001099,-0.014893,1.005371
off,4299855,0.000854,-0.015381,1.006592
off,4299875,0.000732,-0.014771,1.001587
off,4299895,0.000732,-0.015259,1.003662
off,4299915,0.001221,-0.015503,1.002319
off,4299935,0.000488,-0.015137,1.004028
off,4299955,0.000854,-0.015015,1.003174
off,4299975,0.000610,-0.015869,1.004517
off,4299995,0.000610,-0.016113,1.002808
off,4300015,0.000366,-0.014893,1.003662
off,4300035,0.000610,-0.014526,1.003052
off,4300055,0.000977,-0.015137,1.004028
off,4300075,0.000732,-0.015015,1.002808
off,4300095,0.000122,-0.015015,1.003540
off,4300115,0.001099,-0.014160,1.004028
off,4300135,-0.000122,-0.015137,1.004272
off,4300155,0.000854,-0.014771,1.003906
off,4300175,0.001221,-0.015503,1.002930
off,4300195,0.000244,-0.014771,1.004150
off,4300215,0.000854,-0.015747,1.003540
off,4300235,0.001465,-0.015259,1.003540
off,4300255,0.000610,-0.015381,1.005127
off,4300275,0.000610,-0.014771,1.004395
off,4300295,0.000732,-0.015259,1.003662
off,4300315,0.000488,-0.015381,1.004395
off,4300335,0.000732,-0.015015,1.002930
off,4300355,0.000244,-0.014648,1.003662
off,4300375,0.000488,-0.014771,1.002686
off,4300395,0.000244,-0.014160,1.003418
off,4300415,0.001343,-0.015381,1.002930
off,4300435,0.000610,-0.014648,1.003052
off,4300455,0.000366,-0.015137,1.003784
off,4300475,0.001221,-0.014648,1.003052
off,4300495,0.000610,-0.014893,1.003296
off,4300515,0.000488,-0.015503,1.004395
off,4300535,0.000366,-0.014893,1.003296
off,4300555,0.000854,-0.014526,1.004028
off,4300575,0.000244,-0.015381,1.003662
off,4300595,0.000977,-0.015381,1.003784
off,4300615,0.000977,-0.014404,1.003052
off,4300635,0.000488,-0.014771,1.002808
off,4300655,0.000488,-0.014893,1.002930
off,4300675,0.000732,-0.014771,1.003418
off,4300695,0.000610,-0.015625,1.004028
off,4300715,0.000610,-0.014771,1.003174
off,4300735,0.001465,-0.015137,1.003174
off,4300755,0.000488,-0.016235,1.003418
off,4300775,0.000854,-0.014648,1.003418
off,4300795,0.000244,-0.014648,1.003174
off,4300815,0.000732,-0.014404,1.004517
off,4300835,0.000732,-0.014404,1.003418
off,4300855,0.000000,-0.015259,1.003296
off,4300875,0.000366,-0.015625,1.004272
off,4300895,0.000610,-0.015137,1.002563
off,4300915,0.000244,-0.014771,1.002930
off,4300935,0.001343,-0.014404,1.003784
off,4300955,0.000854,-0.015503,1.003052
off,4300975,0.000610,-0.015381,1.002808
off,4300995,0.001343,-0.015015,1.003906
off,4301015,0.000122,-0.015503,1.003540
off,4301035,0.000122,-0.014893,1.002808
off,4301055,0.001831,-0.014526,1.003784
off,4301075,0.000977,-0.015137,1.001953
off,4301095,0.001099,-0.015137,1.003052
off,4301115,0.000244,-0.014771,1.002319
off,4301135,0.000977,-0.015259,1.002930
off,4301155,0.000732,-0.014038,1.003296
off,4301175,0.000977,-0.015381,1.003906
off,4301195,0.001099,-0.014282,1.002930
off,4301215,0.000977,-0.014282,1.003174
off,4301235,0.000610,-0.015137,1.003784
off,4301255,0.000488,-0.015015,1.002808
off,4301275,0.000610,-0.015625,1.003174
off,4301295,0.000610,-0.014893,1.003296
off,4301315,0.000732,-0.014771,1.003540
off,4301335,0.001343,-0.015381,1.004517
off,4301355,0.001343,-0.014771,1.004028
off,4301375,0.000244,-0.014526,1.003174
off,4301395,0.000488,-0.015503,1.003906
off,4301415,0.000122,-0.014526,1.003296
off,4301435,0.001221,-0.014526,1.002808
off,4301455,0.001465,-0.015991,1.004272
off,4301475,0.000854,-0.015015,1.003784
off,4301495,0.000488,-0.015137,1.004150
off,4301515,0.000488,-0.015381,1.003418
off,4301535,0.001099,-0.014648,1.003784
off,4301555,0.000854,-0.015137,1.004028
off,4301575,0.000244,-0.015015,1.003662
off,4301595,0.001343,-0.014771,1.003906
off,4301615,0.000244,-0.015503,1.003418
off,4301635,0.001587,-0.014648,1.003662
off,4301655,0.000244,-0.015259,1.002197
off,4301675,0.000244,-0.014893,1.002686
off,4301695,0.001099,-0.014893,1.003418
off,4301715,0.000488,-0.014648,1.004272
off,4301735,0.000610,-0.015259,1.004517
off,4301755,0.000854,-0.014893,1.003296
off,4301775,0.000488,-0.014526,1.003906
off,4301795,0.001221,-0.014771,1.003784
off,4301815,0.000732,-0.015137,1.003662
off,4301835,0.000488,-0.015381,1.004761
off,4301855,0.001099,-0.015137,1.004028
off,4301875,0.001099,-0.014648,1.003174
off,4301895,0.000854,-0.014893,1.004150
off,4301915,0.000122,-0.015503,1.003540
off,4301935,0.000977,-0.014893,1.003052
off,4301955,0.000732,-0.016113,1.004761
off,4301975,0.000488,-0.014893,1.003906
off,4301995,0.001099,-0.015869,1.004150
off,4302015,0.000977,-0.014526,1.003662
off,4302035,0.000366,-0.015259,1.003052
off,4302055,0.000488,-0.014893,1.004761
off,4302075,0.000366,-0.014771,1.003540
off,4302095,0.000732,-0.015015,1.003784
off,4302115,0.000488,-0.015625,1.003296
off,4302135,0.000610,-0.015259,1.004028
off,4302155,0.000610,-0.014771,1.004272
off,4302175,0.000244,-0.015625,1.004272
off,4302195,0.000610,-0.015991,1.004028
off,4302215,0.000488,-0.014771,1.004272
off,4302235,0.001343,-0.014771,1.004150
off,4302255,0.000977,-0.014893,1.004272
off,4302275,0.000854,-0.015259,1.003784
off,4302295,0.001343,-0.015015,1.003784
off,4302315,0.000122,-0.015015,1.002930
off,4302335,0.000610,-0.014282,1.004150
off,4302355,0.000366,-0.015015,1.004150
off,4302375,0.000366,-0.015869,1.004150
off,4302395,0.000122,-0.015015,1.005127
off,4302415,0.000977,-0.015015,1.004150
off,4302435,0.000244,-0.014893,1.004883
off,4302455,0.001221,-0.014771,1.004883
off,4302475,0.000122,-0.015625,1.003296
off,4302495,0.001099,-0.015259,1.003784
off,4302515,0.000488,-0.015015,1.003784
off,4302535,0.001465,-0.015869,1.004028
off,4302555,0.000610,-0.015503,1.004395
off,4302575,0.000122,-0.015259,1.004028
off,4302595,0.000854,-0.015015,1.004517
off,4302615,0.000244,-0.015503,1.003418
off,4302635,0.000732,-0.015137,1.003662
off,4302655,0.000488,-0.015137,1.003418
off,4302675,0.000610,-0.015137,1.003662
off,4302695,0.000488,-0.014771,1.004517
off,4302715,0.000732,-0.014771,1.003784
off,4302735,0.000854,-0.014648,1.003906
off,4302755,0.000122,-0.015503,1.003296
off,4302775,0.000122,-0.015747,1.002319
off,4302795,0.000366,-0.015259,1.004395
off,4302815,0.000610,-0.015259,1.003784
off,4302835,0.000488,-0.015625,1.003174
off,4302855,0.001099,-0.014526,1.004028
off,4302875,0.001221,-0.014771,1.003052
off,4302895,0.000244,-0.013916,1.002197
off,4302915,0.000854,-0.014526,1.003906
off,4302935,0.000732,-0.014893,1.003052
off,4302955,0.000610,-0.015137,1.004517
off,4302975,0.000977,-0.014893,1.004517
off,4302995,0.000366,-0.014038,1.003174
off,4303015,0.000854,-0.015747,1.002930
off,4303035,0.000977,-0.015503,1.003540
off,4303055,0.000732,-0.015381,1.003418
off,4303075,0.000977,-0.014771,1.004395
off,4303095,0.000488,-0.015381,1.004395
off,4303115,0.000977,-0.015503,1.003540
off,4303135,0.000122,-0.015747,1.003418
off,4303155,0.000000,-0.014771,1.003784
off,4303175,0.000610,-0.015991,1.003418
off,4303195,0.000366,-0.014648,1.004272
off,4303215,0.001099,-0.014771,1.004395
off,4303235,0.001099,-0.015137,1.004639
off,4303255,0.000610,-0.014893,1.003906
off,4303275,0.000977,-0.014771,1.004395
off,4303295,0.000366,-0.014893,1.004517
off,4303315,0.000366,-0.015625,1.003906
off,4303335,0.000488,-0.014160,1.003540
off,4303355,0.000732,-0.015137,1.004150
off,4303375,0.000610,-0.014771,1.004517
off,4303395,0.001099,-0.015137,1.003540
off,4303415,0.000732,-0.015137,1.003784
off,4303435,0.000854,-0.016357,1.002808
off,4303455,0.001465,-0.015015,1.004639
off,4303475,-0.000244,-0.014526,1.004639
off,4303495,0.000122,-0.015137,1.004150
off,4303515,0.000244,-0.014771,1.005127
off,4303535,0.001465,-0.014404,1.003662
off,4303555,0.000122,-0.014526,1.002197
off,4303575,0.000610,-0.014038,1.003906
off,4303595,0.001221,-0.015137,1.007935
off,4303615,0.000854,-0.015747,1.007690
off,4303635,0.000366,-0.015747,1.003296
off,4303655,0.000366,-0.015381,1.005127
off,4303675,0.000000,-0.014771,1.000854
off,4303695,0.000488,-0.015381,1.001831
off,4303715,0.000366,-0.014526,1.004150
off,4303735,0.000732,-0.015015,1.004272
off,4303755,0.000366,-0.014893,1.005127
off,4303775,0.000610,-0.015381,1.003784
off,4303795,0.000488,-0.015503,1.004150
off,4303815,0.000732,-0.014771,1.004395
off,4303835,0.000854,-0.015137,1.003784
off,4303855,0.000977,-0.014771,1.005127
off,4303875,0.000244,-0.015015,1.004028
off,4303895,0.001221,-0.014038,1.004028
off,4303915,0.000732,-0.015015,1.003784
off,4303935,0.000488,-0.015381,1.003662
off,4303955,0.001343,-0.015991,1.004272
off,4303975,0.000488,-0.014648,1.004028
off,4303995,0.000122,-0.015869,1.004639
off,4304015,0.000977,-0.015015,1.004150
off,4304035,0.000244,-0.015137,1.004761
off,4304055,0.000610,-0.014648,1.003174
off,4304075,0.000366,-0.014771,1.003906
off,4304095,0.001343,-0.015381,1.004639
off,4304115,0.000732,-0.014404,1.004028
off,4304135,0.000122,-0.014648,1.003174
off,4304155,0.006836,-0.024414,1.006836
off,4304175,-0.038330,-0.067383,1.059204
off,4304195,0.171875,-0.105835,1.079224
off,4304215,-0.069702,-0.050049,1.072754
off,4304235,-0.023193,-0.022583,1.054810
off,4304255,-0.025269,-0.002075,0.977905
off,4304275,-0.004272,-0.011963,1.026733
off,4304295,0.007690,-0.037109,0.996582
off,4304315,-0.005981,-0.012207,1.023438
off,4304335,-0.006714,0.006348,1.046387
off,4304355,0.009644,-0.012207,0.990234
off,4304375,-0.004150,-0.015381,0.991943
off,4304395,-0.018188,-0.003540,1.017578
off,4304415,-0.001343,-0.010620,1.031372
off,4304435,0.012207,-0.027466,0.992798
off,4304455,-0.008057,-0.006226,1.006470
off,4304475,-0.003662,-0.006836,1.000366
off,4304495,0.005981,-0.017944,0.989868
off,4304515,0.008789,-0.017822,1.011475
off,4304535,0.011475,-0.037476,0.976196
off,4304555,0.001221,-0.018677,0.998901
off,4304575,-0.017944,-0.001831,1.016113
off,4304595,0.005371,-0.011963,0.998047
off,4304615,0.007446,-0.021973,0.998291
off,4304635,-0.019165,-0.010986,1.009399
off,4304655,0.025513,-0.055054,0.979614
off,4304675,-0.006714,-0.017334,0.995850
off,4304695,0.012695,-0.018555,0.994629
off,4304715,0.005005,-0.015259,1.004517
off,4304735,0.011230,-0.031128,1.027222
off,4304755,-0.011230,-0.031616,0.983276
off,4304775,-0.007568,-0.009033,1.001831
off,4304795,0.014648,-0.016724,0.997925
off,4304815,0.003418,-0.001587,1.022827
off,4304835,0.001221,-0.028076,0.996460
off,4304855,-0.008301,-0.000488,1.020874
off,4304875,-0.012329,0.003540,1.037964
off,4304895,0.015625,-0.037354,1.014526
off,4304915,-0.004517,-0.014771,1.009888
off,4304935,0.015137,-0.029297,1.005249
off,4304955,0.010132,-0.015869,1.007690
off,4304975,-0.000977,-0.017456,1.006836
off,4304995,0.008423,-0.032104,0.972290
off,4305015,0.004272,-0.019043,0.995239
off,4305035,-0.000977,-0.020386,0.989624
off,4305055,-0.008545,0.004150,1.024780
off,4305075,0.000122,-0.015259,1.015503
off,4305095,-0.005127,-0.005493,0.979248
off,4305115,-0.004150,-0.015869,1.026245
off,4305135,0.034912,0.030029,1.049927
off,4305155,-0.019043,0.003906,1.011963
off,4305175,0.007202,-0.012695,1.012817
off,4305195,-0.004150,-0.007813,1.025391
off,4305215,-0.003418,-0.015381,1.008911
off,4305235,-0.000854,-0.014160,1.009155
off,4305255,0.003052,-0.014771,1.000610
off,4305275,-0.000244,-0.012329,1.002686
off,4305295,0.001343,-0.015137,1.002197
off,4305315,0.000977,-0.016602,1.005859
off,4305335,-0.000488,-0.015869,1.005249
off,4305355,0.000732,-0.014893,1.003906
off,4305375,0.002075,-0.014771,1.003784
off,4305395,-0.000610,-0.013428,1.003174
off,4305415,0.000854,-0.016846,1.003784
off,4305435,0.000977,-0.016479,1.003784
off,4305455,0.000610,-0.013916,1.004517
off,4305475,0.000488,-0.013794,1.002563
off,4305495,0.000732,-0.013428,1.004272
off,4305515,-0.000122,-0.015137,1.004517
off,4305535,0.000854,-0.015747,1.004517
off,4305555,0.001221,-0.015259,1.004028
off,4305575,0.000244,-0.014648,1.003784
off,4305595,0.000366,-0.014404,1.004150
off,4305615,0.001221,-0.015015,1.004639
off,4305635,0.000854,-0.015625,1.003418
off,4305655,0.000732,-0.015137,1.003906
off,4305675,0.000488,-0.014038,1.004150
off,4305695,0.000122,-0.014160,1.004272
off,4305715,0.000244,-0.014526,1.003662
off,4305735,0.000977,-0.015015,1.004272
off,4305755,0.000244,-0.015259,1.004028
off,4305775,0.000488,-0.014404,1.004272
off,4305795,0.000244,-0.014771,1.003296
off,4305815,0.000366,-0.014526,1.004272
off,4305835,0.000732,-0.015381,1.003906
off,4305855,0.000488,-0.015503,1.002930
off,4305875,0.000732,-0.015381,1.003174
off,4305895,0.000488,-0.014771,1.003906
off,4305915,0.000488,-0.014526,1.003906
off,4305935,0.000854,-0.014893,1.004150
off,4305955,0.000488,-0.014893,1.003540
off,4305975,0.000610,-0.015015,1.003906
off,4305995,0.000366,-0.014771,1.004150
off,4306015,0.000977,-0.015015,1.004761
off,4306035,0.001099,-0.015259,1.004395
off,4306055,0.000244,-0.014893,1.004028
off,4306075,0.000244,-0.014038,1.002808
off,4306095,0.000488,-0.014526,1.004395
off,4306115,0.000977,-0.013916,1.004517
off,4306135,0.000977,-0.014526,1.004883
off,4306155,0.000488,-0.014771,1.004639
off,4306175,0.000244,-0.014404,1.004883
off,4306195,0.000977,-0.015381,1.002563
off,4306215,0.000488,-0.014526,1.003906
off,4306235,0.000000,-0.015381,1.004517
off,4306255,0.000366,-0.014526,1.004272
off,4306275,0.000610,-0.014160,1.004761
off,4306295,0.000366,-0.014282,1.004028
off,4306315,0.000977,-0.015137,1.004639
off,4306335,0.000122,-0.015137,1.003052
off,4306355,0.000854,-0.014893,1.003784
off,4306375,0.000610,-0.015625,1.003540
off,4306395,0.001099,-0.015503,1.003784
off,4306415,0.000732,-0.015137,1.003906
off,4306435,0.000244,-0.014893,1.004761
off,4306455,0.000732,-0.014771,1.004517
off,4306475,-0.000122,-0.014648,1.003418
off,4306495,0.000000,-0.014893,1.003418
off,4306515,0.000488,-0.014648,1.004272
off,4306535,0.000488,-0.014893,1.003296
off,4306555,0.000366,-0.013794,1.004395
off,4306575,0.000854,-0.015015,1.004517
off,4306595,0.001221,-0.014648,1.004761
off,4306615,0.000488,-0.015015,1.004395
off,4306635,0.001099,-0.014404,1.003906
off,4306655,0.000366,-0.015015,1.002197
off,4306675,0.000366,-0.014893,1.004272
off,4306695,0.000000,-0.014771,1.004272
off,4306715,0.000488,-0.014771,1.003418
off,4306735,0.000732,-0.014771,1.003906
off,4306755,0.000366,-0.015015,1.003906
off,4306775,0.000244,-0.014771,1.004272
off,4306795,0.000488,-0.014282,1.005249
off,4306815,0.000000,-0.015259,1.003784
off,4306835,0.000366,-0.014771,1.004639
off,4306855,0.000488,-0.014648,1.003784
off,4306875,0.000732,-0.014160,1.004150
off,4306895,0.001099,-0.014893,1.005249
off,4306915,0.000610,-0.015015,1.004272
off,4306935,0.000366,-0.014160,1.003418
off,4306955,0.000732,-0.014648,1.003662
off,4306975,0.000488,-0.014771,1.003906
off,4306995,0.000366,-0.015259,1.004150
off,4307015,0.000732,-0.015259,1.004517
off,4307035,0.000122,-0.014526,1.004028
off,4307055,0.000488,-0.015991,1.004517
off,4307075,0.000732,-0.015015,1.004272
off,4307095,0.000244,-0.015137,1.004395
off,4307115,0.000488,-0.014771,1.003540
off,4307135,0.000854,-0.015137,1.004150
off,4307155,0.000366,-0.015015,1.003540
off,4307175,0.000977,-0.014771,1.004150
off,4307195,0.000244,-0.014893,1.004028
off,4307215,0.000366,-0.015625,1.003784
off,4307235,0.000488,-0.014648,1.002197
off,4307255,0.000854,-0.014160,1.004150
off,4307275,0.000488,-0.015381,1.004395
off,4307295,0.000488,-0.013916,1.003540
off,4307315,0.000854,-0.014648,1.004517
off,4307335,0.000732,-0.014771,1.004517
off,4307355,0.000244,-0.015137,1.004272
off,4307375,0.000244,-0.015259,1.003906
off,4307395,0.000244,-0.015259,1.004028
off,4307415,0.000977,-0.015625,1.004272
off,4307435,0.000977,-0.015381,1.004761
off,4307455,0.000610,-0.014160,1.004883
off,4307475,0.000854,-0.014404,1.004028
off,4307495,0.000977,-0.014893,1.005005
off,4307515,0.000366,-0.015015,1.003662
off,4307535,0.000610,-0.015137,1.003906
off,4307555,0.000244,-0.014526,1.004517
off,4307575,0.000488,-0.013672,1.004150
off,4307595,0.000244,-0.014771,1.004517
off,4307615,0.000000,-0.015137,1.004395
off,4307635,-0.000122,-0.014893,1.003418
off,4307655,0.000854,-0.014771,1.003174
off,4307675,0.000366,-0.014893,1.004639
off,4307695,0.000366,-0.013794,1.003418
off,4307715,0.000854,-0.014893,1.003540
off,4307735,0.000732,-0.014893,1.003784
off,4307755,0.000366,-0.015137,1.003418
off,4307775,0.000732,-0.015259,1.004517
off,4307795,0.001221,-0.015137,1.004028
off,4307815,0.000122,-0.014648,1.002686
off,4307835,0.000488,-0.014526,1.003296
off,4307855,0.000732,-0.014771,1.003662
off,4307875,0.000366,-0.015259,1.004395
off,4307895,0.000366,-0.014648,1.003418
off,4307915,0.000488,-0.014771,1.004639
off,4307935,0.000244,-0.014404,1.003540
off,4307955,0.000610,-0.014771,1.004395
off,4307975,0.000366,-0.015259,1.004639
off,4307995,0.000732,-0.014771,1.004395
off,4308015,0.000366,-0.014771,1.004761
off,4308035,0.000610,-0.014648,1.003540
off,4308055,0.000000,-0.013916,1.003662
off,4308075,0.000244,-0.014893,1.004761
off,4308095,0.000000,-0.014648,1.003418
off,4308115,0.000488,-0.014648,1.003174
off,4308135,0.001587,-0.014771,1.004028
off,4308155,0.000854,-0.015869,1.004272
off,4308175,0.000977,-0.014771,1.003296
off,4308195,0.000122,-0.015137,1.003418
off,4308215,0.000366,-0.014282,1.004395
off,4308235,0.000244,-0.014771,1.003906
off,4308255,0.000854,-0.015259,1.004028
off,4308275,0.000244,-0.014526,1.003906
off,4308295,0.000977,-0.014893,1.003662
off,4308315,0.000488,-0.015137,1.004272
off,4308335,0.000366,-0.015015,1.005005
off,4308355,0.000366,-0.014526,1.003906
off,4308375,0.000854,-0.014648,1.003662
off,4308395,0.000366,-0.014771,1.004028
off,4308415,0.000366,-0.014282,1.003662
off,4308435,0.000244,-0.014526,1.003784
off,4308455,0.000366,-0.015259,1.003418
off,4308475,0.000244,-0.013672,1.003662
off,4308495,0.000244,-0.014771,1.004150
off,4308515,0.000244,-0.015137,1.004761
off,4308535,0.000732,-0.014404,1.003784
off,4308555,0.000122,-0.015137,1.004761
off,4308575,0.001221,-0.015015,1.004028
off,4308595,0.000854,-0.014771,1.003906
off,4308615,0.000244,-0.014404,1.004761
off,4308635,0.000610,-0.014893,1.004028
off,4308655,0.000732,-0.015137,1.004517
off,4308675,0.000122,-0.014526,1.003906
off,4308695,0.000122,-0.014893,1.004150
off,4308715,0.000366,-0.014282,1.003540
off,4308735,0.000366,-0.014526,1.004639
off,4308755,0.000732,-0.015259,1.003418
off,4308775,0.000488,-0.014648,1.005127
off,4308795,0.000122,-0.014893,1.004150
off,4308815,0.000610,-0.015381,1.004028
off,4308835,0.000854,-0.014648,1.003662
off,4308855,-0.000122,-0.014282,1.003784
off,4308875,0.000244,-0.014404,1.003906
off,4308895,0.000732,-0.014771,1.004272
off,4308915,0.000244,-0.014893,1.003906
off,4308935,0.000366,-0.014526,1.004761
off,4308955,0.000977,-0.015015,1.003540
off,4308975,0.000610,-0.014526,1.004272
off,4308995,0.000610,-0.014893,1.004517
off,4309015,0.000122,-0.014526,1.004761
off,4309035,0.000977,-0.014648,1.003784
off,4309055,0.000244,-0.014282,1.003784
off,4309075,0.000366,-0.015747,1.003540
off,4309095,0.000122,-0.014893,1.004272
off,4309115,0.000610,-0.014404,1.004028
off,4309135,0.000244,-0.014893,1.003418
off,4309155,0.000732,-0.013794,1.003418
off,4309175,0.000610,-0.014771,1.003174
off,4309195,0.000000,-0.014526,1.004150
off,4309215,0.000244,-0.014526,1.003906
off,4309235,0.000244,-0.014771,1.003540
off,4309255,0.000244,-0.013794,1.003296
off,4309275,0.001221,-0.015137,1.004150
off,4309295,0.000244,-0.014526,1.003540
off,4309315,0.000854,-0.015015,1.004272
off,4309335,0.000244,-0.015015,1.003296
off,4309355,0.000122,-0.015137,1.004028
off,4309375,0.000610,-0.014282,1.003418
off,4309395,0.000610,-0.014893,1.004517
off,4309415,0.000732,-0.014526,1.004761
off,4309435,0.000122,-0.015259,1.005371
off,4309455,0.000732,-0.014648,1.004517
off,4309475,0.000732,-0.014771,1.003784
off,4309495,0.000000,-0.014404,1.004028
off,4309515,0.000488,-0.014526,1.003906
off,4309535,0.000488,-0.014771,1.004639
off,4309555,0.000122,-0.015137,1.004272
off,4309575,0.000122,-0.015015,1.002686
off,4309595,0.000244,-0.014771,1.004150
off,4309615,0.000488,-0.014893,1.003784
off,4309635,0.000366,-0.015259,1.004761
off,4309655,0.000488,-0.014404,1.004272
off,4309675,0.000732,-0.014771,1.003906
off,4309695,0.000854,-0.015503,1.003784
off,4309715,-0.000122,-0.014771,1.004028
off,4309735,0.000610,-0.014648,1.003784
off,4309755,0.000122,-0.014648,1.004028
off,4309775,0.001099,-0.014526,1.004272
off,4309795,0.000732,-0.015259,1.004395
off,4309815,-0.000122,-0.015259,1.003540
off,4309835,0.000000,-0.014160,1.003418
off,4309855,0.000732,-0.015381,1.003662
off,4309875,0.000488,-0.014771,1.004517
off,4309895,0.000610,-0.014648,1.003784
off,4309915,0.000732,-0.015015,1.004150
off,4309935,0.000732,-0.014771,1.004517
off,4309955,0.000366,-0.015259,1.003662
off,4309975,0.001221,-0.015381,1.004517
off,4309995,0.000366,-0.015381,1.004395
off,4310015,0.000488,-0.014771,1.004272
off,4310035,0.000366,-0.015381,1.003540
off,4310055,0.000366,-0.014404,1.002930
off,4310075,-0.000122,-0.015137,1.001953
off,4310095,0.000244,-0.014771,1.005493
off,4310115,0.000244,-0.014526,1.005371
off,4310135,0.000244,-0.014648,1.004639
off,4310155,0.000244,-0.014893,1.004761
off,4310175,0.000488,-0.015015,1.003784
off,4310195,0.000488,-0.014526,1.003296
off,4310215,0.000366,-0.014648,1.004517
off,4310235,0.000366,-0.014893,1.005249
off,4310255,0.000122,-0.014893,1.004395
off,4310275,0.000244,-0.015015,1.004883
off,4310295,0.000732,-0.015015,1.005371
off,4310315,0.000366,-0.014648,1.004639
off,4310335,0.000610,-0.013794,1.003174
off,4310355,0.000854,-0.014893,1.004028
off,4310375,0.000122,-0.015625,1.004272
off,4310395,0.000366,-0.013916,1.004639
off,4310415,0.000610,-0.014160,1.003540
off,4310435,0.001099,-0.014526,1.004517
off,4310455,0.000000,-0.015137,1.003540
off,4310475,0.000366,-0.014893,1.003906
off,4310495,0.000366,-0.015259,1.004517
off,4310515,-0.000122,-0.014648,1.005127
off,4310535,0.000366,-0.014893,1.004761
off,4310555,0.000244,-0.015991,1.004639
off,4310575,0.000122,-0.015015,1.004395
off,4310595,0.000244,-0.014648,1.004639
off,4310615,0.000610,-0.015137,1.003784
off,4310635,0.000488,-0.014160,1.003296
off,4310655,0.000732,-0.014648,1.004028
off,4310675,0.000732,-0.013916,1.003662
off,4310695,0.000488,-0.014526,1.005127
off,4310715,0.000366,-0.014526,1.005005
off,4310735,0.000366,-0.015015,1.005005
off,4310755,0.000244,-0.014282,1.005005
off,4310775,0.000122,-0.014404,1.003906
off,4310795,0.001343,-0.015015,1.004639
off,4310815,0.000366,-0.015259,1.003906
off,4310835,0.000244,-0.014404,1.003906
off,4310855,0.000244,-0.014648,1.004517
off,4310875,0.000732,-0.014404,1.003906
off,4310895,0.000122,-0.014404,1.004883
off,4310915,0.000122,-0.014648,1.004028
off,4310935,0.000366,-0.014526,1.004517
off,4310955,0.000244,-0.015015,1.002930
off,4310975,0.000488,-0.015015,1.004639
off,4310995,0.000366,-0.014771,1.004028
off,4311015,0.000610,-0.013550,1.004150
off,4311035,0.000610,-0.014526,1.004639
off,4311055,0.000122,-0.014648,1.004272
off,4311075,0.000610,-0.014282,1.004150
off,4311095,0.000488,-0.015625,1.004150
off,4311115,0.000732,-0.015381,1.004639
off,4311135,0.000732,-0.015015,1.003662
off,4311155,-0.000122,-0.014771,1.004272
off,4311175,-0.000244,-0.014648,1.004517
off,4311195,0.000122,-0.015015,1.005127
off,4311215,0.000122,-0.014282,1.003662
off,4311235,0.000488,-0.014526,1.005127
off,4311255,0.000366,-0.015015,1.004761
off,4311275,0.000854,-0.014526,1.003784
off,4311295,0.000854,-0.015137,1.004761
off,4311315,0.000366,-0.014771,1.004639
off,4311335,0.000488,-0.014893,1.004883
off,4311355,0.001343,-0.014771,1.004150
off,4311375,0.000122,-0.014771,1.003296
off,4311395,0.000488,-0.014282,1.005127
off,4311415,0.000244,-0.014648,1.004150
off,4311435,0.000854,-0.015137,1.003784
off,4311455,0.000244,-0.014404,1.004028
off,4311475,0.000366,-0.014893,1.005005
off,4311495,0.000000,-0.014893,1.003540
off,4311515,0.000366,-0.014160,1.002686
off,4311535,0.000610,-0.014893,1.004028
off,4311555,0.000244,-0.014038,1.004150
off,4311575,0.000488,-0.015625,1.005127
off,4311595,0.000000,-0.014771,1.003784
off,4311615,0.000610,-0.014526,1.004028
off,4311635,0.000732,-0.015503,1.004639
off,4311655,0.001099,-0.015137,1.004150
off,4311675,0.000488,-0.015137,1.004272
off,4311695,0.001099,-0.014160,1.004272
off,4311715,0.000732,-0.014526,1.004150
off,4311735,0.000488,-0.013916,1.004517
off,4311755,0.000732,-0.014404,1.003174
off,4311775,0.000122,-0.015137,1.004028
off,4311795,0.000244,-0.014160,1.003784
off,4311815,0.000732,-0.014404,1.004395
off,4311835,0.000000,-0.014648,1.003906
off,4311855,0.000000,-0.014893,1.004395
off,4311875,-0.000122,-0.015015,1.003662
off,4311895,0.000732,-0.014160,1.004272
off,4311915,0.000000,-0.014404,1.003906
off,4311935,0.000000,-0.014160,1.004395
off,4311955,0.001221,-0.014526,1.004272
off,4311975,0.000610,-0.014893,1.004395
off,4311995,0.000122,-0.015137,1.003418
off,4312015,0.000244,-0.014648,1.003296
off,4312035,0.001221,-0.014038,1.004272
off,4312055,0.000244,-0.014648,1.004150
off,4312075,0.000488,-0.015503,1.004272
off,4312095,0.000122,-0.014648,1.003784
off,4312115,0.000244,-0.015747,1.004761
off,4312135,0.000732,-0.015015,1.004517
off,4312155,0.002075,-0.014526,1.003906
off,4312175,0.000488,-0.015381,1.003784
off,4312195,0.000854,-0.015137,1.004517
off,4312215,0.000366,-0.014160,1.003784
off,4312235,0.000244,-0.015259,1.004639
off,4312255,0.000488,-0.014771,1.003540
off,4312275,0.000732,-0.013550,1.003784
off,4312295,0.000244,-0.014893,1.003174
off,4312315,0.000610,-0.014648,1.004028
off,4312335,0.000488,-0.014893,1.004272
off,4312355,0.000244,-0.014282,1.003052
off,4312375,0.000854,-0.015015,1.004028
off,4312395,0.000854,-0.014648,1.004272
off,4312415,0.000122,-0.014771,1.004272
off,4312435,0.000610,-0.015259,1.004150
off,4312455,0.000977,-0.015259,1.003784
off,4312475,0.000366,-0.014038,1.003296
off,4312495,0.000244,-0.015015,1.004639
off,4312515,0.001221,-0.014893,1.004517
off,4312535,0.000366,-0.014282,1.003906
off,4312555,0.000366,-0.014771,1.004272
off,4312575,0.000366,-0.014160,1.003906
off,4312595,0.000488,-0.014893,1.003662
off,4312615,0.000366,-0.015503,1.003906
off,4312635,0.000000,-0.015137,1.005005
off,4312655,0.000977,-0.015503,1.004028
off,4312675,0.000122,-0.014160,1.004639
off,4312695,0.000610,-0.014526,1.004150
off,4312715,0.000366,-0.014893,1.004395
off,4312735,0.000122,-0.014893,1.004883
off,4312755,0.000244,-0.014526,1.004272
off,4312775,0.000244,-0.015015,1.003784
off,4312795,0.000366,-0.014404,1.004272
off,4312815,0.000366,-0.015503,1.003296
off,4312835,0.000854,-0.015381,1.004395
off,4312855,0.000488,-0.014893,1.004150
off,4312875,0.000488,-0.014893,1.003906
off,4312895,0.000244,-0.014160,1.003052
off,4312915,0.000000,-0.014526,1.003052
off,4312935,0.000854,-0.015381,1.003540
off,4312955,0.000610,-0.014282,1.004395
off,4312975,0.001099,-0.014526,1.004395
off,4312995,0.000366,-0.014648,1.003906
off,4313015,0.000732,-0.015015,1.003418
off,4313035,0.000122,-0.015137,1.003784
off,4313055,0.000732,-0.014038,1.004639
off,4313075,0.000854,-0.014404,1.003662
off,4313095,0.000366,-0.014404,1.004028
off,4313115,0.000122,-0.014160,1.003784
off,4313135,0.000488,-0.015015,1.004028
off,4313155,0.000366,-0.014038,1.003052
off,4313175,0.000122,-0.015747,1.004150
off,4313195,0.000977,-0.014526,1.002808
off,4313215,0.000244,-0.015137,1.004395
off,4313235,0.000732,-0.014160,1.003662
off,4313255,0.000244,-0.014160,1.004272
off,4313275,0.000610,-0.014648,1.002441
off,4313295,0.000488,-0.014038,1.004150
off,4313315,0.000732,-0.014771,1.005127
off,4313335,0.001221,-0.015137,1.003418
off,4313355,0.000000,-0.013672,1.002930
off,4313375,0.000488,-0.014404,1.003784
off,4313395,0.000732,-0.014526,1.005371
off,4313415,0.000854,-0.014526,1.004517
off,4313435,0.000488,-0.014648,1.003540
off,4313455,0.000854,-0.014771,1.002930
off,4313475,0.000366,-0.014771,1.004639
off,4313495,0.000977,-0.013794,1.003662
off,4313515,0.000977,-0.014404,1.003418
off,4313535,0.000122,-0.014648,1.003906
off,4313555,0.000244,-0.015015,1.003540
off,4313575,0.000000,-0.014648,1.003418
off,4313595,0.000244,-0.014404,1.004150
off,4313615,0.000488,-0.014038,1.003418
off,4313635,0.000366,-0.015015,1.002930
off,4313655,0.000244,-0.013794,1.003784
off,4313675,0.000366,-0.013916,1.004150
off,4313695,0.000244,-0.013916,1.003540
off,4313715,0.000000,-0.015137,1.004150
off,4313735,0.000854,-0.013672,1.002441
off,4313755,0.000488,-0.015137,1.003784
off,4313775,0.000366,-0.014160,1.004150
off,4313795,0.000000,-0.014648,1.003174
off,4313815,0.000244,-0.014771,1.003906
off,4313835,0.000610,-0.015137,1.004150
off,4313855,0.000366,-0.014771,1.003418
off,4313875,0.000244,-0.014771,1.004395
off,4313895,0.000122,-0.014282,1.003418
off,4313915,0.000244,-0.014893,1.004028
off,4313935,0.000366,-0.015015,1.003784
off,4313955,0.000977,-0.015503,1.005005
off,4313975,0.000488,-0.015137,1.003418
off,4313995,0.000122,-0.015259,1.002686
off,4314015,0.000244,-0.014648,1.003052
off,4314035,0.000122,-0.014160,1.004639
off,4314055,0.000977,-0.015869,1.004517
off,4314075,0.000244,-0.015015,1.005005
off,4314095,0.000366,-0.014282,1.004150
off,4314115,0.000000,-0.014404,1.003662
off,4314135,0.000366,-0.014893,1.004517
off,4314155,0.000244,-0.014282,1.003296
off,4314175,-0.000610,-0.014404,1.003174
off,4314195,0.000366,-0.015015,1.003174
off,4314215,0.000000,-0.014282,1.004639
off,4314235,0.000366,-0.014282,1.003906
off,4314255,0.000122,-0.014404,1.004028
off,4314275,0.000610,-0.014526,1.003784
off,4314295,0.000122,-0.015503,1.004395
off,4314315,0.000122,-0.014771,1.004028
off,4314335,0.000000,-0.014038,1.003052
off,4314355,0.000366,-0.014160,1.002808
off,4314375,0.000366,-0.014038,1.004028
off,4314395,0.000732,-0.014282,1.003540
off,4314415,0.000122,-0.015747,1.004272
off,4314435,0.000488,-0.014893,1.004028
off,4314455,0.000000,-0.015259,1.003418
off,4314475,0.000366,-0.014282,1.003052
off,4314495,0.000610,-0.014404,1.003540
off,4314515,0.000732,-0.015015,1.003418
off,4314535,0.000244,-0.014526,1.003418
off,4314555,0.000244,-0.014526,1.003540
off,4314575,0.000244,-0.014893,1.004150
off,4314595,0.000000,-0.014771,1.004761
off,4314615,0.000122,-0.014160,1.003784
off,4314635,-0.000122,-0.014648,1.004150
off,4314655,0.000732,-0.014771,1.004517
off,4314675,0.000000,-0.014771,1.004517
off,4314695,0.000854,-0.014648,1.004517
off,4314715,0.000610,-0.014526,1.003906
off,4314735,0.000610,-0.014893,1.004639
off,4314755,0.000977,-0.015625,1.004150
off,4314775,0.000732,-0.015259,1.003418
off,4314795,0.000366,-0.014771,1.004028
off,4314815,0.000977,-0.014648,1.003662
off,4314835,0.000610,-0.013916,1.004883
off,4314855,0.000732,-0.014893,1.005493
off,4314875,0.000977,-0.015259,1.004150
off,4314895,0.000000,-0.014404,1.004028
off,4314915,0.000244,-0.014526,1.004517
off,4314935,0.000488,-0.013916,1.004272
off,4314955,0.000732,-0.014282,1.004761
off,4314975,0.000488,-0.015259,1.003784
off,4314995,0.000488,-0.014404,1.004639
off,4315015,0.000244,-0.014160,1.004272
off,4315035,0.000000,-0.014526,1.004150
off,4315055,0.000244,-0.014648,1.003784
off,4315075,0.000244,-0.014038,1.003662
off,4315095,0.001221,-0.015137,1.003174
off,4315115,0.000000,-0.014282,1.004395
off,4315135,0.000244,-0.014404,1.004517
off,4315155,0.000366,-0.015137,1.005005
off,4315175,0.000610,-0.014160,1.004150
off,4315195,0.000488,-0.014648,1.003540
off,4315215,0.000366,-0.014771,1.003662
off,4315235,0.000244,-0.014771,1.002930
off,4315255,0.001099,-0.014648,1.002319
off,4315275,0.000977,-0.014893,1.003784
off,4315295,0.000732,-0.015381,1.003784
off,4315315,0.000122,-0.015381,1.004150
off,4315335,0.000244,-0.015015,1.003418
off,4315355,0.000244,-0.013916,1.004272
off,4315375,0.000488,-0.014893,1.003662
off,4315395,0.001587,-0.015503,1.003906
off,4315415,0.000854,-0.014648,1.005005
off,4315435,0.000366,-0.014404,1.004150
off,4315455,0.000244,-0.014404,1.004395
off,4315475,-0.000122,-0.014771,1.004639
off,4315495,0.000610,-0.014648,1.003418
off,4315515,0.000610,-0.014648,1.003906
off,4315535,0.000732,-0.015015,1.004517
off,4315555,0.000732,-0.015381,1.003906
off,4315575,0.000488,-0.015503,1.003052
off,4315595,0.000488,-0.014648,1.004272
off,4315615,0.000244,-0.014282,1.004150
off,4315635,0.000610,-0.015381,1.004639
off,4315655,0.000366,-0.014526,1.004150
off,4315675,0.000244,-0.014282,1.003662
off,4315695,0.000244,-0.014282,1.003174
off,4315715,0.000732,-0.014526,1.004517
off,4315735,0.000366,-0.015015,1.003418
off,4315755,0.000732,-0.015015,1.004028
off,4315775,0.000488,-0.014893,1.004639
off,4315795,0.000122,-0.014404,1.004761
off,4315815,0.000610,-0.015015,1.003418
off,4315835,0.000122,-0.014038,1.004272
off,4315855,0.000122,-0.014648,1.002930
off,4315875,0.000122,-0.014893,1.004028
off,4315895,0.000488,-0.015259,1.003906
off,4315915,0.000244,-0.014282,1.003662
off,4315935,0.000610,-0.014771,1.004150
off,4315955,0.000488,-0.014282,1.002930
off,4315975,0.000244,-0.015015,1.004395
off,4315995,0.000122,-0.014893,1.004272
off,4316015,0.000854,-0.014648,1.004028
off,4316035,0.000000,-0.014526,1.003540
off,4316055,0.000122,-0.015381,1.002930
off,4316075,0.000488,-0.014771,1.004395
off,4316095,0.000366,-0.014771,1.003052
off,4316115,0.000366,-0.015137,1.003906
off,4316135,0.000366,-0.014404,1.003540
off,4316155,0.000244,-0.014771,1.003540
off,4316175,0.000854,-0.014648,1.003052
off,4316195,0.000366,-0.015747,1.003296
off,4316215,0.031128,-0.014038,1.002197
off,4316235,0.000366,-0.014404,1.003784
off,4316255,0.000977,-0.014526,1.003906
off,4316275,0.000488,-0.014893,1.004028
off,4316295,0.000854,-0.015137,1.003906
off,4316315,0.000244,-0.014526,1.004028
off,4316335,0.000244,-0.014893,1.003540
off,4316355,0.000366,-0.015381,1.003296
off,4316375,0.000610,-0.014893,1.004883
off,4316395,0.000854,-0.015747,1.003540
off,4316415,0.000122,-0.014282,1.003662
off,4316435,0.000610,-0.014282,1.003296
off,4316455,0.000244,-0.015259,1.003418
off,4316475,0.000854,-0.014648,1.003418
off,4316495,0.000732,-0.014648,1.003296
off,4316515,0.000488,-0.014771,1.003540
off,4316535,0.000610,-0.014648,1.004150
off,4316555,0.000977,-0.015015,1.004150
off,4316575,0.000366,-0.015503,1.004517
off,4316595,0.000244,-0.014771,1.003296
off,4316615,0.000244,-0.014771,1.004028
off,4316635,0.000122,-0.015259,1.004150
off,4316655,0.000488,-0.014526,1.004517
off,4316675,0.000610,-0.014160,1.002808
off,4316695,0.000977,-0.014771,1.003296
off,4316715,0.000122,-0.015503,1.003662
off,4316735,0.000732,-0.014771,1.003662
off,4316755,0.000366,-0.015015,1.002808
off,4316775,0.000000,-0.015259,1.003418
off,4316795,0.000610,-0.015137,1.004028
off,4316815,0.000366,-0.014771,1.003662
off,4316835,-0.000244,-0.015259,1.003906
off,4316855,0.000488,-0.014893,1.003662
off,4316875,0.000122,-0.014404,1.003540
off,4316895,0.000854,-0.014526,1.003662
off,4316915,0.000488,-0.015259,1.002563
off,4316935,0.000732,-0.014526,1.003662
off,4316955,0.000122,-0.015381,1.004761
off,4316975,0.000366,-0.014648,1.003906
off,4316995,0.000854,-0.014648,1.004395
off,4317015,0.001465,-0.014160,1.002808
off,4317035,0.000122,-0.015503,1.003540
off,4317055,0.000854,-0.014282,1.003906
off,4317075,0.000122,-0.015747,1.003540
off,4317095,0.000244,-0.015137,1.003906
off,4317115,0.001099,-0.014404,1.003052
off,4317135,0.000366,-0.014160,1.004272
off,4317155,0.000488,-0.014893,1.003540
off,4317175,0.000122,-0.014771,1.004150
off,4317195,0.000244,-0.014404,1.003784
off,4317215,0.000854,-0.014282,1.003418
off,4317235,0.000610,-0.015137,1.002930
off,4317255,0.000122,-0.014160,1.004150
off,4317275,0.000000,-0.014771,1.004395
off,4317295,0.000244,-0.015991,1.004150
off,4317315,0.000244,-0.015137,1.003540
off,4317335,0.001099,-0.015137,1.003784
off,4317355,0.000488,-0.014526,1.004150
off,4317375,0.000366,-0.014526,1.003906
off,4317395,0.000122,-0.015015,1.004272
off,4317415,0.000122,-0.015015,1.004028
off,4317435,0.000122,-0.014526,1.003662
off,4317455,0.000610,-0.014893,1.003174
off,4317475,0.000732,-0.014526,1.003784
off,4317495,0.000244,-0.014404,1.003662
off,4317515,0.000000,-0.014404,1.004395
off,4317535,0.000610,-0.014282,1.002441
off,4317555,0.000488,-0.015137,1.002808
off,4317575,0.001099,-0.015137,1.004272
off,4317595,0.000000,-0.014648,1.003784
off,4317615,0.000610,-0.015259,1.003784
off,4317635,0.000244,-0.014771,1.003906
off,4317655,0.000122,-0.015137,1.003174
off,4317675,0.000366,-0.014771,1.002686
off,4317695,0.000366,-0.014526,1.004028
off,4317715,0.000244,-0.014893,1.004272
off,4317735,0.000366,-0.015015,1.002563
off,4317755,0.000610,-0.015625,1.004517
off,4317775,0.000122,-0.013672,1.002686
off,4317795,0.000610,-0.014771,1.003052
off,4317815,0.000488,-0.014893,1.001953
off,4317835,0.000488,-0.015137,1.003662
off,4317855,0.000122,-0.014404,1.003906
off,4317875,0.000610,-0.013916,1.004639
off,4317895,0.000610,-0.014771,1.004150
off,4317915,0.000366,-0.014526,1.004150
off,4317935,0.000366,-0.014526,1.004028
off,4317955,0.000244,-0.014648,1.004028
off,4317975,0.000366,-0.015015,1.003540
off,4317995,0.000366,-0.014526,1.004028
off,4318015,-0.000122,-0.015259,1.003296
off,4318035,0.000854,-0.014404,1.004639
off,4318055,0.000366,-0.014160,1.003052
off,4318075,0.000122,-0.015869,1.003906
off,4318095,0.000244,-0.014282,1.003296
off,4318115,-0.000244,-0.015015,1.003784
off,4318135,0.000122,-0.014648,1.003662
off,4318155,0.000854,-0.014526,1.003174
off,4318175,0.001099,-0.015137,1.004639
off,4318195,0.001099,-0.015381,1.004395
off,4318215,0.000610,-0.014648,1.003296
off,4318235,0.000000,-0.014893,1.003906
off,4318255,0.000610,-0.015137,1.003296
off,4318275,0.000122,-0.014526,1.004639
off,4318295,0.031128,-0.014526,1.003906
off,4318315,0.000244,-0.014404,1.004272
off,4318335,0.000000,-0.015747,1.004639
off,4318355,0.000732,-0.014893,1.004517
off,4318375,0.000244,-0.015137,1.003296
off,4318395,0.000244,-0.014893,1.003296
off,4318415,0.000366,-0.014648,1.004517
off,4318435,0.001099,-0.014648,1.003784
off,4318455,-0.000122,-0.014404,1.003296
off,4318475,0.000732,-0.014526,1.003418
off,4318495,0.000244,-0.014160,1.004272
off,4318515,0.000854,-0.014893,1.004883
off,4318535,0.000732,-0.014893,1.002930
off,4318555,-0.000122,-0.015015,1.002808
off,4318575,0.001099,-0.015137,1.004395
off,4318595,0.000488,-0.015015,1.004395
off,4318615,-0.000122,-0.015259,1.003540
off,4318635,-0.000122,-0.015381,1.003174
off,4318655,0.000610,-0.014648,1.004272
off,4318675,0.000488,-0.015015,1.003052
off,4318695,0.000122,-0.015015,1.003540
off,4318715,0.000122,-0.014771,1.004150
off,4318735,0.000366,-0.014648,1.002930
off,4318755,0.000366,-0.014526,1.002563
off,4318775,0.000122,-0.015137,1.004517
off,4318795,0.000610,-0.015259,1.003418
off,4318815,0.000854,-0.015015,1.004150
off,4318835,0.000366,-0.014404,1.003784
off,4318855,0.000610,-0.014648,1.003296
off,4318875,0.000732,-0.014404,1.004028
off,4318895,0.000732,-0.015015,1.004150
off,4318915,0.000244,-0.014771,1.004395
off,4318935,0.000244,-0.013550,1.004028
off,4318955,0.000244,-0.015015,1.003784
off,4318975,0.000000,-0.015503,1.003662
off,4318995,0.000732,-0.014648,1.004395
off,4319015,0.000244,-0.015015,1.004883
off,4319035,0.000122,-0.014648,1.003784
off,4319055,0.000244,-0.014160,1.003418
off,4319075,0.000366,-0.015015,1.003540
off,4319095,0.000366,-0.014404,1.004395
off,4319115,0.000610,-0.015259,1.003174
off,4319135,0.000122,-0.015015,1.003052
off,4319155,0.000732,-0.014771,1.003662
off,4319175,0.000366,-0.014404,1.003418
off,4319195,0.000488,-0.014282,1.003540
off,4319215,0.000000,-0.014893,1.003784
off,4319235,0.000977,-0.013794,1.004028
off,4319255,0.000732,-0.014893,1.003052
off,4319275,0.000366,-0.014893,1.003296
off,4319295,0.000122,-0.015015,1.004028
off,4319315,0.000244,-0.014404,1.003174
off,4319335,0.000854,-0.014526,1.003296
off,4319355,0.000610,-0.014771,1.004395
off,4319375,0.000244,-0.014771,1.003052
off,4319395,0.000610,-0.014648,1.003906
off,4319415,0.000488,-0.014648,1.003662
off,4319435,0.000122,-0.015015,1.004272
off,4319455,0.000366,-0.014648,1.003662
off,4319475,0.000122,-0.014648,1.003540
off,4319495,0.000732,-0.015259,1.003906
off,4319515,0.000854,-0.014893,1.004150
off,4319535,0.001221,-0.014404,1.004150
off,4319555,0.000244,-0.014648,1.003906
off,4319575,0.000366,-0.014404,1.003906
off,4319595,0.000122,-0.014404,1.003296
off,4319615,0.000122,-0.013916,1.004517
off,4319635,0.000610,-0.014648,1.004395
off,4319655,0.000366,-0.014648,1.003662
off,4319675,0.000610,-0.013916,1.004150
off,4319695,0.000732,-0.014404,1.003540
off,4319715,-0.000122,-0.014893,1.003418
off,4319735,0.000366,-0.014282,1.003418
off,4319755,0.000244,-0.014526,1.004395
off,4319775,0.000244,-0.014526,1.003418
off,4319795,0.000366,-0.014771,1.003784
off,4319815,0.000732,-0.014526,1.004150
off,4319835,0.000610,-0.015381,1.004150
off,4319855,0.000610,-0.015015,1.003052
off,4319875,0.000488,-0.015015,1.004395
off,4319895,0.000244,-0.014404,1.003418
off,4319915,0.000000,-0.014771,1.003540
off,4319935,0.000000,-0.015259,1.003906
off,4319955,0.000000,-0.015259,1.003052
off,4319975,0.000488,-0.014893,1.003784
off,4319995,0.000244,-0.014893,1.003540
off,4320015,0.000977,-0.015015,1.003784
off,4320035,0.000854,-0.014282,1.003906
off,4320055,0.000244,-0.015137,1.003784
off,4320075,0.000610,-0.015015,1.004761
off,4320095,0.001099,-0.014648,1.004150
off,4320115,0.000732,-0.015259,1.003662
off,4320135,0.000244,-0.014526,1.003540
off,4320155,0.000488,-0.014771,1.004272
off,4320175,0.000366,-0.014038,1.003906
off,4320195,0.001343,-0.014160,1.003052
off,4320215,0.001099,-0.014526,1.003784
off,4320235,0.000366,-0.015015,1.003296
off,4320255,0.000488,-0.014404,1.004761
off,4320275,0.000488,-0.015137,1.003540
off,4320295,-0.000122,-0.014282,1.002563
off,4320315,0.000488,-0.013916,1.003540
off,4320335,0.000488,-0.014526,1.003296
off,4320355,0.000122,-0.015015,1.002563
off,4320375,0.000366,-0.014893,1.003418
off,4320395,0.001099,-0.014404,1.002808
off,4320415,0.000244,-0.014038,1.004028
off,4320435,0.000488,-0.015503,1.003174
off,4320455,0.000732,-0.014526,1.003662
off,4320475,0.000000,-0.013916,1.004395
off,4320495,0.000000,-0.014282,1.004395
off,4320515,0.000122,-0.014160,1.002686
off,4320535,0.000488,-0.015259,1.004272
off,4320555,0.000732,-0.015503,1.004517
off,4320575,-0.000244,-0.015137,1.003906
off,4320595,0.000000,-0.015381,1.003296
off,4320615,0.000366,-0.014160,1.004028
off,4320635,0.000122,-0.015015,1.003662
off,4320655,0.000000,-0.015259,1.003052
off,4320675,0.000366,-0.015259,1.004272
off,4320695,0.000610,-0.014648,1.003296
off,4320715,-0.000732,-0.015015,1.004517
off,4320735,0.000244,-0.013916,1.003540
off,4320755,0.001343,-0.014893,1.004028
off,4320775,0.001099,-0.014771,1.003784
off,4320795,0.000366,-0.014648,1.004150
off,4320815,0.000000,-0.014160,1.003418
off,4320835,0.000122,-0.014771,1.004272
off,4320855,0.000610,-0.014038,1.004395
off,4320875,0.000366,-0.014648,1.004517
off,4320895,0.000244,-0.015381,1.003662
off,4320915,0.000732,-0.015015,1.004517
off,4320935,0.000000,-0.014893,1.002930
off,4320955,0.000244,-0.015381,1.003174
off,4320975,0.000366,-0.013916,1.003418
off,4320995,0.000854,-0.015259,1.003784
off,4321015,0.000366,-0.014282,1.004150
off,4321035,0.000610,-0.014526,1.003662
off,4321055,0.000732,-0.014038,1.004150
off,4321075,0.000122,-0.014893,1.003418
off,4321095,0.000488,-0.014160,1.004150
off,4321115,0.000732,-0.014771,1.004150
off,4321135,0.000122,-0.014893,1.003418
off,4321155,0.000732,-0.015137,1.003662
off,4321175,0.000366,-0.015015,1.004028
off,4321195,0.000122,-0.015015,1.004150
off,4321215,0.000244,-0.014526,1.004639
off,4321235,0.000977,-0.013916,1.003784
off,4321255,0.000488,-0.015137,1.003662
off,4321275,0.000366,-0.015015,1.004028
off,4321295,0.000610,-0.014160,1.003906
off,4321315,0.000122,-0.014893,1.003662
off,4321335,0.000244,-0.014404,1.003906
off,4321355,0.000488,-0.014648,1.004395
off,4321375,0.000244,-0.014893,1.004028
off,4321395,0.000488,-0.015259,1.004639
off,4321415,0.000488,-0.014038,1.003662
off,4321435,0.000854,-0.015259,1.004639
off,4321455,0.000854,-0.014648,1.004028
off,4321475,0.000000,-0.014160,1.003662
off,4321495,0.000732,-0.014893,1.004517
off,4321515,0.000610,-0.014404,1.003906
off,4321535,0.000488,-0.014893,1.003784
off,4321555,0.000488,-0.014771,1.004272
off,4321575,0.000122,-0.015259,1.003296
off,4321595,0.000610,-0.015137,1.004517
off,4321615,0.000366,-0.014648,1.004395
off,4321635,0.000488,-0.014893,1.004517
off,4321655,0.000610,-0.015625,1.004150
off,4321675,0.001099,-0.015259,1.003296
off,4321695,0.000244,-0.014893,1.003906
off,4321715,0.000244,-0.014893,1.004028
off,4321735,0.000366,-0.014526,1.003784
off,4321755,0.000244,-0.014771,1.003784
off,4321775,0.000122,-0.013916,1.003296
off,4321795,0.000122,-0.014404,1.003296
off,4321815,0.001221,-0.014648,1.002930
off,4321835,0.000610,-0.014526,1.004639
off,4321855,0.000244,-0.014404,1.003906
off,4321875,0.000244,-0.014160,1.003174
off,4321895,0.000366,-0.014282,1.003296
off,4321915,0.000488,-0.015015,1.003784
off,4321935,0.000244,-0.014771,1.004395
off,4321955,0.000488,-0.014526,1.003296
off,4321975,0.000244,-0.014893,1.004639
off,4321995,0.000244,-0.014282,1.003418
off,4322015,0.000854,-0.014282,1.003174
off,4322035,0.000244,-0.014404,1.003174
off,4322055,0.000244,-0.014648,1.002930
off,4322075,0.000610,-0.014404,1.003540
off,4322095,0.000244,-0.014771,1.003296
off,4322115,0.000366,-0.014893,1.004150
off,4322135,0.000122,-0.014648,1.003418
off,4322155,0.000244,-0.015015,1.004272
off,4322175,0.000488,-0.014893,1.004395
off,4322195,0.000488,-0.015625,1.003906
off,4322215,0.000854,-0.014648,1.004028
off,4322235,0.000122,-0.014893,1.003784
off,4322255,0.000366,-0.013794,1.004028
off,4322275,0.000244,-0.014648,1.002930
off,4322295,0.000244,-0.014648,1.004272
off,4322315,0.000488,-0.014893,1.002441
off,4322335,0.000732,-0.013916,1.003296
off,4322355,0.000366,-0.014771,1.003418
off,4322375,0.000366,-0.014893,1.003296
off,4322395,0.000732,-0.015137,1.005737
off,4322415,0.000488,-0.014648,1.003662
off,4322435,0.000366,-0.014404,1.003418
off,4322455,0.000488,-0.014282,1.004150
off,4322475,0.000488,-0.014404,1.003418
off,4322495,0.000610,-0.014648,1.003296
off,4322515,0.000610,-0.014893,1.003662
off,4322535,0.000000,-0.014648,1.003296
off,4322555,0.000732,-0.014160,1.004272
off,4322575,0.000854,-0.014404,1.004761
off,4322595,0.000244,-0.014404,1.002930
off,4322615,0.000488,-0.014893,1.003418
off,4322635,0.000488,-0.014648,1.004517
off,4322655,0.000000,-0.014648,1.003784
off,4322675,0.000488,-0.014893,1.004272
off,4322695,0.000122,-0.014648,1.002930
off,4322715,0.000244,-0.014771,1.003418
off,4322735,0.000244,-0.014282,1.003906
off,4322755,0.000244,-0.014771,1.004272
off,4322775,0.000366,-0.013672,1.003784
off,4322795,0.001343,-0.014282,1.004028
off,4322815,0.000488,-0.014282,1.003296
off,4322835,0.000977,-0.014893,1.004028
off,4322855,0.000488,-0.014648,1.003540
off,4322875,0.000732,-0.013794,1.003784
off,4322895,0.000244,-0.013916,1.004395
off,4322915,0.000244,-0.014526,1.003418
off,4322935,0.000854,-0.015381,1.003662
off,4322955,0.000610,-0.014160,1.004272
off,4322975,0.000854,-0.014893,1.004639
off,4322995,0.000122,-0.014771,1.004517
off,4323015,0.000244,-0.014648,1.004639
off,4323035,0.000122,-0.015015,1.003418
off,4323055,0.000000,-0.015137,1.003662
off,4323075,0.000732,-0.014648,1.003662
off,4323095,0.000366,-0.014038,1.005249
off,4323115,0.000366,-0.015015,1.005005
off,4323135,0.000977,-0.014893,1.003174
off,4323155,0.000122,-0.015015,1.004150
off,4323175,0.000488,-0.014282,1.003296
off,4323195,0.000610,-0.014771,1.004272
off,4323215,0.000244,-0.014404,1.004761
off,4323235,0.000610,-0.014160,1.004028
off,4323255,0.000977,-0.014648,1.004395
off,4323275,0.000122,-0.014526,1.003906
off,4323295,0.000244,-0.014404,1.004395
off,4323315,0.000732,-0.015747,1.003418
off,4323335,0.000366,-0.014160,1.004028
off,4323355,0.000122,-0.014160,1.004150
off,4323375,0.000366,-0.014893,1.004517
off,4323395,0.000122,-0.015503,1.002563
off,4323415,0.000366,-0.014404,1.004272
off,4323435,0.000366,-0.014771,1.004150
off,4323455,0.000854,-0.014282,1.004150
off,4323475,0.000610,-0.014648,1.003418
off,4323495,0.000244,-0.014404,1.002563
off,4323515,0.000244,-0.014404,1.003784
off,4323535,0.000732,-0.014771,1.003418
off,4323555,0.000244,-0.014648,1.004028
off,4323575,0.000488,-0.014160,1.004883
off,4323595,0.000732,-0.014404,1.003540
off,4323615,0.000610,-0.015747,1.003052
off,4323635,0.000244,-0.014648,1.004272
off,4323655,0.000122,-0.014160,1.003906
off,4323675,0.000366,-0.014771,1.002441
off,4323695,0.000977,-0.014771,1.003296
off,4323715,0.000122,-0.014893,1.003906
off,4323735,0.000488,-0.015503,1.003296
off,4323755,0.000366,-0.014282,1.004028
off,4323775,0.000732,-0.015015,1.004028
off,4323795,0.000366,-0.014648,1.003784
off,4323815,0.000244,-0.015015,1.003418
off,4323835,0.000244,-0.014648,1.004395
off,4323855,0.000000,-0.014648,1.004028
off,4323875,0.000122,-0.014648,1.003662
off,4323895,0.000488,-0.014893,1.003662
off,4323915,0.000854,-0.015137,1.004395
off,4323935,0.000488,-0.015747,1.003662
off,4323955,0.001221,-0.015503,1.002563
off,4323975,0.000366,-0.015015,1.004028
off,4323995,0.000000,-0.015381,1.004639
off,4324015,0.000610,-0.014404,1.003784
off,4324035,0.000122,-0.014282,1.003662
off,4324055,0.000488,-0.014648,1.004639
off,4324075,0.000000,-0.015015,1.004272
off,4324095,0.000366,-0.014771,1.003418
off,4324115,0.000488,-0.014771,1.003418
off,4324135,0.000488,-0.014648,1.004395
off,4324155,-0.000122,-0.015259,1.004761
off,4324175,0.000977,-0.015015,1.004761
off,4324195,0.002075,-0.014282,1.003784
off,4324215,0.000488,-0.015381,1.004028
off,4324235,0.000122,-0.015015,1.004395
off,4324255,0.000366,-0.015015,1.004028
off,4324275,0.000610,-0.014526,1.004761
off,4324295,0.000366,-0.014160,1.003784
off,4324315,0.000488,-0.015625,1.004150
off,4324335,0.000000,-0.015259,1.004150
off,4324355,0.000122,-0.015503,1.003662
off,4324375,0.000610,-0.014771,1.004395
off,4324395,0.000610,-0.014038,1.003662
off,4324415,0.000610,-0.014648,1.003784
off,4324435,0.000854,-0.014648,1.004395
off,4324455,0.000488,-0.014404,1.004272
off,4324475,0.000244,-0.015137,1.003540
off,4324495,0.000854,-0.014771,1.003906
off,4324515,0.000244,-0.015259,1.005127
off,4324535,0.000366,-0.014404,1.004517
off,4324555,0.000610,-0.014282,1.003540
off,4324575,0.000244,-0.014648,1.002930
off,4324595,0.000122,-0.014771,1.003418
off,4324615,0.000854,-0.014771,1.003906
off,4324635,0.000488,-0.014404,1.003418
off,4324655,0.000488,-0.013916,1.003418
off,4324675,0.000244,-0.014648,1.003540
off,4324695,0.001099,-0.015503,1.003418
off,4324715,0.000244,-0.014282,1.004395
off,4324735,0.000488,-0.015503,1.004395
off,4324755,0.000732,-0.013794,1.004272
off,4324775,0.000366,-0.013916,1.002686
off,4324795,0.000732,-0.014404,1.003662
off,4324815,0.000366,-0.014282,1.003174
off,4324835,0.000244,-0.014648,1.003662
off,4324855,0.000488,-0.014648,1.003540
off,4324875,0.000122,-0.014648,1.003296
off,4324895,0.000122,-0.014526,1.004028
off,4324915,0.000244,-0.014771,1.004150
off,4324935,0.000122,-0.014893,1.003540
off,4324955,0.000732,-0.014648,1.004272
off,4324975,0.000732,-0.014526,1.003906
off,4324995,0.000488,-0.014526,1.004272
off,4325015,0.000244,-0.014648,1.004150
off,4325035,0.000732,-0.015015,1.004639
off,4325055,0.000366,-0.014038,1.004150
off,4325075,0.000854,-0.015137,1.004150
off,4325095,0.000854,-0.014771,1.004395
off,4325115,0.000488,-0.015015,1.004517
off,4325135,0.000122,-0.014526,1.003906
off,4325155,0.000488,-0.014893,1.004150
off,4325175,0.000244,-0.014648,1.003418
off,4325195,0.000732,-0.015015,1.003174
off,4325215,0.000977,-0.014404,1.004150
off,4325235,0.000488,-0.015381,1.004150
off,4325255,0.000488,-0.015625,1.004150
off,4325275,0.000732,-0.015259,1.004150
off,4325295,0.000488,-0.014893,1.004150
off,4325315,0.000000,-0.014526,1.004395
off,4325335,0.000122,-0.015015,1.004150
off,4325355,0.000000,-0.015381,1.003296
off,4325375,0.000732,-0.014038,1.004272
off,4325395,0.000732,-0.014404,1.004761
off,4325415,0.000366,-0.014526,1.003540
off,4325435,0.000244,-0.015137,1.003906
off,4325455,0.000366,-0.013916,1.004395
off,4325475,0.000366,-0.013794,1.004150
off,4325495,0.000244,-0.014648,1.003906
off,4325515,0.000244,-0.014282,1.003296
off,4325535,0.000366,-0.014282,1.003174
off,4325555,0.000854,-0.015015,1.004395
off,4325575,0.000488,-0.014771,1.003296
off,4325595,0.000366,-0.014526,1.004150
off,4325615,0.000488,-0.014771,1.003906
off,4325635,0.000488,-0.014160,1.004395
off,4325655,0.001221,-0.014771,1.004517
off,4325675,0.000366,-0.014771,1.004639
off,4325695,0.000610,-0.014526,1.004761
off,4325715,0.000732,-0.014648,1.003784
off,4325735,0.000854,-0.014771,1.004395
off,4325755,0.000366,-0.014648,1.004028
off,4325775,0.000244,-0.014160,1.003906
off,4325795,-0.000122,-0.014038,1.003296
off,4325815,0.000977,-0.014404,1.004272
off,4325835,0.000244,-0.014648,1.003784
off,4325855,0.000732,-0.014526,1.003052
off,4325875,0.000610,-0.014771,1.004883
off,4325895,0.000244,-0.014893,1.003540
off,4325915,0.000610,-0.014771,1.003784
off,4325935,0.000366,-0.015137,1.002930
off,4325955,0.000244,-0.014893,1.003418
off,4325975,0.000366,-0.014404,1.004272
off,4325995,0.001099,-0.015259,1.003540
off,4326015,0.000732,-0.014282,1.003662
off,4326035,0.000610,-0.015259,1.003784
off,4326055,0.000610,-0.014893,1.004272
off,4326075,0.000977,-0.013794,1.004150
off,4326095,0.000244,-0.015137,1.003784
off,4326115,0.000244,-0.015137,1.004395
off,4326135,0.001099,-0.015137,1.002808
off,4326155,0.000977,-0.014526,1.003662
off,4326175,0.000854,-0.015137,1.003784
off,4326195,0.000366,-0.014038,1.004272
off,4326215,0.000366,-0.015015,1.004272
off,4326235,0.000122,-0.014771,1.002686
off,4326255,0.000488,-0.014526,1.004761
off,4326275,-0.000122,-0.015503,1.004395
off,4326295,0.000366,-0.013916,1.003174
off,4326315,0.000977,-0.014648,1.005127
off,4326335,0.000244,-0.015747,1.004028
off,4326355,0.000610,-0.014038,1.003906
off,4326375,0.000366,-0.014648,1.003052
off,4326395,0.000488,-0.014893,1.004761
off,4326415,0.000854,-0.014893,1.003174
off,4326435,0.000488,-0.015137,1.004028
off,4326455,0.000122,-0.014526,1.003662
off,4326475,0.000488,-0.014282,1.003052
off,4326495,0.000122,-0.015137,1.003906
off,4326515,0.000610,-0.014526,1.003052
off,4326535,0.000610,-0.014771,1.004150
off,4326555,0.000244,-0.014404,1.003296
off,4326575,0.000488,-0.014404,1.004272
off,4326595,0.000122,-0.014038,1.003174
off,4326615,0.000000,-0.014526,1.003662
off,4326635,0.000122,-0.014160,1.003906
off,4326655,0.000488,-0.014526,1.003784
off,4326675,0.001099,-0.014893,1.003906
off,4326695,0.000122,-0.015747,1.003296
off,4326715,0.000244,-0.014893,1.003052
off,4326735,0.000488,-0.014893,1.003784
off,4326755,0.000732,-0.015625,1.004883
off,4326775,0.000122,-0.014648,1.004272
off,4326795,0.000122,-0.014404,1.004761
off,4326815,0.000488,-0.015015,1.004395
off,4326835,-0.000366,-0.014893,1.004028
off,4326855,0.000244,-0.015137,1.005005
off,4326875,0.000854,-0.015015,1.003662
off,4326895,0.000244,-0.014404,1.003662
off,4326915,0.001099,-0.013916,1.004028
off,4326935,0.000122,-0.014648,1.004028
off,4326955,0.000244,-0.013672,1.004272
off,4326975,0.000366,-0.014648,1.003906
off,4326995,0.000244,-0.013916,1.003906
off,4327015,0.000610,-0.015259,1.003784
off,4327035,0.000122,-0.015381,1.004150
off,4327055,0.000610,-0.015015,1.003418
off,4327075,0.000610,-0.015015,1.004028
off,4327095,0.000366,-0.014771,1.003906
off,4327115,0.000732,-0.014648,1.003784
off,4327135,0.000366,-0.014038,1.003784
off,4327155,0.000366,-0.015259,1.003540
off,4327175,0.000732,-0.014404,1.004272
off,4327195,0.000610,-0.014648,1.003784
off,4327215,0.000244,-0.014404,1.004517
off,4327235,0.000244,-0.014038,1.003662
off,4327255,0.000488,-0.014648,1.004517
off,4327275,0.000000,-0.014404,1.004639
off,4327295,0.000122,-0.014771,1.004028
off,4327315,0.000854,-0.015381,1.004272
off,4327335,0.000854,-0.014648,1.003174
off,4327355,0.000488,-0.015015,1.004517
off,4327375,0.000732,-0.015259,1.004883
off,4327395,0.000732,-0.015015,1.004395
off,4327415,0.000244,-0.014038,1.003906
off,4327435,0.000610,-0.014771,1.004150
off,4327455,0.000610,-0.014771,1.003418
off,4327475,0.000854,-0.015137,1.004028
off,4327495,0.000488,-0.014404,1.003296
off,4327515,0.000244,-0.014526,1.004761
off,4327535,0.000000,-0.014893,1.004028
off,4327555,0.000854,-0.015015,1.004028
off,4327575,0.000244,-0.015015,1.003174
off,4327595,-0.000244,-0.014893,1.004028
off,4327615,0.000366,-0.014282,1.003052
off,4327635,0.000488,-0.013794,1.003540
off,4327655,0.000610,-0.014893,1.004028
off,4327675,0.000122,-0.014648,1.004150
off,4327695,0.000488,-0.013794,1.003906
off,4327715,0.000854,-0.015625,1.004639
off,4327735,0.000732,-0.014282,1.004028
off,4327755,0.000488,-0.014282,1.004028
off,4327775,0.000488,-0.014771,1.004028
off,4327795,0.000366,-0.014160,1.004028
off,4327815,0.000732,-0.014648,1.003296
off,4327835,-0.000244,-0.015259,1.003662
off,4327855,0.000488,-0.014160,1.004028
off,4327875,0.000244,-0.015015,1.003906
off,4327895,0.000732,-0.015015,1.004028
off,4327915,0.001099,-0.014404,1.002686
off,4327935,0.000122,-0.014648,1.004028
off,4327955,0.000000,-0.014160,1.003296
off,4327975,0.000244,-0.013794,1.003784
off,4327995,0.000366,-0.014893,1.004272
off,4328015,0.000366,-0.014648,1.004028
off,4328035,0.000610,-0.014404,1.003662
off,4328055,0.000244,-0.014771,1.004150
off,4328075,0.000610,-0.015259,1.003662
off,4328095,0.000366,-0.014648,1.003052
off,4328115,0.000366,-0.014404,1.004395
off,4328135,0.000244,-0.015015,1.003540
off,4328155,0.000366,-0.014526,1.003174
off,4328175,0.000122,-0.014526,1.003174
off,4328195,0.000977,-0.015747,1.003418
off,4328215,0.000122,-0.015015,1.004150
off,4328235,0.000732,-0.014038,1.003540
off,4328255,0.000610,-0.014648,1.004395
off,4328275,0.000366,-0.014893,1.003784
off,4328295,0.000244,-0.015015,1.005005
off,4328315,0.001099,-0.014282,1.004395
off,4328335,0.000977,-0.014526,1.004395
off,4328355,0.000854,-0.015015,1.004272
off,4328375,0.000977,-0.014771,1.003662
off,4328395,0.000122,-0.014404,1.004395
off,4328415,0.000244,-0.014160,1.003784
off,4328435,0.000122,-0.014404,1.003540
off,4328455,-0.000122,-0.014282,1.004272
off,4328475,0.000000,-0.014771,1.002563
off,4328495,0.000000,-0.013672,1.003906
off,4328515,0.000244,-0.014648,1.003540
off,4328535,0.000732,-0.014648,1.004150
off,4328555,0.000854,-0.014893,1.003540
off,4328575,0.000732,-0.014893,1.004028
off,4328595,0.000366,-0.014160,1.002930
off,4328615,0.000122,-0.014526,1.003906
off,4328635,0.000366,-0.014648,1.004272
off,4328655,0.000732,-0.015015,1.004395
off,4328675,0.000366,-0.014282,1.003784
off,4328695,0.000610,-0.014526,1.003662
off,4328715,0.000122,-0.014526,1.003540
off,4328735,0.000000,-0.015015,1.003418
off,4328755,0.000488,-0.014282,1.003296
off,4328775,0.000610,-0.013916,1.003906
off,4328795,0.000122,-0.015259,1.004028
off,4328815,-0.000122,-0.015259,1.003784
off,4328835,0.000488,-0.014893,1.003906
off,4328855,0.000122,-0.014038,1.003540
off,4328875,0.000366,-0.014526,1.003906
off,4328895,0.000610,-0.015015,1.004395
off,4328915,-0.000244,-0.015015,1.004395
off,4328935,0.000488,-0.014404,1.003296
off,4328955,0.000854,-0.013794,1.003296
off,4328975,0.000122,-0.014771,1.002686
off,4328995,0.000366,-0.014404,1.004028
off,4329015,0.000610,-0.014771,1.003540
off,4329035,0.000488,-0.014893,1.003784
off,4329055,0.000366,-0.015503,1.003540
off,4329075,0.000122,-0.014893,1.003296
off,4329095,0.000366,-0.014404,1.004028
off,4329115,0.000000,-0.015259,1.003296
off,4329135,0.000488,-0.014404,1.003784
off,4329155,0.000000,-0.013794,1.003540
off,4329175,-0.000122,-0.014282,1.002930
off,4329195,0.000732,-0.014160,1.003418
off,4329215,0.000244,-0.015015,1.004028
off,4329235,0.000366,-0.014526,1.004150
off,4329255,0.000488,-0.014648,1.004150
off,4329275,0.000244,-0.014893,1.003662
off,4329295,0.000000,-0.015259,1.003784
off,4329315,0.000610,-0.014404,1.004150
off,4329335,0.000732,-0.014893,1.003052
off,4329355,0.000610,-0.015503,1.004150
off,4329375,0.000244,-0.014038,1.004883
off,4329395,0.000977,-0.015015,1.003906
off,4329415,0.000122,-0.014648,1.002686
off,4329435,0.000366,-0.014648,1.004028
off,4329455,0.000732,-0.015259,1.003540
off,4329475,0.000732,-0.014526,1.003052
off,4329495,0.000122,-0.013916,1.003784
off,4329515,0.000610,-0.015015,1.003052
off,4329535,0.000732,-0.014648,1.003418
off,4329555,0.000366,-0.014771,1.002930
off,4329575,0.000122,-0.015259,1.002808
off,4329595,0.000366,-0.014893,1.003662
off,4329615,0.000488,-0.015625,1.003784
off,4329635,0.000122,-0.014526,1.003296
off,4329655,0.001343,-0.015137,1.004028
off,4329675,0.000488,-0.014648,1.004639
off,4329695,0.001221,-0.013916,1.003906
off,4329715,0.000610,-0.015015,1.004517
off,4329735,0.001221,-0.014526,1.004639
off,4329755,0.000122,-0.014526,1.004150
off,4329775,0.000610,-0.014771,1.003296
off,4329795,0.001099,-0.015137,1.004272
off,4329815,0.000244,-0.013916,1.002686
off,4329835,0.000610,-0.014893,1.003784
off,4329855,0.000000,-0.014893,1.003174
off,4329875,0.000244,-0.015015,1.003784
off,4329895,0.000488,-0.014771,1.003906
off,4329915,-0.000122,-0.013916,1.004150
off,4329935,0.000732,-0.015625,1.005005
off,4329955,0.001343,-0.015137,1.004150
off,4329975,0.000488,-0.014404,1.003052
off,4329995,0.000610,-0.015381,1.003418
off,4330015,0.000366,-0.014771,1.004395
off,4330035,0.000366,-0.014404,1.003784
off,4330055,0.000732,-0.014771,1.003418
off,4330075,0.000977,-0.014893,1.002808
off,4330095,0.000122,-0.014282,1.004028
off,4330115,0.000488,-0.014404,1.003784
off,4330135,0.000488,-0.014404,1.003784
off,4330155,0.000488,-0.015503,1.004272
off,4330175,0.000366,-0.013916,1.004028
off,4330195,0.000000,-0.014526,1.003784
off,4330215,0.000244,-0.014771,1.003296
off,4330235,0.000732,-0.014404,1.004272
off,4330255,0.000610,-0.014648,1.003662
off,4330275,0.000122,-0.015137,1.003540
off,4330295,0.000488,-0.014648,1.003540
off,4330315,0.000610,-0.014771,1.004028
off,4330335,0.000366,-0.014404,1.003418
off,4330355,0.000366,-0.015381,1.003784
off,4330375,0.000244,-0.014526,1.004028
off,4330395,0.000854,-0.014404,1.003540
off,4330415,0.000610,-0.013794,1.004272
off,4330435,0.000610,-0.014771,1.004517
off,4330455,0.000488,-0.014893,1.004517
off,4330475,-0.000244,-0.014526,1.003662
off,4330495,0.000732,-0.015137,1.003540
off,4330515,0.000488,-0.014526,1.004761
off,4330535,0.000610,-0.015381,1.003662
off,4330555,0.000366,-0.015137,1.003906
off,4330575,0.000244,-0.014771,1.004272
off,4330595,0.001221,-0.014648,1.004272
off,4330615,0.000977,-0.014526,1.004272
off,4330635,0.000122,-0.014526,1.003662
off,4330655,0.000366,-0.015137,1.004028
off,4330675,0.000122,-0.014526,1.004517
off,4330695,0.000244,-0.015381,1.003906
off,4330715,0.000488,-0.014648,1.003906
off,4330735,0.000122,-0.015259,1.003052
off,4330755,0.000610,-0.014282,1.002808
off,4330775,0.000000,-0.014648,1.004639
off,4330795,0.000488,-0.015259,1.004150
off,4330815,0.000488,-0.015259,1.004150
off,4330835,0.000488,-0.015015,1.003540
off,4330855,0.000854,-0.015137,1.003296
off,4330875,0.000854,-0.014771,1.003784
off,4330895,0.000366,-0.014648,1.004639
off,4330915,0.000244,-0.014771,1.002930
off,4330935,0.000366,-0.014160,1.002686
off,4330955,0.000488,-0.014526,1.003540
off,4330975,0.000854,-0.015015,1.003174
off,4330995,0.000244,-0.014648,1.004150
off,4331015,0.000244,-0.014648,1.002930
off,4331035,0.000366,-0.015015,1.004517
off,4331055,0.000610,-0.014404,1.003418
off,4331075,0.000244,-0.014282,1.003540
off,4331095,0.000854,-0.014404,1.003540
off,4331115,0.000610,-0.014526,1.002930
off,4331135,0.000488,-0.014282,1.004150
off,4331155,0.000977,-0.014282,1.003418
off,4331175,0.000610,-0.013916,1.004150
off,4331195,0.000366,-0.014893,1.003906
off,4331215,0.000977,-0.014648,1.003540
off,4331235,0.000244,-0.014893,1.003418
off,4331255,0.000854,-0.015259,1.003906
off,4331275,0.000854,-0.014404,1.004272
off,4331295,0.000366,-0.014771,1.004395
off,4331315,0.000732,-0.014771,1.003174
off,4331335,-0.000244,-0.014282,1.004028
off,4331355,0.000488,-0.014648,1.004028
off,4331375,0.000244,-0.014893,1.002441
off,4331395,0.000977,-0.015503,1.003174
off,4331415,0.000488,-0.014893,1.004028
off,4331435,0.000732,-0.014160,1.003296
off,4331455,0.000366,-0.014893,1.003540
off,4331475,0.000732,-0.014648,1.004761
off,4331495,0.000122,-0.015015,1.003052
off,4331515,0.000122,-0.014282,1.004272
off,4331535,0.000732,-0.015015,1.003418
off,4331555,0.000488,-0.015015,1.003784
off,4331575,0.000366,-0.014771,1.005005
off,4331595,0.000732,-0.014893,1.003784
off,4331615,0.000122,-0.014526,1.003662
off,4331635,0.000366,-0.014526,1.003418
off,4331655,0.000610,-0.014282,1.004761
off,4331675,0.001099,-0.014893,1.004395
off,4331695,0.000610,-0.014282,1.003662
off,4331715,0.001221,-0.014282,1.004150
off,4331735,0.000610,-0.014526,1.005127
off,4331755,0.000122,-0.014160,1.003784
off,4331775,0.000366,-0.015137,1.002930
off,4331795,0.000244,-0.014526,1.003784
off,4331815,0.000000,-0.013916,1.004517
off,4331835,0.001099,-0.014404,1.003662
off,4331855,-0.000122,-0.014404,1.004883
off,4331875,0.000488,-0.014526,1.004028
off,4331895,0.000488,-0.014404,1.003540
off,4331915,0.000366,-0.015137,1.003784
off,4331935,0.000122,-0.015137,1.004150
off,4331955,0.000732,-0.014771,1.003784
off,4331975,0.000244,-0.014771,1.003784
off,4331995,0.000854,-0.014038,1.004028
off,4332015,0.000488,-0.014038,1.004150
off,4332035,0.000244,-0.015137,1.004028
off,4332055,0.000732,-0.015259,1.004517
off,4332075,0.000610,-0.014648,1.003906
off,4332095,0.000854,-0.014038,1.004028
off,4332115,0.000977,-0.014404,1.003784
off,4332135,0.000122,-0.014404,1.003540
off,4332155,0.000244,-0.015137,1.003662
off,4332175,0.000122,-0.014404,1.004639
off,4332195,-0.000122,-0.014648,1.005005
off,4332215,0.000610,-0.014771,1.003540
off,4332235,0.000854,-0.014282,1.004883
off,4332255,0.000122,-0.014526,1.003540
off,4332275,0.000610,-0.015137,1.004639
off,4332295,0.000000,-0.014526,1.003784
off,4332315,0.001099,-0.015259,1.004639
off,4332335,0.000122,-0.014038,1.004150
off,4332355,0.000732,-0.014404,1.004028
off,4332375,0.000122,-0.014526,1.003540
off,4332395,0.000244,-0.014648,1.003662
off,4332415,0.000122,-0.014648,1.003784
off,4332435,0.000488,-0.014526,1.003174
off,4332455,0.000732,-0.014038,1.003540
off,4332475,0.000610,-0.014771,1.004272
off,4332495,0.000244,-0.014160,1.004028
off,4332515,0.000366,-0.014038,1.004761
off,4332535,0.000366,-0.014038,1.003052
off,4332555,0.000854,-0.014893,1.003662
off,4332575,0.000366,-0.014160,1.002930
off,4332595,0.000244,-0.014893,1.004150
off,4332615,0.000244,-0.015381,1.003906
off,4332635,0.000122,-0.015137,1.004761
off,4332655,0.000122,-0.014893,1.003540
off,4332675,0.000366,-0.014648,1.003906
off,4332695,0.000610,-0.014160,1.002930
off,4332715,0.000732,-0.014771,1.004028
off,4332735,0.000854,-0.015625,1.004272
off,4332755,-0.000122,-0.014771,1.003540
off,4332775,0.000122,-0.014893,1.003662
off,4332795,0.000366,-0.014893,1.002930
off,4332815,0.000732,-0.015747,1.003540
off,4332835,0.000610,-0.015015,1.004150
off,4332855,0.000854,-0.015015,1.003906
off,4332875,0.000122,-0.014771,1.003784
off,4332895,0.000488,-0.013916,1.004517
off,4332915,0.000610,-0.014893,1.003174
off,4332935,0.000488,-0.014893,1.004639
off,4332955,0.000122,-0.014282,1.003662
off,4332975,0.000122,-0.015259,1.003906
off,4332995,0.000732,-0.014893,1.004150
off,4333015,0.000244,-0.014282,1.003418
off,4333035,0.000366,-0.014648,1.003418
off,4333055,0.001099,-0.014771,1.002686
off,4333075,0.000610,-0.015015,1.003662
off,4333095,0.000000,-0.014282,1.003174
off,4333115,0.000732,-0.014160,1.003540
off,4333135,0.000122,-0.015137,1.004150
off,4333155,0.000366,-0.015137,1.003906
off,4333175,0.000122,-0.014893,1.003906
off,4333195,0.000977,-0.014526,1.004761
off,4333215,0.000000,-0.015015,1.002930
off,4333235,0.001099,-0.014038,1.004150
off,4333255,0.001709,-0.014160,1.005005
off,4333275,0.000366,-0.014282,1.004761
off,4333295,0.000610,-0.014648,1.004517
off,4333315,-0.000122,-0.014282,1.004028
off,4333335,0.000610,-0.015015,1.003906
off,4333355,0.000244,-0.015015,1.003540
off,4333375,0.000732,-0.014648,1.004395
off,4333395,0.000488,-0.015015,1.004517
off,4333415,0.000366,-0.015015,1.003906
off,4333435,0.000366,-0.014771,1.004639
off,4333455,0.000000,-0.015137,1.003540
off,4333475,0.000610,-0.015259,1.003784
off,4333495,0.000122,-0.013550,1.003784
off,4333515,0.000488,-0.015259,1.004028
off,4333535,0.000244,-0.015015,1.004517
off,4333555,0.000610,-0.014771,1.003784
off,4333575,0.000854,-0.014893,1.003906
off,4333595,0.000610,-0.014526,1.004150
off,4333615,0.000244,-0.014893,1.004395
off,4333635,0.000366,-0.015137,1.003540
off,4333655,0.000244,-0.014648,1.003540
off,4333675,0.000488,-0.014526,1.002686
off,4333695,0.000488,-0.015259,1.003662
off,4333715,0.000366,-0.014404,1.003174
off,4333735,0.000732,-0.014404,1.004272
off,4333755,0.000610,-0.014526,1.002686
off,4333775,0.000000,-0.014160,1.003662
off,4333795,0.000366,-0.014648,1.003052
off,4333815,0.000244,-0.014771,1.004272
off,4333835,0.001099,-0.014648,1.003784
off,4333855,0.000488,-0.015625,1.004028
off,4333875,0.000244,-0.014648,1.004761
off,4333895,0.000488,-0.014160,1.004761
off,4333915,0.000488,-0.015503,1.004395
off,4333935,0.000732,-0.014893,1.003540
off,4333955,0.000366,-0.014526,1.004028
off,4333975,0.000610,-0.014526,1.004272
off,4333995,0.000610,-0.014282,1.004272
off,4334015,0.000854,-0.014893,1.003906
off,4334035,0.000610,-0.014648,1.003052
off,4334055,0.000488,-0.014160,1.003662
off,4334075,0.001099,-0.015259,1.003784
off,4334095,0.000488,-0.015015,1.003662
off,4334115,0.000244,-0.015015,1.003784
off,4334135,0.000000,-0.014771,1.003784
off,4334155,0.000854,-0.014526,1.004761
off,4334175,0.000000,-0.014648,1.004028
off,4334195,0.000366,-0.014038,1.004517
off,4334215,0.000488,-0.015137,1.003296
off,4334235,-0.000122,-0.014771,1.003296
off,4334255,0.000854,-0.014771,1.004639
off,4334275,0.000977,-0.014648,1.003052
off,4334295,0.000610,-0.014404,1.003296
off,4334315,0.000244,-0.014648,1.004150
off,4334335,0.000732,-0.015381,1.003296
off,4334355,0.000488,-0.015625,1.003540
off,4334375,0.000610,-0.014282,1.003906
off,4334395,0.000610,-0.015015,1.003784
off,4334415,0.000366,-0.014893,1.004395
off,4334435,0.000488,-0.013794,1.003784
off,4334455,0.000488,-0.014893,1.004517
off,4334475,0.000610,-0.015015,1.003052
off,4334495,0.000244,-0.015015,1.004150
off,4334515,0.000977,-0.015381,1.003540
off,4334535,0.000366,-0.014404,1.003296
off,4334555,0.000000,-0.014771,1.004517
off,4334575,0.000122,-0.015137,1.004150
off,4334595,0.000122,-0.014648,1.003906
off,4334615,0.000488,-0.014648,1.004150
off,4334635,0.000122,-0.015381,1.004395
off,4334655,0.000488,-0.013916,1.004517
off,4334675,0.000244,-0.014526,1.003174
off,4334695,0.000244,-0.015015,1.003784
off,4334715,0.000244,-0.014404,1.003540
off,4334735,0.000000,-0.015015,1.004272
off,4334755,0.000366,-0.014160,1.002808
off,4334775,0.000366,-0.015015,1.003418
off,4334795,0.000732,-0.014282,1.003418
off,4334815,0.000854,-0.014404,1.004517
off,4334835,0.000366,-0.015259,1.003784
off,4334855,0.000244,-0.014404,1.004150
off,4334875,0.000366,-0.015381,1.003540
off,4334895,0.000488,-0.015015,1.003174
off,4334915,0.000122,-0.015015,1.003784
off,4334935,-0.000122,-0.014648,1.003418
off,4334955,0.000122,-0.014038,1.004028
off,4334975,0.000366,-0.015259,1.003662
off,4334995,0.000488,-0.015747,1.005005
off,4335015,0.000244,-0.014526,1.004028
off,4335035,0.000244,-0.015015,1.004028
off,4335055,0.000732,-0.015625,1.003662
off,4335075,0.000488,-0.014526,1.002686
off,4335095,0.001099,-0.014893,1.004883
off,4335115,0.000732,-0.013916,1.003784
off,4335135,0.000366,-0.014282,1.004272
off,4335155,0.000732,-0.014404,1.003418
off,4335175,0.000610,-0.015137,1.003784
off,4335195,0.000000,-0.014038,1.004028
off,4335215,0.000366,-0.014282,1.003906
off,4335235,0.000000,-0.014160,1.003662
off,4335255,0.000610,-0.015015,1.003296
off,4335275,0.000122,-0.014648,1.003052
off,4335295,0.000244,-0.014893,1.004639
off,4335315,0.000244,-0.014404,1.004028
off,4335335,0.000610,-0.014893,1.003296
off,4335355,0.000488,-0.015869,1.003784
off,4335375,0.000610,-0.014648,1.004395
off,4335395,0.000000,-0.014771,1.004517
off,4335415,0.000488,-0.015015,1.004272
off,4335435,0.000732,-0.014771,1.004883
off,4335455,0.000610,-0.014526,1.004028
off,4335475,0.000122,-0.014648,1.003296
off,4335495,0.000366,-0.015503,1.004028
off,4335515,0.000732,-0.014648,1.003784
off,4335535,0.000610,-0.015137,1.003540
off,4335555,0.000244,-0.014404,1.004639
off,4335575,0.000000,-0.014893,1.004517
off,4335595,0.000488,-0.014404,1.004761
off,4335615,0.000488,-0.015015,1.003418
off,4335635,0.000977,-0.014648,1.003540
off,4335655,0.000000,-0.014771,1.005005
off,4335675,0.000366,-0.014648,1.003906
off,4335695,0.000488,-0.015991,1.003906
off,4335715,0.000366,-0.015015,1.004517
off,4335735,0.000854,-0.015259,1.003906
off,4335755,0.000610,-0.014282,1.004517
off,4335775,0.000366,-0.014771,1.003906
off,4335795,0.000244,-0.014893,1.004028
off,4335815,0.000610,-0.014526,1.004150
off,4335835,0.000488,-0.015381,1.004517
off,4335855,0.000610,-0.014526,1.004395
off,4335875,0.001099,-0.015015,1.003296
off,4335895,0.000122,-0.015259,1.003418
off,4335915,0.000244,-0.014282,1.004150
off,4335935,0.000122,-0.014526,1.004150
off,4335955,0.000000,-0.015015,1.004150
off,4335975,0.000488,-0.014771,1.003296
off,4335995,0.000244,-0.014771,1.004883
off,4336015,0.000732,-0.014771,1.004517
off,4336035,0.000977,-0.014160,1.004150
off,4336055,-0.000122,-0.014771,1.003540
off,4336075,0.000732,-0.015747,1.002441
off,4336095,0.000122,-0.014038,1.004150
off,4336115,0.000366,-0.014771,1.003906
off,4336135,0.000244,-0.014648,1.004272
off,4336155,0.000366,-0.014282,1.004272
off,4336175,0.000854,-0.014404,1.005127
off,4336195,-0.000122,-0.014526,1.003540
off,4336215,0.000488,-0.014893,1.002686
off,4336235,0.000610,-0.014282,1.004517
off,4336255,0.000244,-0.015503,1.002686
off,4336275,0.000000,-0.014404,1.004272
off,4336295,0.000854,-0.015137,1.003784
off,4336315,0.000000,-0.015381,1.004150
off,4336335,0.000366,-0.015259,1.004028
off,4336355,0.000244,-0.014404,1.004150
off,4336375,0.000244,-0.014893,1.004150
off,4336395,0.000244,-0.014648,1.003418
off,4336415,0.000366,-0.013916,1.003662
off,4336435,0.000488,-0.014771,1.004639
off,4336455,0.000732,-0.015015,1.003784
off,4336475,0.000366,-0.014038,1.004272
off,4336495,0.000488,-0.015137,1.004028
off,4336515,0.000000,-0.014526,1.003540
off,4336535,0.000610,-0.014282,1.004272
off,4336555,0.000366,-0.015015,1.003662
off,4336575,0.000244,-0.013916,1.003418
off,4336595,0.000122,-0.014771,1.003784
off,4336615,0.000610,-0.014526,1.003784
off,4336635,0.001465,-0.014526,1.004517
off,4336655,0.000610,-0.014160,1.004028
off,4336675,0.000732,-0.015015,1.004517
off,4336695,0.000732,-0.015747,1.003906
off,4336715,0.000366,-0.014526,1.004395
off,4336735,0.000854,-0.014648,1.005249
off,4336755,0.000610,-0.015381,1.004639
off,4336775,0.000732,-0.014404,1.003174
off,4336795,0.000854,-0.014282,1.004272
off,4336815,0.000122,-0.014404,1.003174
off,4336835,0.000366,-0.014404,1.004150
off,4336855,0.000488,-0.014282,1.003662
off,4336875,0.000610,-0.014282,1.004028
off,4336895,0.000732,-0.014771,1.004150
off,4336915,0.000244,-0.014282,1.004272
off,4336935,0.000732,-0.014404,1.004517
off,4336955,0.000488,-0.015137,1.004639
off,4336975,0.000610,-0.015015,1.004395
off,4336995,0.000610,-0.015015,1.003906
off,4337015,0.000244,-0.015259,1.003662
off,4337035,0.000244,-0.014648,1.003296
off,4337055,0.000732,-0.014038,1.004150
off,4337075,0.000244,-0.015259,1.003906
off,4337095,0.000122,-0.014526,1.004639
off,4337115,0.000854,-0.013916,1.003662
off,4337135,0.000366,-0.013916,1.003906
off,4337155,0.000488,-0.015259,1.004395
off,4337175,0.000732,-0.014893,1.004761
off,4337195,0.000366,-0.014771,1.004028
off,4337215,0.000610,-0.014771,1.003662
off,4337235,0.000122,-0.014771,1.002808
off,4337255,0.000488,-0.015259,1.003784
off,4337275,0.000610,-0.014526,1.004150
off,4337295,0.000244,-0.014404,1.004272
off,4337315,0.000488,-0.015503,1.004639
off,4337335,0.000610,-0.014648,1.003906
off,4337355,0.000366,-0.015381,1.004639
off,4337375,0.000366,-0.015747,1.004150
off,4337395,0.000244,-0.014648,1.003296
off,4337415,0.000488,-0.014771,1.004272
off,4337435,0.000732,-0.014526,1.004395
off,4337455,0.000366,-0.014893,1.004517
off,4337475,0.000244,-0.015381,1.003784
off,4337495,0.000244,-0.015137,1.004272
off,4337515,0.000488,-0.014526,1.003418
off,4337535,0.000244,-0.014526,1.003296
off,4337555,0.000488,-0.014771,1.004517
off,4337575,0.000366,-0.015503,1.004517
off,4337595,0.000854,-0.014893,1.003784
off,4337615,0.001099,-0.014893,1.004272
off,4337635,0.000366,-0.015137,1.004028
off,4337655,0.000977,-0.014526,1.003296
off,4337675,0.000854,-0.014404,1.003906
off,4337695,0.000732,-0.014771,1.004028
off,4337715,0.000122,-0.014160,1.003784
off,4337735,0.000366,-0.014648,1.004517
off,4337755,0.000122,-0.014526,1.004395
off,4337775,0.000244,-0.015015,1.004395
off,4337795,-0.000244,-0.014648,1.004272
off,4337815,0.000244,-0.014771,1.003418
off,4337835,0.000977,-0.015015,1.003906
off,4337855,0.000244,-0.014038,1.003906
off,4337875,0.000610,-0.014526,1.003784
off,4337895,-0.000122,-0.015259,1.003662
off,4337915,0.000732,-0.014160,1.004395
off,4337935,0.000732,-0.014771,1.003784
off,4337955,0.000366,-0.014526,1.003296
off,4337975,0.000366,-0.015381,1.004028
off,4337995,0.000366,-0.014771,1.004639
off,4338015,0.000732,-0.014771,1.003906
off,4338035,0.000732,-0.014771,1.003662
off,4338055,0.000366,-0.015503,1.003540
off,4338075,0.000366,-0.014648,1.004639
off,4338095,0.000366,-0.014771,1.003662
off,4338115,0.000122,-0.014648,1.002930
off,4338135,0.000488,-0.014404,1.004395
off,4338155,0.000610,-0.015259,1.003906
off,4338175,0.000366,-0.015015,1.003662
off,4338195,0.000366,-0.015503,1.003052
off,4338215,0.000732,-0.014771,1.004639
off,4338235,0.000366,-0.015625,1.004395
off,4338255,0.000244,-0.015015,1.004272
off,4338275,0.000854,-0.015015,1.004028
off,4338295,0.000244,-0.014404,1.003418
off,4338315,0.000488,-0.014526,1.004639
off,4338335,0.000122,-0.014648,1.004517
off,4338355,0.000122,-0.014648,1.003662
off,4338375,0.000244,-0.014282,1.004028
off,4338395,0.000854,-0.015259,1.004272
off,4338415,0.000610,-0.014893,1.003174
off,4338435,0.000000,-0.014771,1.003174
off,4338455,0.000366,-0.014771,1.004028
off,4338475,0.000366,-0.014526,1.004028
off,4338495,0.000366,-0.014771,1.004028
off,4338515,0.001221,-0.015137,1.004639
off,4338535,0.000122,-0.014893,1.004517
off,4338555,0.000244,-0.015015,1.004150
off,4338575,0.000366,-0.013672,1.004517
off,4338595,0.000122,-0.013672,1.004639
off,4338615,0.000366,-0.014526,1.003540
off,4338635,0.000244,-0.014038,1.004761
off,4338655,0.000244,-0.014526,1.004395
off,4338675,0.001221,-0.014404,1.003784
off,4338695,0.000366,-0.015137,1.003662
off,4338715,0.000488,-0.015503,1.004395
off,4338735,0.000488,-0.014771,1.004517
off,4338755,0.000366,-0.014648,1.004517
off,4338775,0.000122,-0.014771,1.003174
off,4338795,0.000122,-0.014893,1.004028
off,4338815,0.000000,-0.014038,1.005127
off,4338835,0.000610,-0.015015,1.004639
off,4338855,0.000244,-0.015137,1.003784
off,4338875,0.000854,-0.013550,1.003296
off,4338895,0.000488,-0.015259,1.004272
off,4338915,0.000122,-0.015259,1.004395
off,4338935,0.000488,-0.015015,1.003784
off,4338955,0.000000,-0.014526,1.004395
off,4338975,0.000122,-0.014893,1.004150
off,4338995,0.000488,-0.014404,1.004272
off,4339015,0.000488,-0.014771,1.004028
off,4339035,0.000610,-0.014526,1.003662
off,4339055,0.000610,-0.014648,1.005005
off,4339075,0.000610,-0.014038,1.004517
off,4339095,0.000732,-0.015259,1.004028
off,4339115,0.000244,-0.014404,1.003052
off,4339135,0.000732,-0.015381,1.004517
off,4339155,0.001343,-0.014160,1.004883
off,4339175,0.000244,-0.015015,1.004272
off,4339195,0.000366,-0.014160,1.004028
off,4339215,0.000366,-0.015137,1.004150
off,4339235,0.000366,-0.014893,1.003662
off,4339255,0.000122,-0.014282,1.004395
off,4339275,0.001099,-0.014526,1.003784
off,4339295,0.000732,-0.015503,1.003906
off,4339315,0.000244,-0.014526,1.004272
off,4339335,0.000122,-0.014404,1.003662
off,4339355,0.000366,-0.014526,1.004028
off,4339375,0.000732,-0.014771,1.004028
off,4339395,0.000610,-0.014771,1.004639
off,4339415,0.000610,-0.014526,1.003662
off,4339435,0.000244,-0.014648,1.004150
off,4339455,0.000244,-0.014160,1.004517
off,4339475,0.000122,-0.015259,1.004272
off,4339495,0.000366,-0.013550,1.004395
off,4339515,0.000732,-0.014771,1.003418
off,4339535,0.000488,-0.014648,1.003052
off,4339555,0.000366,-0.015503,1.004761
off,4339575,0.000000,-0.014404,1.003906
off,4339595,0.000366,-0.014160,1.003662
off,4339615,0.000488,-0.014648,1.003784
off,4339635,0.000488,-0.014526,1.003784
off,4339655,0.000977,-0.015381,1.003906
off,4339675,0.000244,-0.014771,1.004028
off,4339695,0.000366,-0.013550,1.004517
off,4339715,0.000977,-0.015137,1.004028
off,4339735,0.000610,-0.015381,1.004272
off,4339755,0.000366,-0.014648,1.003906
off,4339775,0.000366,-0.015503,1.004395
off,4339795,0.000732,-0.014038,1.003540
off,4339815,0.000122,-0.014160,1.002930
off,4339835,0.000610,-0.015259,1.003540
off,4339855,0.000366,-0.014771,1.003784
off,4339875,0.000977,-0.015503,1.003906
off,4339895,0.000610,-0.014648,1.003662
off,4339915,0.000488,-0.014648,1.003906
off,4339935,0.000366,-0.014282,1.003296
off,4339955,0.000366,-0.013916,1.003906
off,4339975,0.000488,-0.013916,1.003662
off,4339995,0.000244,-0.015015,1.004517
off,4340015,0.000610,-0.014404,1.005005
off,4340035,0.000366,-0.014893,1.004395
off,4340055,0.000610,-0.014771,1.004028
off,4340075,0.000854,-0.015381,1.004150
off,4340095,0.000122,-0.015015,1.004761
off,4340115,0.000610,-0.014771,1.003052
off,4340135,0.000610,-0.014160,1.004517
off,4340155,0.000977,-0.014526,1.003906
off,4340175,0.000122,-0.014404,1.004028
off,4340195,0.000122,-0.014893,1.003906
off,4340215,0.000732,-0.014648,1.003174
off,4340235,0.000610,-0.014526,1.003906
off,4340255,0.000854,-0.015015,1.004272
off,4340275,0.000244,-0.013916,1.003296
off,4340295,0.001587,-0.014893,1.004028
off,4340315,0.000244,-0.014771,1.003418
off,4340335,0.000854,-0.014282,1.004395
off,4340355,0.000732,-0.014282,1.003662
off,4340375,0.000244,-0.015015,1.004150
off,4340395,0.000244,-0.014771,1.004028
off,4340415,0.000488,-0.014893,1.004028
off,4340435,0.000366,-0.014404,1.004395
off,4340455,0.000610,-0.014893,1.004272
off,4340475,0.000366,-0.014282,1.004150
off,4340495,0.000732,-0.015137,1.004395
off,4340515,0.000977,-0.013794,1.004517
off,4340535,0.000366,-0.014526,1.003784
off,4340555,0.000610,-0.014893,1.004395
off,4340575,0.000366,-0.014282,1.002808
off,4340595,0.000854,-0.015137,1.004150
off,4340615,0.000610,-0.014648,1.003662
off,4340635,0.000488,-0.014282,1.003784
off,4340655,0.000488,-0.013672,1.004883
off,4340675,0.000122,-0.013916,1.003906
off,4340695,0.000122,-0.014526,1.002808
off,4340715,0.000122,-0.015259,1.003906
off,4340735,0.000244,-0.014648,1.004395
off,4340755,0.000488,-0.014526,1.002930
off,4340775,0.000732,-0.014282,1.003540
off,4340795,0.000610,-0.013916,1.004272
off,4340815,0.000122,-0.014526,1.003296
off,4340835,0.000610,-0.015015,1.004150
off,4340855,0.000610,-0.014893,1.005249
off,4340875,0.000000,-0.015137,1.003784
off,4340895,0.000244,-0.015137,1.003662
off,4340915,0.000244,-0.014893,1.003296
off,4340935,0.000244,-0.013916,1.003906
off,4340955,0.000244,-0.014038,1.004150
off,4340975,0.000244,-0.014160,1.004272
off,4340995,0.000244,-0.014771,1.004517
off,4341015,0.000854,-0.014893,1.004028
off,4341035,0.000610,-0.014893,1.004028
off,4341055,0.000244,-0.015137,1.004028
off,4341075,0.000610,-0.014648,1.004395
off,4341095,0.000488,-0.014404,1.004395
off,4341115,0.000732,-0.014404,1.004761
off,4341135,0.000244,-0.014893,1.003174
off,4341155,0.000244,-0.014404,1.003784
off,4341175,0.000977,-0.014160,1.003296
off,4341195,0.000244,-0.014038,1.004028
off,4341215,0.000244,-0.015259,1.002930
off,4341235,0.000244,-0.014526,1.004395
off,4341255,0.000488,-0.014893,1.004150
off,4341275,0.000610,-0.014038,1.004272
off,4341295,0.000366,-0.014526,1.004639
off,4341315,0.000122,-0.014160,1.003174
off,4341335,0.000732,-0.014893,1.003906
off,4341355,0.001099,-0.014526,1.004028
off,4341375,0.000366,-0.015991,1.003418
off,4341395,0.000244,-0.014038,1.004517
off,4341415,0.000366,-0.015015,1.004517
off,4341435,0.000610,-0.014893,1.004517
off,4341455,0.000000,-0.014526,1.003296
off,4341475,0.000244,-0.015015,1.004272
off,4341495,0.000366,-0.015137,1.004517
off,4341515,0.000244,-0.014526,1.003784
off,4341535,0.000854,-0.014771,1.003784
off,4341555,0.000854,-0.015137,1.003784
off,4341575,0.000610,-0.015137,1.003662
off,4341595,0.000244,-0.014160,1.003662
off,4341615,0.000366,-0.014893,1.004272
off,4341635,0.000488,-0.014771,1.003540
off,4341655,0.000610,-0.014893,1.003906
off,4341675,0.000122,-0.014404,1.004150
off,4341695,0.000732,-0.014648,1.004517
off,4341715,0.000488,-0.015137,1.003784
off,4341735,0.000977,-0.014648,1.004395
off,4341755,0.000488,-0.015259,1.003784
off,4341775,0.000366,-0.014526,1.004639
off,4341795,0.000488,-0.015137,1.004761
off,4341815,0.000854,-0.014648,1.004150
off,4341835,0.000122,-0.015625,1.003418
off,4341855,0.000977,-0.014038,1.003662
off,4341875,-0.000122,-0.015015,1.002197
off,4341895,0.000488,-0.014648,1.004761
off,4341915,0.000977,-0.014404,1.003296
off,4341935,0.000000,-0.014893,1.003296
off,4341955,0.000488,-0.014893,1.003418
off,4341975,0.000244,-0.014893,1.004395
off,4341995,0.000366,-0.015381,1.003174
off,4342015,0.000244,-0.015869,1.003662
off,4342035,0.000488,-0.014893,1.002930
off,4342055,0.000854,-0.014648,1.004028
off,4342075,0.000122,-0.015015,1.005005
off,4342095,0.000244,-0.015015,1.004639
off,4342115,0.000488,-0.014648,1.003784
off,4342135,0.000366,-0.015015,1.003052
off,4342155,0.000610,-0.015625,1.004395
off,4342175,0.000122,-0.014404,1.003296
off,4342195,0.000732,-0.015381,1.004150
off,4342215,0.000244,-0.015137,1.003418
off,4342235,0.000122,-0.014526,1.004150
off,4342255,0.000244,-0.014404,1.004272
off,4342275,-0.000122,-0.014526,1.004761
off,4342295,0.001221,-0.014160,1.004150
off,4342315,0.000610,-0.015015,1.003296
off,4342335,0.000488,-0.014526,1.003418
off,4342355,0.000854,-0.014526,1.004272
off,4342375,0.000488,-0.014648,1.003174
off,4342395,0.000244,-0.014526,1.003906
off,4342415,0.000732,-0.014038,1.003662
off,4342435,0.000244,-0.015259,1.004028
off,4342455,0.000000,-0.015259,1.004395
off,4342475,0.000366,-0.014526,1.004150
off,4342495,0.000244,-0.013794,1.003540
off,4342515,0.000000,-0.014404,1.003784
off,4342535,0.001099,-0.014526,1.004639
off,4342555,0.000610,-0.014404,1.003784
off,4342575,0.000488,-0.014771,1.004517
off,4342595,0.000732,-0.015381,1.003906
off,4342615,0.000244,-0.015015,1.004272
off,4342635,0.000244,-0.015625,1.004639
off,4342655,0.000732,-0.014404,1.003174
off,4342675,0.000732,-0.014526,1.004028
off,4342695,0.000366,-0.015137,1.003906
off,4342715,0.000244,-0.015503,1.004028
off,4342735,0.000488,-0.014893,1.004639
off,4342755,0.000122,-0.014893,1.005005
off,4342775,0.000610,-0.014771,1.003784
off,4342795,0.000122,-0.014893,1.003418
off,4342815,0.000488,-0.014648,1.004272
off,4342835,0.000977,-0.014648,1.004639
off,4342855,0.001221,-0.015625,1.004272
off,4342875,0.000366,-0.014893,1.004639
off,4342895,0.000366,-0.014282,1.003540
off,4342915,0.000122,-0.014893,1.003540
off,4342935,0.000610,-0.014404,1.003296
off,4342955,0.000244,-0.014160,1.003784
off,4342975,0.000244,-0.015015,1.004395
off,4342995,0.000000,-0.014404,1.004028
off,4343015,0.000488,-0.014648,1.003906
off,4343035,0.000488,-0.014893,1.003906
off,4343055,0.000122,-0.014160,1.003540
off,4343075,0.000610,-0.013794,1.003906
off,4343095,0.000610,-0.014282,1.004517
off,4343115,0.000366,-0.014648,1.003784
off,4343135,0.000366,-0.014893,1.004150
off,4343155,-0.000122,-0.014893,1.003906
off,4343175,0.000488,-0.014771,1.003052
off,4343195,0.000610,-0.014404,1.004395
off,4343215,0.000366,-0.015259,1.003540
off,4343235,0.000732,-0.014404,1.003784
off,4343255,0.000488,-0.015137,1.003052
off,4343275,0.000366,-0.014893,1.003784
off,4343295,0.000366,-0.014893,1.004028
off,4343315,0.000610,-0.014893,1.004272
off,4343335,0.000610,-0.014893,1.003906
off,4343355,0.000610,-0.015503,1.004517
off,4343375,0.000488,-0.015137,1.003906
off,4343395,0.000610,-0.014404,1.004272
off,4343415,0.000366,-0.015015,1.003662
off,4343435,0.000000,-0.014526,1.003906
off,4343455,0.000244,-0.014893,1.004517
off,4343475,0.000610,-0.014526,1.004150
off,4343495,0.001099,-0.014648,1.003296
off,4343515,0.000122,-0.014526,1.003906
off,4343535,0.000122,-0.014893,1.003906
off,4343555,0.000488,-0.014648,1.003418
off,4343575,0.000366,-0.015015,1.003784
off,4343595,0.000366,-0.014648,1.003784
off,4343615,0.000854,-0.014893,1.004761
off,4343635,0.000854,-0.015137,1.003784
off,4343655,0.000488,-0.014526,1.003540
off,4343675,0.000000,-0.015259,1.003906
off,4343695,0.000854,-0.014648,1.004517
off,4343715,0.000244,-0.014404,1.003784
off,4343735,0.000977,-0.014771,1.004761
off,4343755,0.000122,-0.014893,1.004150
off,4343775,0.000122,-0.014893,1.003052
off,4343795,0.000488,-0.014893,1.003906
off,4343815,0.000854,-0.015015,1.003540
off,4343835,0.000244,-0.014771,1.004395
off,4343855,0.000488,-0.014648,1.003906
off,4343875,0.000244,-0.014404,1.003540
off,4343895,0.000854,-0.014771,1.003296
off,4343915,0.000977,-0.015015,1.004761
off,4343935,0.000854,-0.014526,1.004517
off,4343955,0.000244,-0.014771,1.004517
off,4343975,0.000488,-0.014038,1.004639
off,4343995,0.000366,-0.015259,1.003662
off,4344015,0.000488,-0.014648,1.003418
off,4344035,0.000000,-0.014526,1.003540
off,4344055,0.000244,-0.014526,1.004150
off,4344075,0.000610,-0.015137,1.004395
off,4344095,0.000977,-0.015137,1.003540
off,4344115,0.000488,-0.015259,1.004272
off,4344135,0.000244,-0.015015,1.003540
off,4344155,0.000366,-0.014038,1.003784
off,4344175,0.000610,-0.014038,1.003296
off,4344195,0.000610,-0.014282,1.003784
off,4344215,0.001099,-0.014526,1.004028
off,4344235,0.000244,-0.014282,1.004639
off,4344255,0.000366,-0.014282,1.004150
off,4344275,0.000854,-0.015015,1.003784
off,4344295,0.000244,-0.014771,1.004639
off,4344315,0.000854,-0.015015,1.003784
off,4344335,0.000488,-0.015137,1.004272
off,4344355,0.001099,-0.014648,1.003296
off,4344375,0.000732,-0.014282,1.004639
off,4344395,0.000122,-0.014526,1.003662
off,4344415,0.000488,-0.015503,1.003418
off,4344435,0.000488,-0.015259,1.003296
off,4344455,0.000000,-0.014160,1.004150
off,4344475,0.000488,-0.014282,1.002930
off,4344495,0.000854,-0.014160,1.003418
off,4344515,0.000244,-0.014648,1.003906
off,4344535,0.000366,-0.015015,1.003418
off,4344555,0.000366,-0.014771,1.003906
off,4344575,0.000732,-0.014282,1.004150
off,4344595,0.000610,-0.014648,1.003784
off,4344615,0.001343,-0.015259,1.004761
off,4344635,0.000732,-0.014648,1.004028
off,4344655,0.000488,-0.015259,1.003662
off,4344675,0.000244,-0.014404,1.003906
off,4344695,0.000977,-0.013794,1.004883
off,4344715,0.000000,-0.013794,1.004761
off,4344735,0.001099,-0.014771,1.004517
off,4344755,0.000366,-0.014526,1.003784
off,4344775,0.000488,-0.015137,1.004517
off,4344795,0.000244,-0.014893,1.003906
off,4344815,0.000610,-0.015381,1.004272
off,4344835,-0.000244,-0.015381,1.003906
off,4344855,0.000732,-0.015137,1.003906
off,4344875,0.001221,-0.014893,1.004150
off,4344895,0.000366,-0.014648,1.004517
off,4344915,0.000977,-0.014404,1.003906
off,4344935,-0.000122,-0.013794,1.003662
off,4344955,0.000366,-0.014771,1.004395
off,4344975,0.000977,-0.014404,1.004517
off,4344995,0.000732,-0.014771,1.004150
off,4345015,0.000122,-0.014404,1.004028
off,4345035,0.000488,-0.014893,1.004639
off,4345055,0.000244,-0.014404,1.003906
off,4345075,0.000488,-0.014893,1.004883
off,4345095,0.001343,-0.014893,1.003662
off,4345115,0.000122,-0.014282,1.003540
off,4345135,0.000610,-0.014893,1.004639
off,4345155,0.000000,-0.015259,1.004028
off,4345175,0.000000,-0.014648,1.004150
off,4345195,0.000610,-0.014893,1.003784
off,4345215,0.000488,-0.015259,1.004517
off,4345235,0.000610,-0.014771,1.004150
off,4345255,0.000366,-0.015381,1.004517
off,4345275,0.000366,-0.014648,1.004150
off,4345295,0.000488,-0.014526,1.004395
off,4345315,0.000000,-0.015137,1.004028
off,4345335,0.000244,-0.014893,1.004761
off,4345355,0.000488,-0.015381,1.004272
off,4345375,0.000854,-0.015015,1.005005
off,4345395,-0.000122,-0.014160,1.004395
off,4345415,0.000854,-0.015381,1.003906
off,4345435,0.000488,-0.014648,1.003540
off,4345455,0.000854,-0.015015,1.003906
off,4345475,0.000244,-0.015259,1.002930
off,4345495,0.000610,-0.015015,1.003662
off,4345515,0.000488,-0.015015,1.003662
off,4345535,0.000610,-0.015015,1.003662
off,4345555,0.000000,-0.014893,1.004150
off,4345575,0.000977,-0.015381,1.004272
off,4345595,0.000488,-0.014648,1.004150
off,4345615,0.000977,-0.014038,1.003540
off,4345635,0.000122,-0.015137,1.003174
off,4345655,0.001099,-0.014160,1.004150
off,4345675,0.000732,-0.014404,1.004517
off,4345695,0.001343,-0.015259,1.004150
off,4345715,0.000366,-0.015137,1.004395
off,4345735,0.000366,-0.015015,1.004150
off,4345755,0.000854,-0.015015,1.003052
off,4345775,0.000732,-0.014648,1.004639
off,4345795,0.000366,-0.015137,1.003784
off,4345815,0.000977,-0.015015,1.003174
off,4345835,0.000488,-0.014526,1.004395
off,4345855,0.000610,-0.015015,1.004639
off,4345875,0.000244,-0.014771,1.004639
off,4345895,0.000244,-0.014893,1.004150
off,4345915,-0.000122,-0.014526,1.003418
off,4345935,0.000488,-0.014526,1.004272
off,4345955,0.000122,-0.014282,1.003662
off,4345975,0.000610,-0.014771,1.004272
off,4345995,0.000244,-0.014648,1.003906
off,4346015,0.000732,-0.014893,1.004150
off,4346035,0.001099,-0.014404,1.003784
off,4346055,0.000732,-0.015137,1.003540
off,4346075,0.000732,-0.014893,1.004150
off,4346095,0.000122,-0.015137,1.004272
off,4346115,0.000488,-0.014771,1.003296
off,4346135,0.000488,-0.015015,1.003540
off,4346155,0.000488,-0.014526,1.003540
off,4346175,0.000244,-0.014282,1.003052
off,4346195,0.001099,-0.015259,1.004028
off,4346215,0.000244,-0.014893,1.003906
off,4346235,0.000122,-0.014526,1.004028
off,4346255,0.000854,-0.013306,1.003540
off,4346275,0.000488,-0.013550,1.003540
off,4346295,0.000854,-0.015503,1.003906
off,4346315,0.000732,-0.014404,1.004272
off,4346335,0.000732,-0.015137,1.003540
off,4346355,-0.000122,-0.015137,1.004883
off,4346375,0.000244,-0.015747,1.004150
off,4346395,0.000122,-0.014648,1.002930
off,4346415,0.000732,-0.014160,1.003906
off,4346435,0.000366,-0.014893,1.004517
off,4346455,0.000244,-0.014404,1.004028
off,4346475,0.000732,-0.014282,1.004395
off,4346495,0.000366,-0.015259,1.004028
off,4346515,0.000488,-0.014771,1.004028
off,4346535,0.000244,-0.014282,1.004028
off,4346555,0.000244,-0.014526,1.004761
off,4346575,0.000488,-0.015503,1.003540
off,4346595,0.000122,-0.013916,1.004517
off,4346615,0.000488,-0.014404,1.004150
off,4346635,0.000977,-0.014526,1.003296
off,4346655,0.000000,-0.014893,1.003662
off,4346675,0.000610,-0.014648,1.003296
off,4346695,0.000488,-0.014893,1.004150
off,4346715,0.000244,-0.015015,1.004150
off,4346735,0.000366,-0.015381,1.004517
off,4346755,0.000366,-0.014282,1.004517
off,4346775,0.000488,-0.015625,1.003662
off,4346795,0.000366,-0.014282,1.002930
off,4346815,0.000244,-0.014160,1.004517
off,4346835,0.000488,-0.014893,1.003418
off,4346855,0.000977,-0.014771,1.004639
off,4346875,0.000488,-0.015015,1.003296
off,4346895,0.000244,-0.014038,1.002808
off,4346915,0.000244,-0.014526,1.002686
off,4346935,0.000488,-0.015259,1.003784
off,4346955,0.000610,-0.015137,1.003052
off,4346975,0.000854,-0.014771,1.004150
off,4346995,0.000610,-0.015381,1.003174
off,4347015,0.000122,-0.014771,1.003540
off,4347035,0.000732,-0.015137,1.003784
off,4347055,0.000366,-0.014282,1.004639
off,4347075,0.000854,-0.014160,1.003784
off,4347095,0.000488,-0.013916,1.003418
off,4347115,0.000610,-0.014893,1.004395
off,4347135,0.000244,-0.015869,1.004395
off,4347155,0.000488,-0.014771,1.003662
off,4347175,0.000366,-0.014893,1.003174
off,4347195,0.000977,-0.014648,1.004028
off,4347215,0.000732,-0.014771,1.004639
off,4347235,0.000610,-0.015137,1.004395
off,4347255,0.001221,-0.014893,1.003540
off,4347275,0.000854,-0.014771,1.004517
off,4347295,0.000732,-0.015015,1.003174
off,4347315,0.000244,-0.015259,1.003662
off,4347335,0.000854,-0.015381,1.003906
off,4347355,0.000488,-0.015381,1.003296
off,4347375,0.000488,-0.014526,1.004639
off,4347395,0.000244,-0.014893,1.004150
off,4347415,0.000244,-0.014404,1.004028
off,4347435,0.000977,-0.014893,1.003906
off,4347455,0.000732,-0.014771,1.004272
off,4347475,0.000854,-0.014771,1.004028
off,4347495,0.000366,-0.014526,1.004150
off,4347515,0.001343,-0.015137,1.004517
off,4347535,0.000244,-0.014648,1.004150
off,4347555,0.000610,-0.015015,1.004272
off,4347575,0.000122,-0.014038,1.003540
off,4347595,-0.000122,-0.015259,1.003174
off,4347615,0.000488,-0.015503,1.003662
off,4347635,0.000122,-0.014160,1.004150
off,4347655,0.000488,-0.015381,1.003906
off,4347675,0.000854,-0.014648,1.004395
off,4347695,-0.000244,-0.014526,1.002930
off,4347715,0.000977,-0.015015,1.004150
off,4347735,0.000366,-0.014771,1.004761
off,4347755,0.001221,-0.014038,1.003784
off,4347775,0.000244,-0.015381,1.004272
off,4347795,0.000610,-0.014771,1.003662
off,4347815,0.000244,-0.015137,1.003296
off,4347835,0.001465,-0.014893,1.004272
off,4347855,0.000732,-0.014038,1.004761
off,4347875,0.000000,-0.015137,1.003906
off,4347895,0.000244,-0.015625,1.004028
off,4347915,0.000122,-0.014771,1.004028
off,4347935,0.000122,-0.015015,1.004517
off,4347955,0.000488,-0.015259,1.004028
off,4347975,0.000122,-0.014893,1.004028
off,4347995,0.000244,-0.014160,1.004883
off,4348015,0.000732,-0.013550,1.002563
off,4348035,0.000000,-0.014526,1.004517
off,4348055,0.000488,-0.014771,1.004395
off,4348075,0.000610,-0.015137,1.004517
off,4348095,0.000122,-0.015015,1.004272
off,4348115,0.000244,-0.015015,1.004028
off,4348135,0.000366,-0.014160,1.004639
off,4348155,0.000732,-0.014038,1.004272
off,4348175,0.000366,-0.014404,1.004272
off,4348195,0.000366,-0.015015,1.003784
off,4348215,0.000244,-0.015137,1.003052
off,4348235,0.000610,-0.015869,1.003662
off,4348255,0.000610,-0.014282,1.003662
off,4348275,0.000244,-0.015015,1.003784
off,4348295,-0.000122,-0.014771,1.004150
off,4348315,0.000244,-0.015015,1.003540
off,4348335,0.000366,-0.015503,1.004395
off,4348355,0.000366,-0.014771,1.004150
off,4348375,0.001221,-0.014160,1.004517
off,4348395,0.000244,-0.014648,1.004028
off,4348415,0.000732,-0.015137,1.003418
off,4348435,0.000122,-0.015015,1.002808
off,4348455,0.000244,-0.014771,1.004028
off,4348475,0.000366,-0.015137,1.002686
off,4348495,0.000732,-0.014404,1.002930
off,4348515,0.000732,-0.014771,1.003540
off,4348535,0.001221,-0.014771,1.004517
off,4348555,0.000977,-0.014648,1.003784
off,4348575,0.000122,-0.014648,1.004272
off,4348595,0.000488,-0.014893,1.004517
off,4348615,0.000732,-0.014771,1.004028
off,4348635,0.000366,-0.015259,1.003296
off,4348655,-0.000366,-0.014404,1.003784
off,4348675,0.001221,-0.015015,1.003662
off,4348695,0.000244,-0.015259,1.004028
off,4348715,0.000488,-0.014893,1.003906
off,4348735,0.000732,-0.014404,1.003418
off,4348755,0.000244,-0.014648,1.003906
off,4348775,0.000854,-0.015015,1.003296
off,4348795,0.000977,-0.014404,1.003662
off,4348815,0.000244,-0.014648,1.003540
off,4348835,0.000244,-0.015137,1.002197
off,4348855,0.000122,-0.014893,1.004272
off,4348875,-0.000244,-0.015015,1.003540
off,4348895,0.000854,-0.014771,1.003662
off,4348915,0.000610,-0.014404,1.003662
off,4348935,0.000488,-0.015869,1.003906
off,4348955,0.001343,-0.015015,1.004395
off,4348975,0.000610,-0.015015,1.003296
off,4348995,0.000488,-0.015503,1.003784
off,4349015,0.000366,-0.014648,1.003418
off,4349035,0.000610,-0.014771,1.003418
off,4349055,0.000732,-0.014160,1.003418
off,4349075,0.000610,-0.014038,1.003052
off,4349095,0.000610,-0.015259,1.003052
off,4349115,0.000610,-0.014893,1.003540
off,4349135,0.000977,-0.014526,1.004272
off,4349155,0.000000,-0.014526,1.003418
off,4349175,0.000366,-0.015015,1.002930
off,4349195,0.000732,-0.015015,1.002808
off,4349215,0.000732,-0.014404,1.004028
off,4349235,0.000000,-0.013916,1.003174
off,4349255,0.000854,-0.014038,1.003906
off,4349275,0.000977,-0.015015,1.003540
off,4349295,0.000854,-0.015015,1.003418
off,4349315,0.000854,-0.014771,1.004150
off,4349335,0.000610,-0.015137,1.005249
off,4349355,0.000244,-0.015015,1.003174
off,4349375,0.000122,-0.014282,1.004639
off,4349395,0.000366,-0.015015,1.004395
off,4349415,0.000610,-0.014771,1.003296
off,4349435,0.001099,-0.014771,1.004272
off,4349455,0.000244,-0.014893,1.004761
off,4349475,0.000610,-0.015747,1.003662
off,4349495,0.000732,-0.015503,1.003296
off,4349515,0.000000,-0.015381,1.004395
off,4349535,0.000000,-0.014526,1.004517
off,4349555,0.000244,-0.014648,1.004272
off,4349575,0.000366,-0.015137,1.004272
off,4349595,0.000977,-0.014893,1.004150
off,4349615,0.000488,-0.015259,1.004150
off,4349635,0.000610,-0.013916,1.004150
off,4349655,0.000244,-0.015625,1.004150
off,4349675,0.000488,-0.014282,1.003540
off,4349695,0.000610,-0.014893,1.003540
off,4349715,0.000488,-0.014282,1.004395
off,4349735,0.000732,-0.015381,1.005005
off,4349755,0.000244,-0.014771,1.003418
off,4349775,0.001343,-0.014526,1.004150
off,4349795,0.001221,-0.015381,1.003052
off,4349815,0.000244,-0.014771,1.005005
off,4349835,0.000244,-0.014404,1.002808
off,4349855,0.000366,-0.015503,1.003662
off,4349875,0.000366,-0.014160,1.003906
off,4349895,0.000977,-0.014282,1.004639
off,4349915,0.000488,-0.015015,1.004150
off,4349935,0.000488,-0.014893,1.004639
off,4349955,0.001343,-0.015381,1.004639
off,4349975,0.000122,-0.014038,1.003418
off,4349995,0.000244,-0.015869,1.004150
off,4350015,0.000732,-0.014282,1.004517
off,4350035,0.000000,-0.014771,1.003662
off,4350055,0.000244,-0.014526,1.003784
off,4350075,0.000488,-0.014526,1.002808
off,4350095,0.000000,-0.014893,1.003906
off,4350115,0.000366,-0.015625,1.004028
off,4350135,0.001099,-0.015137,1.003296
off,4350155,0.001099,-0.014526,1.003906
off,4350175,0.000000,-0.015625,1.004028
off,4350195,0.000122,-0.015503,1.003174
off,4350215,0.000366,-0.015015,1.003418
off,4350235,0.000732,-0.015381,1.003662
off,4350255,0.000977,-0.014404,1.003906
off,4350275,-0.000366,-0.014404,1.004517
off,4350295,0.000244,-0.014893,1.003418
off,4350315,0.000610,-0.014282,1.003418
off,4350335,0.000977,-0.015137,1.004517
off,4350355,0.000488,-0.015503,1.004028
off,4350375,0.000488,-0.015015,1.003906
off,4350395,0.000977,-0.014404,1.002808
off,4350415,0.000366,-0.015381,1.002563
off,4350435,0.000854,-0.014404,1.004639
off,4350455,0.000854,-0.014893,1.004028
off,4350475,0.000610,-0.014526,1.003418
off,4350495,0.000854,-0.015015,1.003662
off,4350515,0.000122,-0.014404,1.003296
off,4350535,0.001099,-0.015259,1.004639
off,4350555,0.000610,-0.015503,1.003174
off,4350575,0.000854,-0.014526,1.004639
off,4350595,0.000244,-0.014282,1.003662
off,4350615,0.000122,-0.014893,1.005005
off,4350635,0.000122,-0.014771,1.003784
off,4350655,0.000366,-0.015259,1.004395
off,4350675,0.000366,-0.014648,1.004272
off,4350695,0.000854,-0.014282,1.003540
off,4350715,0.000244,-0.015015,1.004028
off,4350735,-0.000122,-0.015137,1.004150
off,4350755,0.000488,-0.015015,1.004150
off,4350775,0.001221,-0.014282,1.004028
off,4350795,0.000854,-0.015259,1.003418
off,4350815,0.000488,-0.014893,1.004028
off,4350835,0.001099,-0.015015,1.004272
off,4350855,0.000610,-0.014282,1.004272
off,4350875,0.001465,-0.015137,1.005249
off,4350895,0.000488,-0.014282,1.003662
off,4350915,0.000488,-0.014404,1.003418
off,4350935,0.000366,-0.014771,1.004150
off,4350955,0.000244,-0.015137,1.004028
off,4350975,0.000366,-0.014404,1.004639
off,4350995,0.000610,-0.014526,1.002808
off,4351015,0.000610,-0.015259,1.004761
off,4351035,0.001465,-0.015137,1.004272
off,4351055,0.000366,-0.014893,1.003662
off,4351075,0.000244,-0.014893,1.004028
off,4351095,0.000488,-0.013794,1.004150
off,4351115,0.000977,-0.014771,1.003784
off,4351135,0.000244,-0.014771,1.003174
off,4351155,0.000854,-0.015015,1.004639
off,4351175,0.000488,-0.014404,1.003174
off,4351195,0.000488,-0.014160,1.004883
off,4351215,0.000610,-0.015137,1.003662
off,4351235,0.000732,-0.015137,1.003906
off,4351255,0.000488,-0.015259,1.004028
off,4351275,0.000732,-0.014771,1.003662
off,4351295,0.000122,-0.015137,1.004150
off,4351315,0.000244,-0.014648,1.004150
off,4351335,0.000854,-0.014526,1.003174
off,4351355,0.000366,-0.014648,1.004028
off,4351375,0.000977,-0.015015,1.003052
off,4351395,0.000244,-0.015015,1.004150
off,4351415,0.000366,-0.014526,1.004395
off,4351435,0.000366,-0.013916,1.003540
off,4351455,0.000854,-0.014893,1.003540
off,4351475,0.000244,-0.014893,1.003174
off,4351495,0.000854,-0.014771,1.003052
off,4351515,0.000000,-0.014404,1.004883
off,4351535,0.000977,-0.014526,1.003296
off,4351555,0.000366,-0.015137,1.005005
off,4351575,0.001709,-0.015259,1.003296
off,4351595,0.000366,-0.014160,1.004272
off,4351615,0.000366,-0.015381,1.003906
off,4351635,0.000488,-0.014648,1.004272
off,4351655,0.000488,-0.015015,1.004272
off,4351675,0.000122,-0.015015,1.003784
off,4351695,0.000366,-0.014282,1.004639
off,4351715,0.000977,-0.015503,1.004150
off,4351735,0.000488,-0.015381,1.004272
off,4351755,0.000000,-0.014526,1.003052
off,4351775,0.000610,-0.014893,1.004150
off,4351795,0.001221,-0.014648,1.004028
off,4351815,0.001099,-0.014526,1.004639
off,4351835,0.000366,-0.014893,1.004028
off,4351855,0.000977,-0.014648,1.003540
off,4351875,0.000244,-0.014771,1.003906
off,4351895,0.000488,-0.014038,1.004150
off,4351915,0.000610,-0.015259,1.004395
off,4351935,0.000366,-0.015015,1.004395
off,4351955,-0.000122,-0.014893,1.004028
off,4351975,0.000488,-0.015259,1.005005
off,4351995,0.000366,-0.014771,1.004272
off,4352015,0.001465,-0.014893,1.005493
off,4352035,0.000244,-0.014160,1.004639
off,4352055,0.000122,-0.015381,1.004150
off,4352075,0.000366,-0.014160,1.004150
off,4352095,0.000244,-0.014404,1.002808
off,4352115,0.000610,-0.014648,1.004395
off,4352135,0.000366,-0.014282,1.004395
off,4352155,0.000122,-0.015625,1.003906
off,4352175,0.000122,-0.015015,1.003418
off,4352195,0.000244,-0.014648,1.004028
off,4352215,0.000610,-0.014648,1.003418
off,4352235,0.000244,-0.014282,1.003662
off,4352255,0.000244,-0.014404,1.002441
off,4352275,0.000244,-0.014893,1.003540
off,4352295,0.000732,-0.014771,1.003540
off,4352315,0.000488,-0.013794,1.004272
off,4352335,0.000122,-0.014893,1.003662
off,4352355,0.000000,-0.015137,1.002563
off,4352375,0.000244,-0.015381,1.003906
off,4352395,0.000854,-0.014771,1.003784
off,4352415,0.000488,-0.014893,1.002930
off,4352435,0.000488,-0.014893,1.003540
off,4352455,0.000854,-0.014771,1.003296
off,4352475,0.000366,-0.015625,1.004272
off,4352495,0.000610,-0.014893,1.003540
off,4352515,0.000366,-0.015015,1.004395
off,4352535,0.000488,-0.013672,1.004395
off,4352555,0.000244,-0.015015,1.003662
off,4352575,0.000977,-0.014404,1.004150
off,4352595,0.000610,-0.015503,1.003906
off,4352615,0.000366,-0.015137,1.004761
off,4352635,0.000366,-0.014526,1.004395
off,4352655,0.001099,-0.013672,1.004395
off,4352675,0.000366,-0.014526,1.003906
off,4352695,0.000610,-0.014771,1.004883
off,4352715,0.000488,-0.015015,1.003906
off,4352735,0.000244,-0.015015,1.003418
off,4352755,0.000732,-0.014893,1.004883
off,4352775,0.000244,-0.014648,1.003906
off,4352795,0.001099,-0.014404,1.003540
off,4352815,0.000000,-0.014160,1.004517
off,4352835,0.000366,-0.014771,1.003906
off,4352855,0.000732,-0.015137,1.003540
off,4352875,0.000488,-0.014771,1.003052
off,4352895,0.000854,-0.014771,1.003296
off,4352915,0.000244,-0.014893,1.003784
off,4352935,0.000732,-0.014526,1.004272
off,4352955,0.000122,-0.015625,1.004395
off,4352975,0.000732,-0.015259,1.004395
off,4352995,0.000732,-0.014893,1.004272
off,4353015,0.000854,-0.013916,1.003418
off,4353035,-0.000488,-0.014404,1.004517
off,4353055,0.000854,-0.014648,1.004517
off,4353075,0.000244,-0.014160,1.004517
off,4353095,0.001099,-0.014282,1.003906
off,4353115,0.000732,-0.014648,1.004517
off,4353135,0.000977,-0.014404,1.004517
off,4353155,0.000732,-0.014160,1.004639
off,4353175,0.000488,-0.015137,1.003784
off,4353195,0.000488,-0.014526,1.004761
off,4353215,0.000366,-0.014282,1.004761
off,4353235,0.001099,-0.014526,1.004395
off,4353255,0.001099,-0.014526,1.003906
off,4353275,0.000244,-0.014893,1.003784
off,4353295,0.000366,-0.015381,1.004028
off,4353315,0.001465,-0.015137,1.004150
off,4353335,0.001099,-0.014526,1.003784
off,4353355,0.001099,-0.015381,1.005249
off,4353375,0.000488,-0.015503,1.004517
off,4353395,0.000488,-0.015015,1.004517
off,4353415,0.000366,-0.014893,1.004883
off,4353435,0.000000,-0.014038,1.004272
off,4353455,0.001099,-0.015137,1.004639
off,4353475,0.000122,-0.014893,1.004272
off,4353495,0.000977,-0.014160,1.003662
off,4353515,0.000244,-0.014404,1.004272
off,4353535,0.000854,-0.015015,1.003418
off,4353555,0.000000,-0.014404,1.004517
off,4353575,0.000854,-0.014893,1.004272
off,4353595,0.000244,-0.014038,1.004639
off,4353615,0.000610,-0.014648,1.004028
off,4353635,0.000977,-0.013916,1.004028
off,4353655,0.000000,-0.014771,1.005005
off,4353675,0.000244,-0.014526,1.003540
off,4353695,0.000488,-0.014160,1.003418
off,4353715,0.000244,-0.015015,1.004150
off,4353735,0.000122,-0.015869,1.003418
off,4353755,0.000977,-0.014404,1.004761
off,4353775,0.000610,-0.014893,1.004028
off,4353795,0.000366,-0.015137,1.004761
off,4353815,0.000244,-0.014526,1.003784
off,4353835,0.000366,-0.015259,1.004395
off,4353855,0.000732,-0.014526,1.004639
off,4353875,0.000000,-0.014771,1.003296
off,4353895,0.000610,-0.014404,1.004517
off,4353915,0.000366,-0.015259,1.004150
off,4353935,0.000610,-0.014771,1.003784
off,4353955,0.001221,-0.015747,1.004150
off,4353975,0.000610,-0.015503,1.004150
off,4353995,0.000244,-0.015015,1.003906
off,4354015,0.000610,-0.014526,1.004395
off,4354035,0.000366,-0.014648,1.003052
off,4354055,0.000366,-0.014526,1.004028
off,4354075,0.000244,-0.013916,1.004150
off,4354095,0.000488,-0.014893,1.004395
off,4354115,0.000244,-0.014404,1.004639
off,4354135,0.000122,-0.014771,1.003784
off,4354155,0.000000,-0.015381,1.004639
off,4354175,0.001221,-0.014893,1.004028
off,4354195,0.000366,-0.015259,1.003906
off,4354215,0.000366,-0.015015,1.004517
off,4354235,0.000244,-0.015015,1.004150
off,4354255,0.000122,-0.014648,1.004517
off,4354275,0.000122,-0.015137,1.004517
off,4354295,0.000122,-0.014648,1.003418
off,4354315,0.000122,-0.015137,1.004150
off,4354335,0.000732,-0.015259,1.003052
off,4354355,0.000366,-0.014771,1.003418
off,4354375,0.000122,-0.014282,1.004150
off,4354395,0.000610,-0.014282,1.004761
off,4354415,0.000244,-0.015869,1.004150
off,4354435,0.000244,-0.014648,1.003052
off,4354455,0.000244,-0.015503,1.005127
off,4354475,0.000244,-0.015137,1.003784
off,4354495,0.000854,-0.014282,1.004028
off,4354515,0.000488,-0.014893,1.003540
off,4354535,0.000366,-0.014893,1.004272
off,4354555,0.000366,-0.015015,1.004761
off,4354575,-0.000244,-0.014160,1.002808
off,4354595,0.000244,-0.014893,1.004150
off,4354615,0.000366,-0.015137,1.004395
off,4354635,0.000732,-0.014404,1.003052
off,4354655,0.000122,-0.014893,1.004272
off,4354675,0.000977,-0.014404,1.004395
off,4354695,0.000244,-0.014893,1.003540
off,4354715,0.000488,-0.015259,1.003906
off,4354735,0.000488,-0.014771,1.004150
off,4354755,0.000977,-0.014893,1.003784
off,4354775,0.000366,-0.014648,1.004639
off,4354795,0.000366,-0.015137,1.003296
off,4354815,0.000244,-0.014771,1.003662
off,4354835,0.000366,-0.015503,1.004517
off,4354855,0.000244,-0.014526,1.003662
off,4354875,0.000488,-0.014160,1.004395
off,4354895,0.000732,-0.013550,1.004883
off,4354915,0.001099,-0.014893,1.004883
off,4354935,0.000977,-0.015259,1.004150
off,4354955,0.000610,-0.015137,1.004150
off,4354975,0.000488,-0.014648,1.004150
off,4354995,0.000854,-0.015259,1.003662
off,4355015,0.000488,-0.013916,1.003906
off,4355035,0.001343,-0.014648,1.004272
off,4355055,0.000610,-0.015015,1.004883
off,4355075,0.000244,-0.014771,1.004517
off,4355095,0.000488,-0.014404,1.004883
off,4355115,0.000488,-0.014160,1.005005
off,4355135,0.000244,-0.014771,1.004272
off,4355155,0.000122,-0.014771,1.004639
off,4355175,0.000244,-0.014648,1.003540
off,4355195,0.000122,-0.015137,1.004028
off,4355215,0.000366,-0.014771,1.004028
off,4355235,0.000854,-0.014771,1.004395
off,4355255,0.000244,-0.014038,1.003784
off,4355275,0.000122,-0.015625,1.003784
off,4355295,0.000366,-0.015015,1.004028
off,4355315,0.000610,-0.014648,1.004150
off,4355335,0.000366,-0.015259,1.004517
off,4355355,0.001099,-0.015015,1.003296
off,4355375,0.000732,-0.015381,1.003784
off,4355395,0.000366,-0.015015,1.003418
off,4355415,0.000244,-0.014771,1.003906
off,4355435,0.000610,-0.014648,1.003418
off,4355455,0.000000,-0.014648,1.005493
off,4355475,0.000366,-0.015015,1.003174
off,4355495,0.000244,-0.014771,1.004150
off,4355515,0.000610,-0.014771,1.004517
off,4355535,0.000244,-0.013794,1.003906
off,4355555,0.000488,-0.014893,1.004150
off,4355575,0.000366,-0.014771,1.004761
off,4355595,-0.000122,-0.015503,1.005127
off,4355615,0.001221,-0.014526,1.004395
off,4355635,0.000244,-0.013794,1.004272
off,4355655,0.000122,-0.014526,1.004517
off,4355675,0.000488,-0.014282,1.004517
off,4355695,0.000488,-0.014282,1.005005
off,4355715,0.000122,-0.015015,1.004028
off,4355735,0.000244,-0.014404,1.004395
off,4355755,0.000854,-0.014893,1.004761
off,4355775,0.000854,-0.015259,1.004395
off,4355795,0.001465,-0.014771,1.002930
off,4355815,0.000610,-0.014526,1.004028
off,4355835,0.000732,-0.014893,1.002686
off,4355855,0.000488,-0.014648,1.003296
off,4355875,0.000366,-0.014038,1.004639
off,4355895,0.000122,-0.014282,1.004517
off,4355915,0.000366,-0.014893,1.004272
off,4355935,0.000244,-0.014038,1.003418
off,4355955,0.000366,-0.014648,1.004028
off,4355975,0.000488,-0.014526,1.004150
off,4355995,0.000000,-0.014404,1.003540
off,4356015,0.000244,-0.014160,1.004395
off,4356035,0.001099,-0.015381,1.004761
off,4356055,0.000610,-0.014771,1.004028
off,4356075,0.000366,-0.015869,1.003784
off,4356095,0.000488,-0.015259,1.004395
off,4356115,0.000610,-0.015747,1.005005
off,4356135,0.000610,-0.014160,1.005493
off,4356155,0.001099,-0.015015,1.004395
off,4356175,0.000244,-0.014771,1.004272
off,4356195,0.000732,-0.014771,1.003662
off,4356215,0.000000,-0.014648,1.004517
off,4356235,0.000610,-0.014893,1.004639
off,4356255,0.000122,-0.015625,1.003906
off,4356275,0.000244,-0.014893,1.004150
off,4356295,0.000732,-0.014404,1.004639
off,4356315,0.000854,-0.014893,1.004761
off,4356335,0.000366,-0.015381,1.003662
off,4356355,0.000732,-0.014648,1.003662
off,4356375,0.000366,-0.014404,1.005127
off,4356395,0.000244,-0.015015,1.003906
off,4356415,0.000122,-0.013794,1.004517
off,4356435,0.000244,-0.014526,1.004517
off,4356455,0.000244,-0.014648,1.004395
off,4356475,0.000610,-0.015015,1.004272
off,4356495,0.000122,-0.014648,1.003906
off,4356515,0.000732,-0.015015,1.003174
off,4356535,0.000000,-0.014893,1.003174
off,4356555,0.000854,-0.014893,1.004395
off,4356575,0.001099,-0.015259,1.003784
off,4356595,0.000732,-0.015137,1.004517
off,4356615,0.000122,-0.015259,1.004028
off,4356635,0.000122,-0.014404,1.003784
off,4356655,0.000610,-0.015015,1.004028
off,4356675,0.000488,-0.014282,1.004150
off,4356695,0.000610,-0.014648,1.003418
off,4356715,0.000122,-0.015137,1.004639
off,4356735,0.001099,-0.015015,1.004150
off,4356755,-0.000366,-0.014526,1.002930
off,4356775,0.000977,-0.014282,1.004639
off,4356795,0.000366,-0.014771,1.003906
off,4356815,0.000610,-0.014893,1.002441
off,4356835,0.001587,-0.014160,1.004150
off,4356855,0.000244,-0.014404,1.003662
off,4356875,0.000732,-0.015381,1.005127
off,4356895,0.000854,-0.015137,1.003784
off,4356915,0.000000,-0.014893,1.004028
off,4356935,0.000122,-0.014893,1.004272
off,4356955,0.000610,-0.014771,1.003906
off,4356975,0.000366,-0.014771,1.004150
off,4356995,0.000122,-0.014526,1.004517
off,4357015,0.000244,-0.014404,1.004028
off,4357035,0.000122,-0.014893,1.004395
off,4357055,0.000366,-0.015259,1.003662
off,4357075,0.000244,-0.014526,1.004639
off,4357095,0.000854,-0.015137,1.004028
off,4357115,0.000122,-0.014404,1.003052
off,4357135,0.000122,-0.015137,1.004395
off,4357155,0.000488,-0.014771,1.004028
off,4357175,0.000366,-0.014648,1.003540
off,4357195,0.000366,-0.014648,1.003662
off,4357215,0.000366,-0.014038,1.003418
off,4357235,0.000610,-0.014404,1.003906
off,4357255,0.000244,-0.014282,1.004272
off,4357275,0.000610,-0.014282,1.004028
off,4357295,0.000610,-0.014526,1.003906
off,4357315,0.000366,-0.015503,1.003174
off,4357335,0.000366,-0.014771,1.004150
off,4357355,0.001099,-0.014160,1.003296
off,4357375,0.000610,-0.014526,1.003540
off,4357395,0.000122,-0.014038,1.004028
off,4357415,0.000610,-0.015015,1.004517
off,4357435,0.000244,-0.014404,1.005005
off,4357455,0.000366,-0.015137,1.004028
off,4357475,0.000732,-0.015747,1.003662
off,4357495,0.000488,-0.015137,1.004395
off,4357515,0.000366,-0.014648,1.003662
off,4357535,0.001099,-0.014648,1.004395
off,4357555,0.000488,-0.014282,1.004517
off,4357575,0.000854,-0.016113,1.004395
off,4357595,-0.000122,-0.015015,1.004272
off,4357615,0.000244,-0.014771,1.004395
off,4357635,0.000854,-0.014771,1.003540
off,4357655,0.000366,-0.015137,1.004272
off,4357675,0.000366,-0.015381,1.005005
off,4357695,0.001099,-0.014648,1.004517
off,4357715,0.000000,-0.015137,1.004272
off,4357735,0.000977,-0.015137,1.003418
off,4357755,0.000610,-0.014771,1.004028
off,4357775,0.000854,-0.015015,1.003784
off,4357795,0.000610,-0.014648,1.003906
off,4357815,0.000122,-0.014160,1.004639
off,4357835,-0.000244,-0.014648,1.004150
off,4357855,0.000366,-0.015381,1.003296
off,4357875,0.000610,-0.014282,1.003784
off,4357895,0.000244,-0.015015,1.002686
off,4357915,0.000366,-0.015381,1.004272
off,4357935,0.000610,-0.015137,1.004761
off,4357955,0.000366,-0.014771,1.004150
off,4357975,0.000610,-0.014404,1.004028
off,4357995,0.000244,-0.014771,1.004517
off,4358015,0.000488,-0.015137,1.003784
off,4358035,0.000000,-0.014160,1.003418
off,4358055,0.000366,-0.015503,1.004028
off,4358075,0.000244,-0.015015,1.003906
off,4358095,0.000244,-0.014771,1.004028
off,4358115,0.000244,-0.015747,1.004150
off,4358135,0.000000,-0.014771,1.004150
off,4358155,0.000244,-0.015137,1.003906
off,4358175,0.000977,-0.015137,1.004150
off,4358195,0.000366,-0.014282,1.004639
off,4358215,0.000244,-0.014648,1.004395
off,4358235,0.000366,-0.015747,1.004272
off,4358255,0.000610,-0.014038,1.004517
off,4358275,0.000244,-0.015137,1.003174
off,4358295,-0.000122,-0.014526,1.004150
off,4358315,0.000732,-0.014282,1.003418
off,4358335,0.000977,-0.014771,1.003662
off,4358355,0.000488,-0.014648,1.003906
off,4358375,0.000244,-0.013672,1.004639
off,4358395,0.000244,-0.014771,1.004150
off,4358415,0.000488,-0.015259,1.003540
off,4358435,0.000366,-0.014893,1.004639
off,4358455,0.000244,-0.014893,1.004761
off,4358475,0.000488,-0.015625,1.003784
off,4358495,0.000122,-0.014771,1.004639
off,4358515,0.001099,-0.014648,1.003662
off,4358535,0.001343,-0.014648,1.004272
off,4358555,0.000610,-0.015015,1.003540
off,4358575,0.000610,-0.014160,1.004639
off,4358595,0.000122,-0.015015,1.003662
off,4358615,0.000000,-0.015015,1.004639
off,4358635,0.001587,-0.014893,1.004395
off,4358655,0.000366,-0.015137,1.004028
off,4358675,0.000122,-0.014526,1.003418
off,4358695,0.000244,-0.014648,1.004517
off,4358715,0.000977,-0.014526,1.004028
off,4358735,0.000366,-0.015137,1.004028
off,4358755,0.000122,-0.015259,1.003662
off,4358775,0.000244,-0.014648,1.004028
off,4358795,0.000244,-0.015015,1.004150
off,4358815,0.000366,-0.015015,1.004517
off,4358835,0.001343,-0.014526,1.003662
off,4358855,0.000366,-0.015015,1.002930
off,4358875,0.000366,-0.014038,1.003540
off,4358895,0.000244,-0.014526,1.004395
off,4358915,0.000488,-0.015015,1.004395
off,4358935,0.000366,-0.014771,1.003418
off,4358955,0.000488,-0.014038,1.004639
off,4358975,-0.000122,-0.014282,1.004150
off,4358995,0.000854,-0.014893,1.004272
off,4359015,0.000366,-0.015137,1.003906
off,4359035,0.000610,-0.015137,1.003540
off,4359055,0.000488,-0.014893,1.003052
off,4359075,0.000610,-0.015137,1.003784
off,4359095,0.000488,-0.014404,1.004272
off,4359115,0.000122,-0.014893,1.004028
off,4359135,0.000366,-0.014771,1.003662
off,4359155,0.000488,-0.014893,1.003540
off,4359175,0.000488,-0.015015,1.004150
off,4359195,0.001221,-0.014771,1.004272
off,4359215,0.000488,-0.015259,1.004517
off,4359235,0.000244,-0.014648,1.004150
off,4359255,0.000366,-0.015137,1.002930
off,4359275,0.000488,-0.014893,1.004395
off,4359295,0.000488,-0.015015,1.003906
off,4359315,0.000488,-0.015381,1.005005
off,4359335,0.000732,-0.014526,1.004639
off,4359355,0.000488,-0.014526,1.004395
off,4359375,0.000854,-0.013672,1.002808
off,4359395,0.000122,-0.015137,1.004517
off,4359415,0.000854,-0.014771,1.003296
off,4359435,0.000122,-0.015259,1.005249
off,4359455,0.000366,-0.014771,1.004150
off,4359475,0.000610,-0.014404,1.003662
off,4359495,0.000244,-0.014893,1.004272
off,4359515,0.000610,-0.014893,1.005005
off,4359535,0.000610,-0.016113,1.005493
off,4359555,0.000610,-0.014404,1.004517
off,4359575,0.000000,-0.014282,1.004272
off,4359595,0.000244,-0.014526,1.003174
off,4359615,0.000244,-0.015015,1.004883
off,4359635,0.001221,-0.015137,1.004883
off,4359655,0.000366,-0.014404,1.005005
off,4359675,0.000366,-0.015259,1.004395
off,4359695,0.000488,-0.014282,1.004395
off,4359715,0.000244,-0.014648,1.003784
off,4359735,0.000122,-0.013550,1.005005
off,4359755,0.000122,-0.014526,1.004272
off,4359775,0.000244,-0.014893,1.004272
off,4359795,0.000366,-0.014771,1.003296
off,4359815,0.000488,-0.015015,1.003662
off,4359835,0.000366,-0.015137,1.003540
off,4359855,0.000977,-0.015259,1.004761
off,4359875,0.000732,-0.015015,1.004395
off,4359895,0.000610,-0.014648,1.004272
off,4359915,0.000610,-0.014771,1.004517
off,4359935,0.000366,-0.014648,1.004395
off,4359955,0.000610,-0.015259,1.004272
off,4359975,0.000977,-0.014648,1.004517
off,4359995,0.000366,-0.015259,1.004150
off,4360015,0.000366,-0.015015,1.005371
off,4360035,0.000244,-0.015015,1.004517
off,4360055,0.000854,-0.014893,1.003784
off,4360075,0.000732,-0.015137,1.004028
off,4360095,0.000488,-0.015015,1.003906
off,4360115,0.001099,-0.014282,1.003906
off,4360135,0.000732,-0.014893,1.004639
off,4360155,0.000122,-0.014160,1.003662
off,4360175,0.000488,-0.014160,1.003906
off,4360195,0.000977,-0.015991,1.004761
off,4360215,0.000366,-0.014160,1.003906
off,4360235,0.000366,-0.014526,1.004517
off,4360255,0.000244,-0.014648,1.003784
off,4360275,0.000366,-0.015137,1.004028
off,4360295,0.000366,-0.015015,1.003784
off,4360315,0.000244,-0.014893,1.003662
off,4360335,0.000732,-0.015259,1.004517
off,4360355,0.000366,-0.014526,1.004028
off,4360375,0.000977,-0.014282,1.003906
off,4360395,0.000366,-0.014893,1.004150
off,4360415,0.000488,-0.014893,1.004395
off,4360435,0.000000,-0.015015,1.004395
off,4360455,0.000244,-0.014526,1.004517
off,4360475,0.000854,-0.014648,1.001953
off,4360495,0.000732,-0.014771,1.004395
off,4360515,0.000488,-0.014648,1.003784
off,4360535,0.000610,-0.014771,1.003784
off,4360555,0.000610,-0.014282,1.004395
off,4360575,0.000610,-0.014526,1.003662
off,4360595,0.000610,-0.015137,1.004883
off,4360615,0.000732,-0.015015,1.005127
off,4360635,0.000488,-0.015381,1.003906
off,4360655,0.000366,-0.014893,1.004272
off,4360675,0.001221,-0.015381,1.004028
off,4360695,0.000610,-0.014893,1.004517
off,4360715,0.000488,-0.014648,1.004272
off,4360735,0.000366,-0.015869,1.004761
off,4360755,0.000854,-0.014404,1.003174
off,4360775,0.000366,-0.014526,1.004395
off,4360795,0.000488,-0.014648,1.005249
off,4360815,0.000366,-0.014893,1.005005
off,4360835,0.000488,-0.014893,1.005127
off,4360855,0.000366,-0.014893,1.004150
off,4360875,0.000732,-0.013794,1.003906
off,4360895,0.001099,-0.014771,1.002563
off,4360915,0.000244,-0.014526,1.004272
off,4360935,0.001099,-0.015015,1.004395
off,4360955,0.000366,-0.014404,1.004272
off,4360975,0.000610,-0.015259,1.004639
off,4360995,0.000854,-0.014893,1.003296
off,4361015,0.001221,-0.014648,1.003784
off,4361035,0.000488,-0.014893,1.005005
off,4361055,0.000366,-0.014526,1.004639
off,4361075,0.000610,-0.015259,1.004395
off,4361095,0.000366,-0.015625,1.004517
off,4361115,0.000610,-0.014893,1.003784
off,4361135,0.000122,-0.015137,1.002808
off,4361155,0.000732,-0.015259,1.004272
off,4361175,0.000366,-0.015259,1.004761
off,4361195,0.000244,-0.014771,1.004272
off,4361215,0.000244,-0.014771,1.002930
off,4361235,0.000610,-0.014526,1.004028
off,4361255,0.000610,-0.014038,1.004883
off,4361275,0.000610,-0.015259,1.004517
off,4361295,0.000488,-0.014771,1.005005
off,4361315,0.000977,-0.014526,1.004395
off,4361335,0.000244,-0.014771,1.004150
off,4361355,0.000000,-0.014526,1.003540
off,4361375,0.000488,-0.014771,1.004028
off,4361395,0.000488,-0.014160,1.004028
off,4361415,0.000610,-0.014893,1.004028
off,4361435,0.000854,-0.015259,1.004395
off,4361455,0.001099,-0.014648,1.003906
off,4361475,0.000488,-0.015137,1.005005
off,4361495,0.000488,-0.014771,1.004028
off,4361515,0.000122,-0.015503,1.004150
off,4361535,0.000732,-0.014526,1.004639
off,4361555,0.000977,-0.015381,1.004150
off,4361575,0.000732,-0.014771,1.004883
off,4361595,0.000732,-0.014526,1.003906
off,4361615,0.000854,-0.014404,1.004028
off,4361635,0.000732,-0.014282,1.003784
off,4361655,0.000488,-0.014893,1.003418
off,4361675,0.000244,-0.015137,1.003296
off,4361695,0.001465,-0.014893,1.004028
off,4361715,0.000732,-0.014526,1.004517
off,4361735,0.000732,-0.014893,1.004517
off,4361755,0.000854,-0.015503,1.003540
off,4361775,0.000244,-0.014648,1.004517
off,4361795,0.000122,-0.014771,1.004028
off,4361815,0.000122,-0.014404,1.003052
off,4361835,0.001099,-0.014526,1.003662
off,4361855,0.000000,-0.014038,1.004150
off,4361875,0.000366,-0.015259,1.004761
off,4361895,0.000366,-0.015015,1.004395
off,4361915,0.000244,-0.015137,1.003906
off,4361935,0.001099,-0.014648,1.005127
off,4361955,0.000000,-0.015625,1.004028
off,4361975,0.000977,-0.015747,1.004761
off,4361995,0.000610,-0.014648,1.003784
off,4362015,0.000244,-0.015259,1.004395
off,4362035,0.000488,-0.014526,1.004395
off,4362055,0.000244,-0.014893,1.004395
off,4362075,0.000488,-0.015625,1.004395
off,4362095,0.000610,-0.014526,1.004150
off,4362115,0.000244,-0.014893,1.004517
off,4362135,0.000366,-0.015015,1.004028
off,4362155,0.000732,-0.014648,1.003906
off,4362175,0.000366,-0.015381,1.004395
off,4362195,0.000610,-0.014526,1.004639
off,4362215,0.000122,-0.015137,1.003906
off,4362235,0.001099,-0.015015,1.004883
off,4362255,0.000854,-0.014893,1.004639
off,4362275,0.000244,-0.014404,1.004272
off,4362295,0.000366,-0.015015,1.004761
off,4362315,0.000488,-0.014648,1.004028
off,4362335,0.001099,-0.014648,1.004517
off,4362355,0.000366,-0.014038,1.004028
off,4362375,0.001099,-0.013428,1.003418
off,4362395,0.000732,-0.015137,1.004272
off,4362415,0.000610,-0.015015,1.003418
off,4362435,0.000488,-0.014648,1.003418
off,4362455,0.000366,-0.014282,1.003174
off,4362475,0.001099,-0.015015,1.003418
off,4362495,0.000610,-0.015137,1.004272
off,4362515,0.000366,-0.014404,1.004395
off,4362535,0.000122,-0.015259,1.003784
off,4362555,0.000488,-0.014526,1.004395
off,4362575,0.000244,-0.014404,1.003784
off,4362595,0.000122,-0.015259,1.003174
off,4362615,0.000000,-0.014038,1.004639
off,4362635,0.000366,-0.014404,1.004395
off,4362655,0.000000,-0.014648,1.004028
off,4362675,0.000244,-0.015381,1.003296
off,4362695,0.000732,-0.014404,1.004028
off,4362715,0.000488,-0.014771,1.004150
off,4362735,0.000122,-0.015381,1.004761
off,4362755,0.001099,-0.015259,1.004272
off,4362775,0.000000,-0.014893,1.003662
off,4362795,0.000244,-0.014526,1.003418
off,4362815,0.000610,-0.013916,1.003906
off,4362835,0.000000,-0.014160,1.003296
off,4362855,0.000610,-0.015503,1.004272
off,4362875,0.000244,-0.014648,1.004028
off,4362895,0.000732,-0.014893,1.004272
off,4362915,0.000732,-0.015015,1.003174
off,4362935,0.000610,-0.015259,1.004517
off,4362955,0.000366,-0.015259,1.003784
off,4362975,0.000244,-0.013916,1.004272
off,4362995,0.000977,-0.014893,1.004272
off,4363015,0.000122,-0.014771,1.004395
off,4363035,0.000244,-0.015259,1.003296
off,4363055,0.000366,-0.014893,1.003784
off,4363075,0.001099,-0.014771,1.003296
off,4363095,0.000610,-0.015259,1.004639
off,4363115,0.000610,-0.014404,1.004150
off,4363135,0.000244,-0.015137,1.004883
off,4363155,0.000122,-0.014404,1.004761
off,4363175,0.000610,-0.014771,1.004028
off,4363195,0.000732,-0.014648,1.003906
off,4363215,0.000244,-0.013672,1.003052
off,4363235,0.000366,-0.014893,1.004517
off,4363255,0.000000,-0.014648,1.004272
off,4363275,0.000366,-0.014771,1.004883
off,4363295,0.000488,-0.014893,1.003418
off,4363315,0.000366,-0.014893,1.003296
off,4363335,0.000854,-0.015503,1.003540
off,4363355,0.000732,-0.015381,1.003418
off,4363375,0.000488,-0.013916,1.003418
off,4363395,0.000488,-0.014648,1.003784
off,4363415,0.001221,-0.014648,1.003174
off,4363435,0.000732,-0.014648,1.004395
off,4363455,0.000977,-0.014648,1.003540
off,4363475,0.000488,-0.014771,1.004395
off,4363495,0.000000,-0.015381,1.003540
off,4363515,0.000732,-0.015015,1.004028
off,4363535,0.000000,-0.014038,1.004761
off,4363555,0.000732,-0.015503,1.004639
off,4363575,0.000366,-0.014771,1.003784
off,4363595,0.000244,-0.015381,1.003906
off,4363615,0.000854,-0.014648,1.003418
off,4363635,0.000610,-0.014771,1.003662
off,4363655,0.000732,-0.014771,1.003052
off,4363675,0.000732,-0.014404,1.004639
off,4363695,0.000122,-0.015015,1.002808
off,4363715,0.000366,-0.015381,1.003784
off,4363735,0.000854,-0.015259,1.004395
off,4363755,0.000000,-0.014893,1.004272
off,4363775,0.000610,-0.014648,1.004150
off,4363795,0.000854,-0.015015,1.003784
off,4363815,0.000366,-0.014771,1.004028
off,4363835,0.000122,-0.014282,1.004150
off,4363855,0.000610,-0.015015,1.004517
off,4363875,0.000122,-0.014648,1.004517
off,4363895,0.000732,-0.014038,1.004150
off,4363915,0.000000,-0.013916,1.003540
off,4363935,0.000122,-0.015625,1.004028
off,4363955,0.001221,-0.014648,1.004517
off,4363975,0.000610,-0.014893,1.004639
off,4363995,0.000488,-0.014648,1.004272
off,4364015,0.000366,-0.014648,1.003662
off,4364035,0.000610,-0.014771,1.004395
off,4364055,0.001221,-0.015015,1.003784
off,4364075,0.000366,-0.014526,1.003662
off,4364095,0.000610,-0.014526,1.004272
off,4364115,0.000488,-0.014160,1.004517
off,4364135,0.000366,-0.014404,1.004395
off,4364155,0.000366,-0.014282,1.004395
off,4364175,0.000244,-0.014038,1.004517
off,4364195,0.000122,-0.014160,1.003296
off,4364215,0.000854,-0.015015,1.004272
off,4364235,0.001099,-0.015259,1.003540
off,4364255,0.000732,-0.015015,1.003784
off,4364275,0.000366,-0.014404,1.004395
off,4364295,0.000488,-0.014893,1.003418
off,4364315,0.000488,-0.015381,1.003418
off,4364335,0.000122,-0.015137,1.002930
off,4364355,0.000122,-0.015503,1.004028
off,4364375,0.000610,-0.014282,1.003906
off,4364395,0.000000,-0.014404,1.002808
off,4364415,0.000122,-0.015015,1.003784
off,4364435,0.000610,-0.014648,1.003662
off,4364455,0.000000,-0.014282,1.004028
off,4364475,0.000488,-0.014404,1.004517
off,4364495,0.000732,-0.015503,1.003906
off,4364515,0.000732,-0.014526,1.002930
off,4364535,0.000366,-0.014893,1.003906
off,4364555,0.001465,-0.014526,1.004028
off,4364575,0.000610,-0.013428,1.003418
off,4364595,0.000488,-0.015381,1.004272
off,4364615,0.000366,-0.014160,1.004272
off,4364635,0.000854,-0.014526,1.003784
off,4364655,0.000244,-0.014160,1.003662
off,4364675,0.000122,-0.014038,1.004517
off,4364695,0.000122,-0.015015,1.004272
off,4364715,0.000366,-0.015259,1.003906
off,4364735,0.000610,-0.014648,1.003784
off,4364755,0.000366,-0.015259,1.003418
off,4364775,0.000244,-0.015015,1.004272
off,4364795,0.000244,-0.014771,1.004517
off,4364815,0.000488,-0.014526,1.003784
off,4364835,0.000244,-0.015015,1.002563
off,4364855,0.000610,-0.014282,1.004272
off,4364875,0.000610,-0.014893,1.004395
off,4364895,0.000610,-0.014038,1.004395
off,4364915,0.000488,-0.014648,1.004517
off,4364935,0.000000,-0.014648,1.004028
off,4364955,0.000000,-0.015137,1.004395
off,4364975,0.000366,-0.015015,1.003662
off,4364995,0.000366,-0.015015,1.004883
off,4365015,0.000610,-0.015381,1.003784
off,4365035,0.000854,-0.014526,1.003662
off,4365055,0.000122,-0.014893,1.004761
off,4365075,0.000977,-0.014771,1.003906
off,4365095,-0.000488,-0.015259,1.003296
off,4365115,-0.000244,-0.015259,1.002808
off,4365135,0.000732,-0.014648,1.002686
off,4365155,0.000977,-0.015015,1.002686
off,4365175,0.000732,-0.014282,1.004028
off,4365195,0.000366,-0.014648,1.003662
off,4365215,0.000000,-0.014404,1.004272
off,4365235,0.000244,-0.015015,1.003540
off,4365255,0.000732,-0.014526,1.003662
off,4365275,0.000366,-0.014648,1.002930
off,4365295,0.000488,-0.015015,1.003784
off,4365315,0.000366,-0.015015,1.004395
off,4365335,0.001099,-0.014648,1.003784
off,4365355,0.000488,-0.014648,1.004395
off,4365375,0.000610,-0.014648,1.003540
off,4365395,0.000366,-0.015015,1.003540
off,4365415,-0.000122,-0.014893,1.004395
off,4365435,0.000488,-0.014160,1.003906
off,4365455,0.000610,-0.014893,1.004761
off,4365475,0.000366,-0.015015,1.003784
off,4365495,0.000366,-0.015503,1.004272
off,4365515,0.000854,-0.014282,1.003662
off,4365535,0.000732,-0.015869,1.003784
off,4365555,0.000732,-0.014893,1.003906
off,4365575,0.001221,-0.015503,1.003052
off,4365595,0.000488,-0.015137,1.003174
off,4365615,0.000977,-0.015015,1.003784
off,4365635,0.001465,-0.014526,1.004395
off,4365655,0.000366,-0.014282,1.003662
off,4365675,0.000244,-0.014648,1.004028
off,4365695,0.000244,-0.014282,1.004028
off,4365715,0.000610,-0.014893,1.004517
off,4365735,0.000122,-0.014648,1.004028
off,4365755,0.000244,-0.014648,1.004395
off,4365775,0.000366,-0.014038,1.003906
off,4365795,0.001221,-0.014282,1.004272
off,4365815,0.000244,-0.015625,1.003662
off,4365835,0.000244,-0.015747,1.003784
off,4365855,0.001099,-0.014648,1.003906
off,4365875,0.000244,-0.014526,1.003906
off,4365895,0.000122,-0.014648,1.004761
off,4365915,0.000244,-0.014282,1.003784
off,4365935,0.000977,-0.014648,1.003784
off,4365955,0.000732,-0.015137,1.004395
off,4365975,0.000488,-0.015259,1.005005
off,4365995,0.000488,-0.014893,1.003296
off,4366015,0.000610,-0.014648,1.004883
off,4366035,0.000366,-0.014893,1.003662
off,4366055,0.000732,-0.014404,1.003784
off,4366075,0.000366,-0.015381,1.003418
off,4366095,0.000366,-0.014648,1.004028
off,4366115,0.000244,-0.014648,1.004639
off,4366135,0.001221,-0.014893,1.004150
off,4366155,0.000366,-0.013794,1.004150
off,4366175,0.000488,-0.014893,1.004028
off,4366195,0.000610,-0.014526,1.003784
off,4366215,0.000610,-0.015015,1.004639
off,4366235,0.000122,-0.013428,1.004150
off,4366255,0.000000,-0.014771,1.004639
off,4366275,0.000610,-0.015381,1.004028
off,4366295,0.000122,-0.015503,1.003540
off,4366315,0.000488,-0.014648,1.003784
off,4366335,0.000610,-0.015625,1.003784
off,4366355,0.000244,-0.014771,1.003906
off,4366375,0.000732,-0.014648,1.004639
off,4366395,0.000122,-0.014893,1.003906
off,4366415,0.000000,-0.014526,1.004028
off,4366435,0.000244,-0.015015,1.004395
off,4366455,0.000854,-0.014282,1.003784
off,4366475,0.000122,-0.015137,1.003906
off,4366495,0.000244,-0.014404,1.003540
off,4366515,0.000732,-0.013794,1.004517
off,4366535,0.000366,-0.014893,1.003784
off,4366555,0.000977,-0.014282,1.004517
off,4366575,0.000488,-0.014526,1.004272
off,4366595,0.000244,-0.014771,1.003784
off,4366615,0.000610,-0.014526,1.003784
off,4366635,0.000854,-0.014893,1.004517
off,4366655,0.000244,-0.014526,1.002441
off,4366675,0.000732,-0.015137,1.004517
off,4366695,0.000000,-0.014771,1.003540
off,4366715,0.000977,-0.014893,1.004395
off,4366735,0.000610,-0.014526,1.003906
off,4366755,0.000366,-0.014771,1.004028
off,4366775,0.000488,-0.014526,1.003906
off,4366795,0.000732,-0.014526,1.004639
off,4366815,-0.000244,-0.014648,1.004272
off,4366835,0.000488,-0.014771,1.004395
off,4366855,0.000610,-0.014893,1.004272
off,4366875,0.000000,-0.015137,1.004517
off,4366895,0.000244,-0.014771,1.003784
off,4366915,0.000366,-0.015137,1.002808
off,4366935,0.000122,-0.015259,1.003906
off,4366955,0.000000,-0.014893,1.003906
off,4366975,0.000854,-0.014771,1.002930
off,4366995,0.000732,-0.015015,1.003906
off,4367015,0.000488,-0.015381,1.004150
off,4367035,0.000488,-0.014893,1.004028
off,4367055,0.000244,-0.015137,1.003418
off,4367075,0.000732,-0.014893,1.003784
off,4367095,0.000488,-0.015015,1.004761
off,4367115,0.000732,-0.014526,1.003418
off,4367135,0.000732,-0.015381,1.004395
off,4367155,0.000732,-0.015137,1.004150
off,4367175,0.000366,-0.014282,1.004272
off,4367195,0.001465,-0.014648,1.004028
off,4367215,0.000244,-0.013916,1.003662
off,4367235,0.000244,-0.014038,1.003784
off,4367255,0.000244,-0.014648,1.003540
off,4367275,0.000732,-0.014282,1.004639
off,4367295,0.000366,-0.014771,1.004150
off,4367315,0.000244,-0.014038,1.004395
off,4367335,0.000732,-0.015381,1.004150
off,4367355,0.000610,-0.015015,1.004028
off,4367375,0.000732,-0.014648,1.005127
off,4367395,0.000244,-0.014526,1.004639
off,4367415,0.000732,-0.015503,1.005005
off,4367435,0.000122,-0.014526,1.003540
off,4367455,0.000366,-0.015015,1.004150
off,4367475,0.000366,-0.014648,1.004761
off,4367495,0.000244,-0.014648,1.003784
off,4367515,0.000244,-0.015015,1.003906
off,4367535,0.000244,-0.015015,1.003784
off,4367555,0.000366,-0.015503,1.003784
off,4367575,0.000366,-0.014648,1.004272
off,4367595,0.000244,-0.014526,1.004028
off,4367615,0.000000,-0.014893,1.004150
off,4367635,0.000244,-0.014648,1.004395
off,4367655,0.000610,-0.014526,1.003052
off,4367675,0.000244,-0.014893,1.004395
off,4367695,0.001221,-0.014771,1.004272
off,4367715,0.000732,-0.015137,1.004272
off,4367735,0.000244,-0.014771,1.003662
off,4367755,0.000977,-0.014893,1.004517
off,4367775,0.000244,-0.014526,1.003906
off,4367795,0.000122,-0.014893,1.004639
off,4367815,0.001099,-0.014893,1.003784
off,4367835,0.000610,-0.014771,1.004395
off,4367855,0.000488,-0.015381,1.003784
off,4367875,0.000488,-0.014771,1.004272
off,4367895,0.000366,-0.015991,1.005005
off,4367915,0.000366,-0.015747,1.004883
off,4367935,0.001221,-0.014038,1.003784
off,4367955,-0.000122,-0.014282,1.003540
off,4367975,0.000977,-0.015015,1.004395
off,4367995,0.000610,-0.015015,1.005249
off,4368015,0.000610,-0.015259,1.004272
off,4368035,0.000366,-0.014038,1.004395
off,4368055,0.000366,-0.014648,1.003784
off,4368075,0.000244,-0.014648,1.004395
off,4368095,0.001221,-0.014404,1.004272
off,4368115,0.000488,-0.014526,1.005249
off,4368135,0.000000,-0.015015,1.005371
off,4368155,0.000854,-0.014282,1.004150
off,4368175,0.000854,-0.015015,1.004150
off,4368195,0.000366,-0.015015,1.003906
off,4368215,0.000122,-0.014771,1.003906
off,4368235,0.000244,-0.014404,1.004517
off,4368255,0.000610,-0.015625,1.004517
off,4368275,0.000610,-0.014160,1.003784
off,4368295,0.000977,-0.015137,1.004395
off,4368315,0.000977,-0.014282,1.003906
off,4368335,0.000488,-0.014771,1.004150
off,4368355,0.000977,-0.014160,1.004639
off,4368375,0.000488,-0.014771,1.003662
off,4368395,0.000732,-0.014771,1.003540
off,4368415,0.000488,-0.014526,1.004761
off,4368435,0.000122,-0.014771,1.003418
off,4368455,0.000488,-0.015381,1.003662
off,4368475,0.000366,-0.014404,1.002197
off,4368495,0.000854,-0.015259,1.003662
off,4368515,-0.000122,-0.014282,1.005005
off,4368535,0.000977,-0.015137,1.005005
off,4368555,0.000610,-0.014282,1.003906
off,4368575,0.000244,-0.014404,1.004150
off,4368595,0.000732,-0.015747,1.004028
off,4368615,0.000854,-0.014160,1.003784
off,4368635,0.000610,-0.014893,1.004272
off,4368655,0.000488,-0.014404,1.004639
off,4368675,0.000244,-0.015015,1.003906
off,4368695,0.000244,-0.014526,1.004272
off,4368715,-0.000122,-0.014160,1.004517
off,4368735,0.000244,-0.014282,1.004150
off,4368755,0.000732,-0.014282,1.004028
off,4368775,0.000610,-0.014648,1.003906
off,4368795,0.000488,-0.014404,1.004395
off,4368815,0.000366,-0.014893,1.003784
off,4368835,0.001099,-0.015259,1.004150
off,4368855,0.000732,-0.015137,1.003906
off,4368875,0.000000,-0.014771,1.003784
off,4368895,0.000488,-0.014526,1.004395
off,4368915,0.000732,-0.015015,1.002686
off,4368935,0.000488,-0.014893,1.003906
off,4368955,0.000366,-0.014893,1.004028
off,4368975,0.000000,-0.014771,1.003174
off,4368995,0.001099,-0.015503,1.004028
off,4369015,0.000732,-0.014526,1.004517
off,4369035,0.000122,-0.014282,1.004272
off,4369055,0.000488,-0.014648,1.003906
off,4369075,0.000610,-0.014648,1.004517
off,4369095,0.000244,-0.015137,1.004517
off,4369115,0.000488,-0.014038,1.003174
off,4369135,0.000610,-0.014404,1.004639
off,4369155,0.001221,-0.014404,1.003540
off,4369175,-0.000122,-0.014771,1.003540
off,4369195,0.000977,-0.014771,1.004517
off,4369215,0.000122,-0.014160,1.004761
off,4369235,0.000488,-0.015137,1.004272
off,4369255,0.000366,-0.014404,1.004761
off,4369275,0.000488,-0.014526,1.004395
off,4369295,0.000366,-0.014893,1.003418
off,4369315,0.000732,-0.014648,1.004028
off,4369335,0.000366,-0.015259,1.005371
off,4369355,0.000854,-0.015015,1.004517
off,4369375,0.001099,-0.014893,1.003906
off,4369395,0.001465,-0.014404,1.004517
off,4369415,0.000732,-0.014648,1.002930
off,4369435,0.000244,-0.015015,1.004272
off,4369455,0.000000,-0.014526,1.003906
off,4369475,0.000244,-0.013916,1.004028
off,4369495,0.000366,-0.014648,1.004028
off,4369515,0.000366,-0.015747,1.003052
off,4369535,0.001099,-0.015137,1.005005
off,4369555,0.000366,-0.015015,1.003662
off,4369575,0.000488,-0.015503,1.005127
off,4369595,0.000122,-0.015015,1.004395
off,4369615,0.000610,-0.014038,1.004639
off,4369635,0.000122,-0.015015,1.004028
off,4369655,0.000488,-0.014526,1.004395
off,4369675,0.000122,-0.015259,1.004639
off,4369695,0.000610,-0.014404,1.003906
off,4369715,0.000244,-0.014893,1.004150
off,4369735,0.000000,-0.014526,1.004272
off,4369755,0.000610,-0.015381,1.004395
off,4369775,0.000488,-0.014404,1.003906
off,4369795,0.000488,-0.015137,1.004272
off,4369815,0.000732,-0.015259,1.004517
off,4369835,0.000610,-0.015259,1.005493
off,4369855,0.000366,-0.014893,1.004272
off,4369875,0.000610,-0.014648,1.004395
off,4369895,0.000122,-0.015381,1.004272
off,4369915,0.000732,-0.014648,1.004395
off,4369935,0.001465,-0.014160,1.004028
off,4369955,-0.000244,-0.014404,1.004517
off,4369975,0.000244,-0.014771,1.003662
off,4369995,0.000610,-0.015137,1.004761
off,4370015,0.001343,-0.014771,1.004395
off,4370035,0.000732,-0.014893,1.003662
off,4370055,0.001099,-0.014648,1.003906
off,4370075,0.000488,-0.015503,1.004272
off,4370095,0.000244,-0.015625,1.003784
off,4370115,0.000244,-0.014404,1.003540
off,4370135,0.000610,-0.014893,1.004639
off,4370155,-0.000122,-0.014404,1.003784
off,4370175,0.000244,-0.015137,1.003906
off,4370195,0.000488,-0.014771,1.004028
off,4370215,0.000488,-0.014648,1.003784
off,4370235,0.000366,-0.014893,1.003540
off,4370255,0.000244,-0.014526,1.004150
off,4370275,0.000488,-0.014526,1.003906
off,4370295,0.000244,-0.014160,1.005127
off,4370315,0.000366,-0.014771,1.003662
off,4370335,0.000854,-0.014526,1.004028
off,4370355,0.000610,-0.015015,1.004028
off,4370375,0.000732,-0.014526,1.003174
off,4370395,0.000000,-0.014526,1.003906
off,4370415,0.000366,-0.015015,1.004028
off,4370435,0.000000,-0.015381,1.003784
off,4370455,0.000000,-0.014282,1.004517
off,4370475,0.000488,-0.015381,1.004883
off,4370495,0.000122,-0.014771,1.003906
off,4370515,0.000488,-0.013672,1.003296
off,4370535,0.000244,-0.014771,1.004883
off,4370555,0.000610,-0.014893,1.004517
off,4370575,0.000732,-0.015137,1.003906
off,4370595,0.000366,-0.014526,1.003906
off,4370615,0.000732,-0.014771,1.004272
off,4370635,-0.000122,-0.014648,1.004028
off,4370655,-0.000122,-0.014526,1.004517
off,4370675,0.000122,-0.015015,1.004395
off,4370695,0.000122,-0.014526,1.003906
off,4370715,0.000732,-0.014282,1.004639
off,4370735,0.000122,-0.014648,1.004517
off,4370755,0.000610,-0.014893,1.004517
off,4370775,0.000488,-0.014893,1.004517
off,4370795,0.000488,-0.014404,1.004150
off,4370815,-0.000244,-0.015015,1.005005
off,4370835,0.000732,-0.015381,1.004517
off,4370855,0.000488,-0.014771,1.003662
off,4370875,0.000488,-0.014648,1.004395
off,4370895,0.000000,-0.015137,1.004761
off,4370915,0.000854,-0.014404,1.004395
off,4370935,0.000488,-0.014648,1.004395
off,4370955,0.000122,-0.015259,1.003662
off,4370975,0.000610,-0.015015,1.004150
off,4370995,0.000977,-0.015503,1.004639
off,4371015,0.000610,-0.014404,1.004883
off,4371035,0.000610,-0.014893,1.004395
off,4371055,0.000488,-0.014771,1.005005
off,4371075,0.000366,-0.014648,1.004395
off,4371095,0.001343,-0.015137,1.004395
off,4371115,0.000610,-0.015869,1.004883
off,4371135,0.000366,-0.015015,1.004272
off,4371155,0.000244,-0.014771,1.003662
off,4371175,0.000000,-0.014160,1.004028
off,4371195,0.000122,-0.014404,1.003906
off,4371215,0.000977,-0.014648,1.004272
off,4371235,0.000488,-0.014893,1.004150
off,4371255,0.000854,-0.014893,1.004395
off,4371275,0.000732,-0.015503,1.004028
off,4371295,0.000366,-0.015015,1.003540
off,4371315,0.000610,-0.014771,1.004883
off,4371335,0.000366,-0.014160,1.004639
off,4371355,0.000488,-0.015015,1.004639
off,4371375,0.000366,-0.015015,1.004517
off,4371395,0.000244,-0.014282,1.004272
off,4371415,0.000488,-0.014648,1.005249
off,4371435,0.000732,-0.014526,1.004639
off,4371455,0.000366,-0.015015,1.004150
off,4371475,0.000732,-0.014771,1.003784
off,4371495,0.000366,-0.015259,1.003662
off,4371515,0.000122,-0.014648,1.004272
off,4371535,0.001099,-0.015015,1.004272
off,4371555,0.000610,-0.014526,1.002808
off,4371575,0.000488,-0.014648,1.004639
off,4371595,0.000122,-0.014648,1.003784
off,4371615,0.000366,-0.014526,1.003296
off,4371635,0.001099,-0.014648,1.003906
off,4371655,0.000732,-0.014038,1.004150
off,4371675,0.000488,-0.015259,1.005005
off,4371695,0.000488,-0.015015,1.004150
off,4371715,0.000366,-0.014893,1.004883
off,4371735,0.000244,-0.014526,1.004517
off,4371755,0.000366,-0.014893,1.004150
off,4371775,0.000488,-0.014893,1.004639
off,4371795,0.000122,-0.014282,1.004761
off,4371815,0.000732,-0.015137,1.004883
off,4371835,0.000366,-0.014648,1.004395
off,4371855,0.000000,-0.014526,1.003906
off,4371875,0.000488,-0.014648,1.003906
off,4371895,0.000488,-0.014404,1.003296
off,4371915,0.000366,-0.014648,1.004761
off,4371935,0.000610,-0.015015,1.004883
off,4371955,0.000610,-0.014404,1.004883
off,4371975,0.001221,-0.015503,1.004150
off,4371995,0.000610,-0.015015,1.003296
off,4372015,0.000488,-0.015259,1.004028
off,4372035,0.000610,-0.014771,1.003540
off,4372055,0.000610,-0.014771,1.003052
off,4372075,0.001099,-0.015137,1.004639
off,4372095,0.000488,-0.014771,1.003540
off,4372115,0.000732,-0.015259,1.005127
off,4372135,0.000854,-0.014893,1.002930
off,4372155,0.000000,-0.014771,1.004395
off,4372175,0.001221,-0.014648,1.003784
off,4372195,0.000610,-0.015015,1.003784
off,4372215,0.000488,-0.014648,1.004150
off,4372235,0.000732,-0.015137,1.004272
off,4372255,0.000610,-0.014404,1.003296
off,4372275,0.000366,-0.014771,1.004150
off,4372295,0.000488,-0.015503,1.003906
off,4372315,0.001221,-0.015503,1.004517
off,4372335,0.000488,-0.015259,1.004395
off,4372355,0.000488,-0.015259,1.003540
off,4372375,0.000366,-0.015137,1.004272
off,4372395,0.000977,-0.015259,1.003540
off,4372415,0.000000,-0.014160,1.003174
off,4372435,0.000366,-0.014404,1.004517
off,4372455,0.000122,-0.015503,1.004883
off,4372475,0.000610,-0.015015,1.004517
off,4372495,0.000610,-0.015137,1.004517
off,4372515,0.000854,-0.014771,1.004517
off,4372535,0.000610,-0.014404,1.003052
off,4372555,0.000366,-0.015137,1.004517
off,4372575,0.000122,-0.014771,1.003662
off,4372595,0.000122,-0.014648,1.003906
off,4372615,0.000732,-0.014404,1.003540
off,4372635,0.000488,-0.015137,1.004395
off,4372655,0.000610,-0.014526,1.003906
off,4372675,0.000610,-0.014526,1.004028
off,4372695,0.000244,-0.014160,1.004395
off,4372715,0.000122,-0.015015,1.004761
off,4372735,0.000488,-0.014648,1.004517
off,4372755,0.000610,-0.014771,1.003174
off,4372775,0.000366,-0.015625,1.004639
off,4372795,0.000366,-0.015259,1.004761
off,4372815,0.000244,-0.015503,1.004272
off,4372835,0.001465,-0.014893,1.003296
off,4372855,0.001221,-0.014404,1.002808
off,4372875,0.000366,-0.015015,1.004517
off,4372895,0.001099,-0.014404,1.004639
off,4372915,0.000366,-0.015991,1.003906
off,4372935,0.000122,-0.015015,1.004517
off,4372955,0.000244,-0.015137,1.004272
off,4372975,0.000366,-0.014526,1.004761
off,4372995,0.000610,-0.014526,1.005371
off,4373015,0.000366,-0.015381,1.003784
off,4373035,0.000610,-0.014038,1.004272
off,4373055,0.000488,-0.014404,1.003540
off,4373075,0.000854,-0.014526,1.003296
off,4373095,0.000610,-0.015015,1.004028
off,4373115,0.000366,-0.015137,1.004395
off,4373135,0.000244,-0.014771,1.004883
off,4373155,0.000977,-0.014648,1.004639
off,4373175,0.000122,-0.014648,1.003296
off,4373195,0.001221,-0.014648,1.004395
off,4373215,0.000854,-0.015015,1.004395
off,4373235,0.000366,-0.015259,1.004395
off,4373255,0.000732,-0.015259,1.004395
off,4373275,0.000244,-0.015015,1.003662
off,4373295,0.000488,-0.015015,1.005005
off,4373315,0.000366,-0.013916,1.005005
off,4373335,0.001465,-0.014648,1.004761
off,4373355,0.000610,-0.014526,1.004639
off,4373375,0.000488,-0.015259,1.004761
off,4373395,0.000854,-0.014282,1.003418
off,4373415,-0.000122,-0.015625,1.004150
off,4373435,0.000366,-0.015503,1.004517
off,4373455,0.000977,-0.014526,1.004395
off,4373475,0.000732,-0.014404,1.005371
off,4373495,0.000000,-0.014648,1.004150
off,4373515,0.001099,-0.015137,1.004639
off,4373535,0.000610,-0.015381,1.004395
off,4373555,0.001099,-0.014648,1.004761
off,4373575,0.000488,-0.015015,1.004517
off,4373595,0.000977,-0.015015,1.004272
off,4373615,0.000122,-0.015015,1.003906
off,4373635,0.000122,-0.014893,1.003296
off,4373655,0.001221,-0.014771,1.003540
off,4373675,0.000366,-0.014282,1.004028
off,4373695,0.000000,-0.014771,1.004272
off,4373715,0.000122,-0.015381,1.003662
off,4373735,0.000488,-0.014648,1.004639
off,4373755,0.000488,-0.014282,1.003906
off,4373775,0.000732,-0.015015,1.004028
off,4373795,0.000977,-0.015137,1.004883
off,4373815,0.000366,-0.015015,1.004883
off,4373835,0.000244,-0.015137,1.004028
off,4373855,0.000732,-0.014648,1.004517
off,4373875,0.000610,-0.015259,1.004150
off,4373895,0.000244,-0.015259,1.004395
off,4373915,0.000244,-0.014771,1.004272
off,4373935,0.000854,-0.015137,1.004639
off,4373955,0.000488,-0.014893,1.005127
off,4373975,0.000366,-0.014771,1.003662
off,4373995,0.000732,-0.014648,1.003174
off,4374015,0.000122,-0.015015,1.003784
off,4374035,0.000122,-0.014404,1.003906
off,4374055,0.000732,-0.014893,1.004639
off,4374075,0.000488,-0.014282,1.004150
off,4374095,0.000488,-0.015381,1.002441
off,4374115,0.000610,-0.014648,1.004150
off,4374135,0.000732,-0.014526,1.003906
off,4374155,0.000610,-0.014648,1.004028
off,4374175,0.000610,-0.014771,1.003540
off,4374195,0.000244,-0.015869,1.003784
off,4374215,0.000366,-0.015137,1.004272
off,4374235,0.000977,-0.014771,1.004150
off,4374255,0.000244,-0.015381,1.005005
off,4374275,0.000977,-0.015381,1.004150
off,4374295,0.000610,-0.014648,1.004150
off,4374315,0.000732,-0.015381,1.004517
off,4374335,0.000244,-0.014771,1.003540
off,4374355,0.000000,-0.015015,1.004395
off,4374375,0.000488,-0.014648,1.002563
off,4374395,0.000732,-0.015259,1.005249
off,4374415,0.000488,-0.014282,1.004150
off,4374435,0.000488,-0.015381,1.005005
off,4374455,0.000732,-0.015381,1.004150
off,4374475,0.000244,-0.015137,1.002930
off,4374495,0.001343,-0.014771,1.003296
off,4374515,0.000244,-0.015259,1.003784
off,4374535,0.000366,-0.014771,1.003906
off,4374555,0.000244,-0.014648,1.003174
off,4374575,0.000610,-0.014648,1.004028
off,4374595,0.000732,-0.015137,1.004028
off,4374615,0.001099,-0.014038,1.004395
off,4374635,0.001465,-0.014404,1.004639
off,4374655,0.000366,-0.014526,1.004883
off,4374675,0.000610,-0.014404,1.004883
off,4374695,0.001465,-0.014648,1.003784
off,4374715,0.000854,-0.014648,1.002808
off,4374735,0.000610,-0.014404,1.004395
off,4374755,0.000366,-0.015137,1.004272
off,4374775,0.000244,-0.014893,1.004395
off,4374795,0.000244,-0.014648,1.003784
off,4374815,0.000244,-0.015869,1.003784
off,4374835,0.000732,-0.014771,1.004150
off,4374855,0.000122,-0.014771,1.003540
off,4374875,0.001343,-0.014771,1.004272
off,4374895,0.000244,-0.014404,1.004150
off,4374915,-0.000122,-0.014404,1.003906
off,4374935,0.000977,-0.014282,1.003540
off,4374955,0.000488,-0.014404,1.004272
off,4374975,0.000610,-0.014771,1.004761
off,4374995,0.000366,-0.014526,1.004395
off,4375015,0.000610,-0.013794,1.004395
off,4375035,0.000610,-0.014404,1.003540
off,4375055,0.000366,-0.015503,1.005127
off,4375075,0.000610,-0.015137,1.003662
off,4375095,0.000732,-0.014771,1.004517
off,4375115,0.000488,-0.014404,1.003784
off,4375135,0.001343,-0.014404,1.004517
off,4375155,0.001099,-0.014771,1.004883
off,4375175,0.001221,-0.014771,1.004150
off,4375195,0.000122,-0.014282,1.004883
off,4375215,0.000122,-0.014893,1.004395
off,4375235,0.000488,-0.015015,1.004028
off,4375255,0.000610,-0.014893,1.004395
off,4375275,0.000488,-0.014526,1.004639
off,4375295,0.000122,-0.014771,1.004639
off,4375315,0.000732,-0.014771,1.004395
off,4375335,0.000000,-0.015015,1.003052
off,4375355,0.000488,-0.014893,1.002686
off,4375375,0.000366,-0.015259,1.004150
off,4375395,0.000488,-0.014526,1.004028
off,4375415,0.000244,-0.014771,1.004150
off,4375435,0.000366,-0.014771,1.005005
off,4375455,0.000244,-0.014282,1.004517
off,4375475,0.000366,-0.015259,1.004272
off,4375495,0.000366,-0.014893,1.003662
off,4375515,0.000122,-0.014893,1.004395
off,4375535,0.000122,-0.015869,1.004517
off,4375555,0.000488,-0.014404,1.004272
off,4375575,0.000610,-0.014038,1.003784
off,4375595,0.000732,-0.014160,1.004272
off,4375615,0.000854,-0.014771,1.003662
off,4375635,0.000732,-0.015259,1.003906
off,4375655,0.000488,-0.015137,1.003540
off,4375675,0.000610,-0.015015,1.004150
off,4375695,0.000366,-0.015625,1.004517
off,4375715,0.000366,-0.014771,1.004150
off,4375735,0.000488,-0.015015,1.005127
off,4375755,0.000244,-0.015137,1.003540
off,4375775,0.000977,-0.014282,1.004639
off,4375795,0.000977,-0.014160,1.002808
off,4375815,0.000488,-0.014648,1.004150
off,4375835,0.000854,-0.014648,1.003662
off,4375855,0.001099,-0.015625,1.004639
off,4375875,0.000366,-0.015015,1.004028
off,4375895,0.000244,-0.015015,1.004639
off,4375915,0.000366,-0.014648,1.004028
off,4375935,0.000488,-0.014771,1.004761
off,4375955,0.000977,-0.014404,1.003662
off,4375975,0.001099,-0.014648,1.003662
off,4375995,0.000244,-0.015259,1.003784
off,4376015,0.000488,-0.015015,1.003906
off,4376035,0.001343,-0.015015,1.004272
off,4376055,0.000122,-0.014771,1.003418
off,4376075,0.000732,-0.014526,1.004272
off,4376095,0.001099,-0.014893,1.004639
off,4376115,0.000488,-0.015015,1.003906
off,4376135,0.001099,-0.015991,1.004150
off,4376155,0.000732,-0.015137,1.004028
off,4376175,0.000122,-0.015137,1.004395
off,4376195,0.000366,-0.014160,1.005249
off,4376215,0.000366,-0.014771,1.003418
off,4376235,0.000732,-0.015381,1.004761
off,4376255,0.000244,-0.015137,1.004761
off,4376275,0.000366,-0.015137,1.004150
off,4376295,0.000854,-0.015015,1.003906
off,4376315,0.000732,-0.014526,1.004272
off,4376335,0.000488,-0.014648,1.004272
off,4376355,0.000488,-0.014771,1.005005
off,4376375,0.001221,-0.015137,1.004761
off,4376395,0.000732,-0.015015,1.005005
off,4376415,0.000122,-0.015015,1.004761
off,4376435,0.000244,-0.014648,1.003784
off,4376455,0.000854,-0.014648,1.004150
off,4376475,0.000854,-0.015503,1.005249
off,4376495,0.000366,-0.015381,1.004517
off,4376515,0.000977,-0.014893,1.003906
off,4376535,0.000244,-0.014648,1.003906
off,4376555,0.000732,-0.015015,1.004272
off,4376575,0.000610,-0.014648,1.004028
off,4376595,0.000244,-0.015137,1.003540
off,4376615,0.000366,-0.014648,1.004272
off,4376635,0.000000,-0.014893,1.003418
off,4376655,0.000732,-0.015015,1.004517
off,4376675,0.000488,-0.014404,1.004639
off,4376695,0.001221,-0.015381,1.003052
off,4376715,0.000366,-0.014893,1.005127
off,4376735,0.000488,-0.015137,1.004150
off,4376755,0.000610,-0.014648,1.003906
off,4376775,0.000977,-0.014648,1.003784
off,4376795,0.001099,-0.014404,1.003540
off,4376815,0.000732,-0.014771,1.004761
off,4376835,0.000244,-0.014648,1.004150
off,4376855,0.000854,-0.014404,1.003784
off,4376875,0.000122,-0.014648,1.003296
off,4376895,0.000366,-0.015625,1.004883
off,4376915,0.001343,-0.015137,1.003540
off,4376935,-0.000122,-0.014160,1.004272
off,4376955,0.000977,-0.014526,1.004028
off,4376975,0.000732,-0.015259,1.005127
off,4376995,0.000244,-0.014893,1.003906
off,4377015,0.000732,-0.015015,1.004639
off,4377035,0.000488,-0.014893,1.004272
off,4377055,0.000244,-0.015625,1.005371
off,4377075,0.000244,-0.014893,1.002808
off,4377095,0.000610,-0.014771,1.004761
off,4377115,0.000244,-0.014893,1.004150
off,4377135,0.000366,-0.014526,1.003540
off,4377155,0.000854,-0.014526,1.003784
off,4377175,0.000122,-0.014526,1.005005
off,4377195,0.000488,-0.014404,1.003906
off,4377215,0.000488,-0.014771,1.004639
off,4377235,0.001221,-0.014648,1.003784
off,4377255,0.000488,-0.015015,1.004150
off,4377275,0.000366,-0.014526,1.003540
off,4377295,0.000366,-0.014526,1.004517
off,4377315,0.000732,-0.015259,1.004883
off,4377335,0.000244,-0.015015,1.003174
off,4377355,0.000488,-0.014893,1.004150
off,4377375,0.000488,-0.015381,1.004517
off,4377395,0.000488,-0.015137,1.004272
off,4377415,0.000366,-0.014893,1.004272
off,4377435,0.000610,-0.014160,1.004517
off,4377455,0.000366,-0.015015,1.003418
off,4377475,0.000488,-0.014893,1.003418
off,4377495,0.000610,-0.015015,1.004028
off,4377515,0.001099,-0.014893,1.004639
off,4377535,0.000854,-0.014771,1.003662
off,4377555,0.000000,-0.014648,1.003784
off,4377575,0.000488,-0.014648,1.004639
off,4377595,0.000488,-0.014648,1.005005
off,4377615,0.000488,-0.015747,1.004761
off,4377635,0.000122,-0.014893,1.004395
off,4377655,0.000366,-0.014771,1.004395
off,4377675,0.000366,-0.014526,1.003662
off,4377695,0.000122,-0.014893,1.004639
off,4377715,0.000488,-0.014526,1.003662
off,4377735,0.000854,-0.015381,1.004517
off,4377755,0.000610,-0.014404,1.004517
off,4377775,0.000488,-0.015259,1.004150
off,4377795,0.000732,-0.013672,1.003662
off,4377815,0.000122,-0.015259,1.004272
off,4377835,0.000854,-0.015137,1.004395
off,4377855,0.000244,-0.015015,1.004272
off,4377875,0.000732,-0.014404,1.004272
off,4377895,0.000366,-0.015015,1.004639
off,4377915,0.000366,-0.014282,1.003906
off,4377935,0.000488,-0.014648,1.004395
off,4377955,0.001099,-0.015625,1.003906
off,4377975,0.000366,-0.015015,1.004395
off,4377995,0.000488,-0.015015,1.005493
off,4378015,-0.000122,-0.014160,1.004639
off,4378035,0.000000,-0.015015,1.004639
off,4378055,0.000977,-0.015259,1.004028
off,4378075,0.000488,-0.015259,1.004028
off,4378095,0.000244,-0.015137,1.003906
off,4378115,0.001099,-0.015137,1.004761
off,4378135,0.000000,-0.014282,1.004639
off,4378155,0.000732,-0.014160,1.003784
off,4378175,0.000977,-0.015015,1.002930
off,4378195,0.001099,-0.015381,1.003174
off,4378215,0.000122,-0.014893,1.004761
off,4378235,0.000610,-0.014771,1.004272
off,4378255,0.000488,-0.015625,1.004639
off,4378275,0.000244,-0.014893,1.004150
off,4378295,0.000977,-0.014160,1.003052
off,4378315,0.000244,-0.015137,1.004395
off,4378335,0.000977,-0.015259,1.004028
off,4378355,0.000244,-0.015503,1.004272
off,4378375,0.000854,-0.014893,1.004272
off,4378395,0.000732,-0.015381,1.004761
off,4378415,0.000610,-0.014771,1.004883
off,4378435,0.000732,-0.014526,1.004517
off,4378455,0.000732,-0.015015,1.004517
off,4378475,0.000854,-0.014526,1.004272
off,4378495,0.000977,-0.014893,1.004395
off,4378515,0.001099,-0.014282,1.004028
off,4378535,0.000244,-0.015381,1.004150
off,4378555,0.000244,-0.014526,1.004028
off,4378575,0.000854,-0.014648,1.003662
off,4378595,0.000488,-0.014160,1.004395
off,4378615,0.000732,-0.015259,1.003906
off,4378635,0.000488,-0.014771,1.004395
off,4378655,0.000732,-0.015015,1.004272
off,4378675,0.000732,-0.015015,1.004517
off,4378695,0.000244,-0.014893,1.003784
off,4378715,0.000366,-0.013672,1.004761
off,4378735,0.000610,-0.014771,1.004272
off,4378755,0.000488,-0.014282,1.003540
off,4378775,0.000977,-0.014648,1.004272
off,4378795,0.000122,-0.014893,1.003052
off,4378815,0.001343,-0.014771,1.004517
off,4378835,0.000488,-0.014648,1.004272
off,4378855,0.000610,-0.014160,1.004395
off,4378875,0.000122,-0.015259,1.003662
off,4378895,0.000488,-0.014648,1.004517
off,4378915,0.000244,-0.014160,1.004028
off,4378935,0.000122,-0.015015,1.005005
off,4378955,0.000977,-0.014282,1.004761
off,4378975,0.000122,-0.015625,1.004639
off,4378995,0.000610,-0.014160,1.004883
off,4379015,0.000610,-0.014771,1.003906
off,4379035,0.000732,-0.015015,1.003418
off,4379055,0.000977,-0.015625,1.005005
off,4379075,0.000122,-0.015015,1.003296
off,4379095,0.000244,-0.014771,1.004639
off,4379115,0.000977,-0.015015,1.004883
off,4379135,0.000488,-0.014648,1.004272
off,4379155,0.000732,-0.014648,1.003784
off,4379175,0.001465,-0.015137,1.004028
off,4379195,0.000122,-0.015137,1.004272
off,4379215,0.001099,-0.014648,1.004517
off,4379235,0.000610,-0.014648,1.004150
off,4379255,0.000244,-0.015015,1.004150
off,4379275,0.000977,-0.015015,1.005737
off,4379295,0.000244,-0.014526,1.004272
off,4379315,0.000366,-0.014893,1.003540
off,4379335,0.000122,-0.015137,1.004395
off,4379355,0.000366,-0.014038,1.004639
off,4379375,0.000488,-0.014771,1.003784
off,4379395,0.000610,-0.014648,1.003784
off,4379415,0.000732,-0.014038,1.005005
off,4379435,0.000977,-0.015747,1.005127
off,4379455,0.000244,-0.014404,1.003418
off,4379475,0.000122,-0.014526,1.003906
off,4379495,0.000366,-0.014282,1.004395
off,4379515,0.000122,-0.014648,1.005127
off,4379535,0.000122,-0.014648,1.004883
off,4379555,0.000122,-0.015259,1.003784
off,4379575,0.000488,-0.014404,1.003906
off,4379595,0.000366,-0.014893,1.002686
off,4379615,0.000244,-0.014648,1.003296
off,4379635,0.000244,-0.014771,1.004517
off,4379655,0.000366,-0.015015,1.004272
off,4379675,0.000366,-0.014038,1.004272
off,4379695,0.000244,-0.014893,1.003906
off,4379715,0.000488,-0.013916,1.003540
off,4379735,0.000122,-0.014893,1.004272
off,4379755,0.000366,-0.014526,1.004028
off,4379775,0.000488,-0.014893,1.003418
off,4379795,0.001221,-0.014648,1.005005
off,4379815,0.000366,-0.014893,1.003418
off,4379835,0.000610,-0.015015,1.003906
off,4379855,0.001221,-0.015137,1.004150
off,4379875,0.000732,-0.014771,1.003540
off,4379895,0.000610,-0.015259,1.004761
off,4379915,0.000366,-0.014404,1.004272
off,4379935,0.000732,-0.014160,1.004761
off,4379955,0.000122,-0.014404,1.004028
off,4379975,0.000854,-0.014771,1.004272
off,4379995,0.000366,-0.014526,1.003906
off,4380015,0.000610,-0.015015,1.004517
off,4380035,0.000977,-0.015503,1.004395
off,4380055,0.000366,-0.013672,1.003662
off,4380075,0.000366,-0.014771,1.004517
off,4380095,0.000488,-0.015015,1.004395
off,4380115,0.000366,-0.014282,1.003540
off,4380135,0.000488,-0.014771,1.003784
off,4380155,0.000977,-0.014404,1.002686
off,4380175,0.000366,-0.013916,1.003784
off,4380195,0.000732,-0.015259,1.003174
off,4380215,0.000366,-0.015015,1.003662
off,4380235,0.000122,-0.014404,1.004517
off,4380255,0.000854,-0.014893,1.004150
off,4380275,0.000610,-0.014404,1.004272
off,4380295,0.000366,-0.014160,1.003052
off,4380315,0.000000,-0.014648,1.004395
off,4380335,0.000366,-0.014404,1.003174
off,4380355,0.000122,-0.015015,1.004272
off,4380375,0.000366,-0.014648,1.004761
off,4380395,0.001099,-0.015259,1.004272
off,4380415,0.000244,-0.015015,1.003662
off,4380435,0.000854,-0.014404,1.003662
off,4380455,0.000366,-0.014771,1.003784
off,4380475,0.001099,-0.015015,1.004639
off,4380495,0.000977,-0.014526,1.003540
off,4380515,0.000732,-0.014526,1.003540
off,4380535,0.000244,-0.015869,1.004272
off,4380555,0.000366,-0.014526,1.003540
off,4380575,0.000488,-0.014771,1.004761
off,4380595,0.000732,-0.014893,1.004395
off,4380615,0.001099,-0.014893,1.004883
off,4380635,0.000610,-0.014771,1.004395
off,4380655,0.000366,-0.014038,1.004761
off,4380675,0.000000,-0.014771,1.003540
off,4380695,0.000366,-0.015015,1.004272
off,4380715,0.001221,-0.014648,1.004395
off,4380735,0.000610,-0.015137,1.004272
off,4380755,0.000610,-0.015137,1.003784
off,4380775,0.000610,-0.014771,1.003540
off,4380795,0.000244,-0.014404,1.003784
off,4380815,0.001221,-0.014893,1.004272
off,4380835,0.000488,-0.015503,1.004150
off,4380855,0.001953,-0.014893,1.003906
off,4380875,0.000366,-0.014038,1.003296
off,4380895,0.000610,-0.014282,1.005249
off,4380915,0.000610,-0.015259,1.004028
off,4380935,0.000244,-0.014526,1.002686
off,4380955,0.000610,-0.014893,1.003906
off,4380975,0.000244,-0.014160,1.004395
off,4380995,0.000244,-0.015747,1.004272
off,4381015,0.000244,-0.014893,1.004883
off,4381035,0.000732,-0.014648,1.004639
off,4381055,0.000122,-0.015625,1.004150
off,4381075,0.000610,-0.014771,1.003174
off,4381095,0.000610,-0.015015,1.004028
off,4381115,0.000244,-0.014160,1.004272
off,4381135,0.001221,-0.014771,1.004761
off,4381155,0.000122,-0.014526,1.003784
off,4381175,0.000366,-0.015137,1.004150
off,4381195,0.001343,-0.015259,1.002563
off,4381215,0.000732,-0.013916,1.003784
off,4381235,0.000610,-0.014893,1.004883
off,4381255,0.000244,-0.015015,1.004395
off,4381275,0.000488,-0.015381,1.004150
off,4381295,0.000244,-0.015259,1.003906
off,4381315,0.000732,-0.015259,1.003906
off,4381335,0.000122,-0.015015,1.004272
off,4381355,0.000244,-0.014526,1.004883
off,4381375,0.000732,-0.014771,1.003540
off,4381395,0.000366,-0.014404,1.003906
off,4381415,0.000488,-0.014893,1.004150
off,4381435,0.000366,-0.015747,1.003540
off,4381455,0.000122,-0.014404,1.004272
off,4381475,0.000488,-0.014893,1.004272
off,4381495,0.000732,-0.014893,1.004150
off,4381515,0.000488,-0.014893,1.004028
off,4381535,0.000366,-0.015137,1.005249
off,4381555,0.000366,-0.015015,1.003662
off,4381575,0.000854,-0.014648,1.004150
off,4381595,0.000366,-0.015625,1.003906
off,4381615,0.000366,-0.013550,1.004272
off,4381635,0.000488,-0.014648,1.004272
off,4381655,0.000854,-0.013794,1.003418
off,4381675,0.000977,-0.014526,1.003052
off,4381695,0.000610,-0.013794,1.004150
off,4381715,0.000610,-0.015015,1.003418
off,4381735,0.000122,-0.015015,1.004272
off,4381755,0.000244,-0.014404,1.004517
off,4381775,0.000977,-0.015015,1.005005
off,4381795,0.000366,-0.014771,1.004028
off,4381815,0.000732,-0.015259,1.004517
off,4381835,0.000244,-0.014038,1.003418
off,4381855,0.000244,-0.015259,1.004150
off,4381875,0.000000,-0.015137,1.004395
off,4381895,0.000366,-0.015259,1.004028
off,4381915,0.000488,-0.014282,1.003906
off,4381935,0.000977,-0.014404,1.004517
off,4381955,0.000244,-0.014771,1.003906
off,4381975,0.000122,-0.015137,1.003906
off,4381995,0.000854,-0.015625,1.004150
off,4382015,0.000366,-0.014771,1.003418
off,4382035,0.000610,-0.014526,1.004395
off,4382055,0.000977,-0.015259,1.004883
off,4382075,0.000122,-0.014893,1.004272
off,4382095,0.000854,-0.014893,1.003540
off,4382115,0.000732,-0.014893,1.003906
off,4382135,0.000366,-0.014282,1.004272
off,4382155,0.000488,-0.014404,1.003906
off,4382175,0.000854,-0.014648,1.003906
off,4382195,0.000122,-0.014771,1.004150
off,4382215,0.000610,-0.014282,1.004150
off,4382235,0.000488,-0.015015,1.004028
off,4382255,0.000488,-0.014648,1.004150
off,4382275,0.000488,-0.015503,1.004639
off,4382295,0.000244,-0.014771,1.003784
off,4382315,0.001343,-0.015015,1.004150
off,4382335,-0.000122,-0.014526,1.003296
off,4382355,0.000366,-0.014404,1.003784
off,4382375,0.001221,-0.014771,1.003540
off,4382395,0.000854,-0.015015,1.003540
off,4382415,0.000366,-0.014893,1.004272
off,4382435,0.000488,-0.014648,1.004395
off,4382455,0.000366,-0.015503,1.003540
off,4382475,0.000732,-0.014893,1.003906
off,4382495,0.001221,-0.015625,1.003662
off,4382515,0.000732,-0.014526,1.004639
off,4382535,0.000366,-0.014526,1.003906
off,4382555,0.000732,-0.015137,1.004150
off,4382575,0.000488,-0.015137,1.003174
off,4382595,0.001343,-0.015625,1.002319
off,4382615,0.000366,-0.015015,1.003296
off,4382635,0.000244,-0.014526,1.004150
off,4382655,0.000488,-0.014893,1.005005
off,4382675,0.000977,-0.014038,1.002930
off,4382695,0.000488,-0.015137,1.004395
off,4382715,0.000244,-0.014771,1.003540
off,4382735,0.000488,-0.014893,1.003662
off,4382755,0.000366,-0.014893,1.004272
off,4382775,0.000610,-0.015259,1.004272
off,4382795,0.000122,-0.014893,1.003418
off,4382815,0.000000,-0.015015,1.003174
off,4382835,0.000854,-0.014282,1.004028
off,4382855,-0.000122,-0.015625,1.003052
off,4382875,0.001099,-0.014771,1.002808
off,4382895,0.000244,-0.014404,1.003662
off,4382915,0.000122,-0.015015,1.003052
off,4382935,0.000366,-0.015137,1.004150
off,4382955,0.000610,-0.014404,1.003174
off,4382975,0.000610,-0.014771,1.003540
off,4382995,0.000854,-0.014648,1.002686
off,4383015,0.000977,-0.015015,1.002563
off,4383035,0.000366,-0.015625,1.003174
off,4383055,0.000366,-0.014771,1.003540
off,4383075,0.000610,-0.014526,1.003662
off,4383095,0.001587,-0.015137,1.004150
off,4383115,0.000610,-0.015015,1.003906
off,4383135,0.001221,-0.015015,1.004761
off,4383155,0.000000,-0.014648,1.003174
off,4383175,0.001099,-0.014526,1.003784
off,4383195,0.000732,-0.014771,1.003052
off,4383215,0.000244,-0.014771,1.003906
off,4383235,0.000488,-0.014893,1.003296
off,4383255,0.001343,-0.014771,1.003540
off,4383275,0.000366,-0.015015,1.003418
off,4383295,0.000977,-0.014526,1.003784
off,4383315,0.000610,-0.014893,1.003296
off,4383335,0.000488,-0.014648,1.003540
off,4383355,0.001953,-0.015015,1.003052
off,4383375,0.000366,-0.014404,1.002563
off,4383395,0.000977,-0.015259,1.003906
off,4383415,0.000122,-0.015015,1.004272
off,4383435,0.000732,-0.014526,1.005005
off,4383455,0.000488,-0.015015,1.003662
off,4383475,0.000244,-0.015015,1.003906
off,4383495,0.000854,-0.015137,1.004272
off,4383515,0.000244,-0.015015,1.003540
off,4383535,0.001099,-0.014160,1.003540
off,4383555,0.000000,-0.015259,1.004639
off,4383575,0.000610,-0.013916,1.004517
off,4383595,-0.000122,-0.014771,1.003784
off,4383615,0.000366,-0.015503,1.003418
off,4383635,0.000610,-0.015381,1.004395
off,4383655,0.000366,-0.015015,1.004028
off,4383675,0.000366,-0.015259,1.003906
off,4383695,0.000610,-0.013672,1.003540
off,4383715,0.001099,-0.015259,1.004517
off,4383735,0.000366,-0.014648,1.003540
off,4383755,0.000854,-0.014160,1.003174
off,4383775,0.000366,-0.015381,1.004028
off,4383795,0.000366,-0.015015,1.003784
off,4383815,0.000854,-0.015381,1.004028
off,4383835,-0.000122,-0.014771,1.004395
off,4383855,0.000488,-0.014282,1.004639
off,4383875,0.000366,-0.014282,1.003906
off,4383895,0.000366,-0.015381,1.004028
off,4383915,0.000854,-0.014160,1.004272
off,4383935,0.000977,-0.014771,1.003418
off,4383955,0.000244,-0.015015,1.004395
off,4383975,0.000244,-0.014404,1.003784
off,4383995,0.000977,-0.014893,1.004028
off,4384015,0.000977,-0.014526,1.005005
off,4384035,0.000977,-0.014404,1.003784
off,4384055,0.000732,-0.015015,1.004395
off,4384075,0.000732,-0.014282,1.003906
off,4384095,0.000732,-0.015015,1.003418
off,4384115,-0.000122,-0.014648,1.002808
off,4384135,0.000977,-0.014526,1.004272
off,4384155,0.000366,-0.014893,1.003540
off,4384175,0.000610,-0.014648,1.003540
off,4384195,0.000488,-0.015137,1.004517
off,4384215,0.000000,-0.014404,1.003540
off,4384235,0.000977,-0.015259,1.004150
off,4384255,0.001221,-0.015015,1.003784
off,4384275,0.000366,-0.014404,1.003906
off,4384295,0.000122,-0.014526,1.003906
off,4384315,0.000610,-0.014648,1.004517
off,4384335,0.000122,-0.014771,1.002930
off,4384355,0.000366,-0.014160,1.003174
off,4384375,0.000244,-0.014893,1.004639
off,4384395,0.000610,-0.015015,1.003906
off,4384415,0.000610,-0.014282,1.004395
off,4384435,0.000977,-0.015137,1.003784
off,4384455,0.000488,-0.015015,1.004639
off,4384475,0.001099,-0.014648,1.002197
off,4384495,0.000366,-0.014526,1.003174
off,4384515,-0.000366,-0.015137,1.004028
off,4384535,0.000488,-0.014893,1.003784
off,4384555,0.000977,-0.014648,1.003662
off,4384575,0.000122,-0.014648,1.003174
off,4384595,0.000244,-0.015137,1.004150
off,4384615,0.000366,-0.014893,1.003052
off,4384635,0.000000,-0.014771,1.003784
off,4384655,0.000000,-0.015381,1.004028
off,4384675,0.000366,-0.015259,1.003540
off,4384695,0.000977,-0.014282,1.003540
off,4384715,0.000610,-0.014893,1.004028
off,4384735,0.001099,-0.015381,1.003784
off,4384755,0.000854,-0.014648,1.003784
off,4384775,0.000366,-0.015137,1.003784
off,4384795,0.000366,-0.015259,1.004272
off,4384815,0.000977,-0.015503,1.004028
off,4384835,0.000366,-0.014893,1.004395
off,4384855,0.001099,-0.014771,1.003296
off,4384875,0.001099,-0.015015,1.003906
off,4384895,0.000366,-0.014648,1.003174
off,4384915,0.000610,-0.014771,1.003906
off,4384935,0.000000,-0.014648,1.003540
off,4384955,0.000732,-0.014771,1.003662
off,4384975,0.000610,-0.014893,1.002441
off,4384995,0.000366,-0.014771,1.003296
off,4385015,0.000000,-0.014404,1.003906
off,4385035,0.000732,-0.014893,1.003906
off,4385055,0.000610,-0.015015,1.003784
off,4385075,0.000732,-0.014648,1.004028
off,4385095,0.000488,-0.015137,1.003906
off,4385115,0.000488,-0.013794,1.003296
off,4385135,0.000244,-0.015503,1.004272
off,4385155,0.000366,-0.014282,1.005005
off,4385175,0.000854,-0.014893,1.004517
off,4385195,0.000122,-0.015259,1.004028
off,4385215,0.000610,-0.015259,1.004150
off,4385235,0.000366,-0.014160,1.003784
off,4385255,0.000732,-0.014282,1.004028
off,4385275,-0.000122,-0.015259,1.003662
off,4385295,0.000732,-0.014282,1.003784
off,4385315,0.000488,-0.014648,1.004883
off,4385335,0.000854,-0.015259,1.004639
off,4385355,0.000854,-0.014771,1.003906
off,4385375,0.000732,-0.014771,1.004395
off,4385395,0.001221,-0.015015,1.003906
off,4385415,0.000244,-0.015015,1.003784
off,4385435,-0.000122,-0.015381,1.003540
off,4385455,0.000854,-0.015259,1.005127
off,4385475,0.000854,-0.015015,1.003418
off,4385495,0.000977,-0.015015,1.004028
off,4385515,0.000854,-0.014893,1.004272
off,4385535,0.000366,-0.015015,1.004761
off,4385555,0.000366,-0.015381,1.003784
off,4385575,0.000122,-0.015259,1.004395
off,4385595,0.000366,-0.015137,1.003784
off,4385615,0.000854,-0.014648,1.003174
off,4385635,0.000854,-0.014893,1.003052
off,4385655,0.001221,-0.015015,1.004517
off,4385675,0.000854,-0.014893,1.004028
off,4385695,0.000488,-0.015015,1.004395
off,4385715,0.000244,-0.015015,1.004272
off,4385735,0.000366,-0.015259,1.003418
off,4385755,0.000732,-0.014404,1.004272
off,4385775,0.000122,-0.014404,1.003540
off,4385795,0.000122,-0.015137,1.003540
off,4385815,0.000366,-0.014893,1.004028
off,4385835,0.000977,-0.014282,1.003784
off,4385855,0.001221,-0.015015,1.004639
off,4385875,0.000488,-0.014771,1.004028
off,4385895,0.000244,-0.014893,1.004150
off,4385915,0.000977,-0.014771,1.003296
off,4385935,0.001343,-0.014404,1.002686
off,4385955,0.000610,-0.014893,1.004028
off,4385975,0.000610,-0.014771,1.003662
off,4385995,0.000610,-0.014648,1.004028
off,4386015,0.000366,-0.015137,1.004883
off,4386035,0.000977,-0.014282,1.004028
off,4386055,0.000366,-0.015137,1.004028
off,4386075,0.000854,-0.015137,1.004028
off,4386095,0.000122,-0.015625,1.003784
off,4386115,0.000244,-0.015015,1.003296
off,4386135,0.000366,-0.015625,1.003784
off,4386155,0.000244,-0.014526,1.003418
off,4386175,0.000488,-0.015625,1.004272
off,4386195,0.000244,-0.014771,1.003906
off,4386215,0.000610,-0.013916,1.003906
off,4386235,0.000244,-0.014404,1.003174
off,4386255,0.000366,-0.015747,1.004150
off,4386275,0.000122,-0.014648,1.003784
off,4386295,0.000854,-0.015015,1.003662
off,4386315,0.000610,-0.014404,1.004395
off,4386335,0.000854,-0.014771,1.002686
off,4386355,0.000732,-0.015259,1.004517
off,4386375,0.000977,-0.015259,1.003296
off,4386395,0.000732,-0.014526,1.003784
off,4386415,0.000122,-0.014526,1.004150
off,4386435,0.000244,-0.015381,1.004150
off,4386455,0.000610,-0.014771,1.005249
off,4386475,0.000488,-0.015259,1.004028
off,4386495,0.001099,-0.014893,1.004517
off,4386515,0.000610,-0.014282,1.004150
off,4386535,0.000366,-0.014648,1.004272
off,4386555,0.000244,-0.014771,1.004272
off,4386575,0.000488,-0.014160,1.003418
off,4386595,0.000610,-0.015015,1.003906
off,4386615,0.000488,-0.015503,1.003662
off,4386635,0.000244,-0.015991,1.003296
off,4386655,-0.000122,-0.014893,1.003052
off,4386675,0.000732,-0.014893,1.004028
off,4386695,0.000732,-0.014526,1.004150
off,4386715,0.000488,-0.015137,1.003906
off,4386735,0.000122,-0.015381,1.004639
off,4386755,0.000244,-0.014648,1.004272
off,4386775,0.001099,-0.014893,1.003418
off,4386795,0.000366,-0.015137,1.004883
off,4386815,0.000122,-0.014771,1.004517
off,4386835,0.000122,-0.014771,1.004150
off,4386855,0.000488,-0.014526,1.003784
off,4386875,0.000244,-0.014648,1.003784
off,4386895,0.000244,-0.015015,1.004028
off,4386915,0.000732,-0.014771,1.004761
off,4386935,0.000366,-0.014282,1.003296
off,4386955,0.001099,-0.014404,1.004150
off,4386975,0.000244,-0.014893,1.003296
off,4386995,0.001343,-0.014771,1.004761
off,4387015,0.000244,-0.014771,1.004761
off,4387035,0.000732,-0.015137,1.003906
off,4387055,0.000732,-0.015015,1.004028
off,4387075,0.000366,-0.014648,1.003784
off,4387095,0.000244,-0.014282,1.004150
off,4387115,0.000610,-0.014526,1.004395
off,4387135,0.000122,-0.014404,1.003906
off,4387155,0.000122,-0.014160,1.003784
off,4387175,0.000610,-0.014404,1.004517
off,4387195,0.000977,-0.015381,1.004028
off,4387215,0.000366,-0.014771,1.004761
off,4387235,0.000366,-0.014771,1.004639
off,4387255,0.000854,-0.014038,1.004395
off,4387275,0.000122,-0.015137,1.004639
off,4387295,0.000244,-0.015259,1.003540
off,4387315,0.000366,-0.014893,1.003784
off,4387335,0.001221,-0.014648,1.002563
off,4387355,0.000488,-0.014893,1.004028
off,4387375,0.000977,-0.015381,1.004395
off,4387395,0.000122,-0.015259,1.004639
off,4387415,0.000244,-0.014404,1.004395
off,4387435,0.000610,-0.015137,1.004761
off,4387455,0.000610,-0.015015,1.004272
off,4387475,0.001221,-0.014526,1.004517
off,4387495,0.000488,-0.015381,1.004028
off,4387515,0.000244,-0.014160,1.004272
off,4387535,0.001465,-0.013794,1.004150
off,4387555,0.000366,-0.014648,1.004761
off,4387575,0.000488,-0.014282,1.004395
off,4387595,0.000244,-0.014893,1.004272
off,4387615,0.000610,-0.015381,1.003662
off,4387635,0.000488,-0.014771,1.004395
off,4387655,0.000488,-0.014160,1.004395
off,4387675,0.000366,-0.015137,1.004639
off,4387695,-0.000122,-0.015259,1.004150
off,4387715,0.001465,-0.015015,1.004150
off,4387735,0.000244,-0.014282,1.003662
off,4387755,0.000977,-0.014038,1.004150
off,4387775,0.001343,-0.015137,1.004517
off,4387795,0.000732,-0.014771,1.004883
off,4387815,0.000854,-0.014648,1.004639
off,4387835,0.000488,-0.014893,1.003784
off,4387855,0.000122,-0.014771,1.003906
off,4387875,0.000610,-0.014893,1.004272
off,4387895,0.000488,-0.014648,1.004395
off,4387915,0.000366,-0.015625,1.004272
off,4387935,0.000854,-0.015015,1.003662
off,4387955,0.000000,-0.014404,1.004517
off,4387975,0.000977,-0.014404,1.004639
off,4387995,0.000122,-0.014648,1.002441
off,4388015,0.000854,-0.014648,1.003540
off,4388035,0.000610,-0.014648,1.004272
off,4388055,0.000732,-0.014648,1.005005
off,4388075,0.000488,-0.014648,1.004517
off,4388095,0.000977,-0.014282,1.004395
off,4388115,0.000610,-0.014526,1.004272
off,4388135,0.000610,-0.015137,1.004028
off,4388155,0.000244,-0.014893,1.003784
off,4388175,0.000244,-0.014526,1.004883
off,4388195,0.000488,-0.014526,1.004272
off,4388215,0.000977,-0.015625,1.003662
off,4388235,0.000854,-0.014893,1.003052
off,4388255,0.000732,-0.014404,1.003540
off,4388275,0.001221,-0.015015,1.004028
off,4388295,0.000244,-0.015259,1.004150
off,4388315,0.000488,-0.014893,1.003174
off,4388335,0.000610,-0.015015,1.004517
off,4388355,0.000610,-0.014160,1.004395
off,4388375,0.000488,-0.015259,1.004272
off,4388395,0.000610,-0.014771,1.003296
off,4388415,0.000488,-0.014893,1.005127
off,4388435,0.000977,-0.014893,1.003784
off,4388455,0.000854,-0.014038,1.003784
off,4388475,0.000244,-0.015137,1.004150
off,4388495,0.000732,-0.014893,1.003784
off,4388515,0.000366,-0.015015,1.003784
off,4388535,0.000366,-0.014282,1.004150
off,4388555,0.000122,-0.014648,1.004639
off,4388575,0.000122,-0.014771,1.004517
off,4388595,0.000122,-0.014771,1.003052
off,4388615,0.000244,-0.015503,1.003662
off,4388635,0.000854,-0.015015,1.003418
off,4388655,0.000244,-0.014771,1.004639
off,4388675,0.000366,-0.015015,1.004761
off,4388695,0.000488,-0.015015,1.005005
off,4388715,0.000732,-0.014771,1.003540
off,4388735,0.000122,-0.014526,1.003174
off,4388755,0.000610,-0.015015,1.004272
off,4388775,0.000244,-0.014648,1.004639
off,4388795,0.001099,-0.015381,1.004272
off,4388815,0.000366,-0.014648,1.003906
off,4388835,0.000488,-0.015625,1.004395
off,4388855,0.000854,-0.014404,1.003906
off,4388875,0.000244,-0.014893,1.004639
off,4388895,0.000854,-0.014893,1.004028
off,4388915,0.000000,-0.014648,1.003052
off,4388935,0.000854,-0.015259,1.003906
off,4388955,0.000854,-0.013916,1.002930
off,4388975,0.000854,-0.014893,1.003784
off,4388995,0.000244,-0.014771,1.004028
off,4389015,0.000488,-0.015503,1.003052
off,4389035,0.000732,-0.014648,1.004028
off,4389055,0.000488,-0.015381,1.003052
off,4389075,0.001343,-0.014648,1.004272
off,4389095,0.000122,-0.014893,1.003418
off,4389115,0.000610,-0.015991,1.003418
off,4389135,0.000610,-0.015503,1.004150
off,4389155,0.000366,-0.014648,1.003174
off,4389175,0.000488,-0.014893,1.003906
off,4389195,0.001221,-0.014404,1.004395
off,4389215,0.000488,-0.014038,1.002441
off,4389235,0.000854,-0.014893,1.004517
off,4389255,0.000244,-0.014404,1.004639
off,4389275,0.001099,-0.014404,1.003540
off,4389295,0.000732,-0.014404,1.004150
off,4389315,0.000488,-0.014648,1.003296
off,4389335,0.000488,-0.015137,1.003174
off,4389355,0.000244,-0.015381,1.004517
off,4389375,0.001099,-0.015503,1.002686
off,4389395,0.000366,-0.014160,1.003784
off,4389415,0.000000,-0.014160,1.004639
off,4389435,0.000000,-0.015259,1.004272
off,4389455,0.000854,-0.014404,1.004272
off,4389475,0.000122,-0.015991,1.003662
off,4389495,0.000244,-0.014526,1.003784
off,4389515,0.000122,-0.015015,1.003662
off,4389535,0.000854,-0.014893,1.004150
off,4389555,0.000122,-0.015015,1.004150
off,4389575,0.000488,-0.015015,1.003784
off,4389595,0.000732,-0.014648,1.004395
off,4389615,0.000244,-0.014648,1.004028
off,4389635,0.000854,-0.015381,1.003784
off,4389655,0.000366,-0.015381,1.003418
off,4389675,0.000488,-0.015015,1.004395
off,4389695,0.000488,-0.013916,1.004517
off,4389715,0.000366,-0.015137,1.004272
off,4389735,0.000122,-0.015015,1.004272
off,4389755,0.000122,-0.015259,1.003906
off,4389775,0.000366,-0.014404,1.004028
off,4389795,0.000732,-0.014038,1.004639
off,4389815,0.000610,-0.014893,1.003418
off,4389835,0.000610,-0.014771,1.004272
off,4389855,0.000977,-0.014648,1.004517
off,4389875,0.000122,-0.014893,1.002930
off,4389895,0.001099,-0.015015,1.004028
off,4389915,0.000244,-0.014404,1.004150
off,4389935,0.000610,-0.014526,1.003174
off,4389955,0.000244,-0.014526,1.003174
off,4389975,0.001343,-0.015015,1.004517
off,4389995,0.000488,-0.014893,1.003906
off,4390015,0.000854,-0.014893,1.003540
off,4390035,0.000366,-0.014282,1.003540
off,4390055,0.000488,-0.015503,1.003784
off,4390075,0.000610,-0.014893,1.004028
off,4390095,-0.000366,-0.014526,1.003662
off,4390115,0.000366,-0.015381,1.004517
off,4390135,0.000610,-0.015137,1.004150
off,4390155,0.000610,-0.014038,1.004517
off,4390175,0.000244,-0.014648,1.003662
off,4390195,0.000244,-0.015991,1.004639
off,4390215,0.000610,-0.015137,1.003662
off,4390235,0.000610,-0.014282,1.003662
off,4390255,0.000366,-0.014771,1.004028
off,4390275,0.000244,-0.015015,1.004272
off,4390295,0.000610,-0.015015,1.003784
off,4390315,0.000488,-0.014404,1.003296
off,4390335,0.000610,-0.016113,1.003540
off,4390355,0.001465,-0.014648,1.004517
off,4390375,0.000366,-0.014893,1.004761
off,4390395,0.000488,-0.014526,1.002930
off,4390415,0.000366,-0.015991,1.003418
off,4390435,0.000854,-0.015015,1.003540
off,4390455,0.000488,-0.014771,1.003418
off,4390475,0.000244,-0.014526,1.004639
off,4390495,0.000000,-0.015381,1.004150
off,4390515,0.000244,-0.014648,1.002808
off,4390535,0.000366,-0.014771,1.004272
off,4390555,0.000244,-0.014526,1.004272
off,4390575,0.000977,-0.015625,1.003906
off,4390595,0.000122,-0.014404,1.003540
off,4390615,0.000122,-0.014893,1.002686
off,4390635,0.000732,-0.015015,1.004028
off,4390655,0.000977,-0.014282,1.004150
off,4390675,0.000854,-0.014771,1.004028
off,4390695,0.000122,-0.014771,1.004395
off,4390715,-0.000122,-0.014404,1.004028
off,4390735,0.001465,-0.014771,1.003662
off,4390755,0.000610,-0.014404,1.004150
off,4390775,0.000366,-0.014038,1.004517
off,4390795,0.000488,-0.014648,1.004272
off,4390815,0.000122,-0.014771,1.003784
off,4390835,0.000732,-0.015015,1.003662
off,4390855,0.000244,-0.014282,1.004150
off,4390875,0.000122,-0.013672,1.003418
off,4390895,0.000122,-0.014526,1.003662
off,4390915,0.000610,-0.015503,1.004395
off,4390935,0.000122,-0.014771,1.004272
off,4390955,0.000732,-0.014404,1.003418
off,4390975,0.000000,-0.014404,1.003174
off,4390995,0.000488,-0.014526,1.003540
off,4391015,0.000366,-0.015137,1.004639
off,4391035,0.000122,-0.014771,1.004272
off,4391055,0.000366,-0.014038,1.004028
off,4391075,0.000244,-0.015015,1.004028
